dataset,display_name,mod2_type,barcode,spatial_x,spatial_y,domain,graph_rna_spatial,graph_rna_feature,graph_mod2_spatial,graph_mod2_feature,modality_rna,modality_mod2,path_attention,path_nonlinear
Mouse_Brain_E18_MISAR,Mouse brain E18,atac,GACCTTGATCCTACCA-1,42.0,22.0,Cartilage-2,0.5663145780563354,0.43368545174598694,0.5721197724342346,0.42788025736808777,0.11977076530456543,0.8802291750907898,0.01020361203700304,0.9897964596748352
Mouse_Brain_E18_MISAR,Mouse brain E18,atac,ACCGCCAAGCTAACTT-1,46.0,48.0,Mesenchyme,0.4716764986515045,0.5283235311508179,0.5300086736679077,0.4699913561344147,0.07216347754001617,0.927836537361145,0.008904707618057728,0.9910953044891357
Mouse_Brain_E18_MISAR,Mouse brain E18,atac,GCGTTGGACTAAGAGA-1,28.0,20.0,Diencephalonand hindbrain,0.5197668671607971,0.48023316264152527,0.4512370824813843,0.5487629175186157,0.24119023978710175,0.7588096857070923,0.056258685886859894,0.9437413215637207
Mouse_Brain_E18_MISAR,Mouse brain E18,atac,TGAGTCTGCGACGCGA-1,23.0,39.0,DPallm,0.5035479664802551,0.4964519739151001,0.5714985132217407,0.4285014569759369,0.9240201711654663,0.07597984373569489,0.003467612899839878,0.9965323209762573
Mouse_Brain_E18_MISAR,Mouse brain E18,atac,TCGGCCTTCGACGCGA-1,39.0,39.0,Diencephalonand hindbrain,0.537195086479187,0.462804913520813,0.38932085037231445,0.6106792092323303,0.6518847346305847,0.34811529517173767,0.014245509169995785,0.9857544898986816
Mouse_Brain_E18_MISAR,Mouse brain E18,atac,TCTGATACGCCATTCT-1,9.0,17.0,DPallv,0.43680429458618164,0.5631956458091736,0.5950154662132263,0.4049845039844513,0.37423276901245117,0.6257672905921936,0.10919518768787384,0.8908047676086426
Mouse_Brain_E18_MISAR,Mouse brain E18,atac,ACTTAACCTGAGTCTG-1,44.0,28.0,Diencephalonand hindbrain,0.3790191113948822,0.6209809184074402,0.463905930519104,0.536094069480896,0.7359697222709656,0.26403021812438965,0.05104855075478554,0.9489514231681824
Mouse_Brain_E18_MISAR,Mouse brain E18,atac,ATCATATTGGTACTGC-1,15.0,15.0,Subpallium-1,0.353481650352478,0.646518349647522,0.4568588137626648,0.5431411862373352,0.1594071388244629,0.8405928611755371,0.024752192199230194,0.975247859954834
Mouse_Brain_E18_MISAR,Mouse brain E18,atac,TTATCCGGCAACCGCT-1,10.0,8.0,Cartilage-2,0.5300513505935669,0.4699486494064331,0.4255899488925934,0.574410080909729,0.43445655703544617,0.5655434727668762,0.0031670299358665943,0.9968330264091492
Mouse_Brain_E18_MISAR,Mouse brain E18,atac,TCCTACCAGCTAACTT-1,29.0,48.0,Diencephalonand hindbrain,0.5496766567230225,0.4503233730792999,0.5009241700172424,0.49907582998275757,0.4145686626434326,0.5854313373565674,0.0136556476354599,0.9863443374633789
Mouse_Brain_E18_MISAR,Mouse brain E18,atac,CTAAGAGAAGAACGTC-1,31.0,13.0,Mesenchyme,0.5208227038383484,0.479177325963974,0.6102542281150818,0.3897457420825958,0.45931312441825867,0.540686845779419,0.00663202116265893,0.9933679699897766
Mouse_Brain_E18_MISAR,Mouse brain E18,atac,TGCGGACCATAAGGAG-1,22.0,1.0,Cartilage-3,0.6290522813796997,0.3709477186203003,0.5518125295639038,0.4481875002384186,0.7981466054916382,0.20185337960720062,0.0025857833679765463,0.997414231300354
Mouse_Brain_E18_MISAR,Mouse brain E18,atac,ACTCAATAACTTAACC-1,30.0,7.0,Cartilage-1,0.5799503922462463,0.4200495481491089,0.6703243851661682,0.3296756148338318,0.2433706372976303,0.7566293478012085,0.0048820944502949715,0.9951179027557373
Mouse_Brain_E18_MISAR,Mouse brain E18,atac,GCTAACTTACTCAATA-1,3.0,21.0,DPallm,0.6769698262214661,0.3230302035808563,0.6144539713859558,0.3855460286140442,0.8778766393661499,0.12212332338094711,0.009975386783480644,0.9900245666503906
Mouse_Brain_E18_MISAR,Mouse brain E18,atac,TCGGCCTTGACCTTGA-1,39.0,9.0,Cartilage-3,0.553625226020813,0.4463748037815094,0.5502905249595642,0.4497095048427582,0.2671410143375397,0.7328590154647827,0.05961243808269501,0.9403876066207886
Mouse_Brain_E18_MISAR,Mouse brain E18,atac,TGCGGACCATCATATT-1,22.0,36.0,Mesenchyme,0.625244677066803,0.3747553527355194,0.4379706382751465,0.5620293021202087,0.6926995515823364,0.30730047821998596,0.014124304987490177,0.98587566614151
Mouse_Brain_E18_MISAR,Mouse brain E18,atac,CCGATTCCACTATGCA-1,47.0,38.0,Diencephalonand hindbrain,0.3934999704360962,0.6065000295639038,0.6455232501029968,0.35447677969932556,0.5993155837059021,0.4006844758987427,0.009354369714856148,0.9906456470489502
Mouse_Brain_E18_MISAR,Mouse brain E18,atac,TCCTACCATAGAATTA-1,29.0,16.0,Diencephalonand hindbrain,0.5036271810531616,0.496372789144516,0.6001108884811401,0.3998890817165375,0.4523247480392456,0.5476752519607544,0.014356672763824463,0.9856432676315308
Mouse_Brain_E18_MISAR,Mouse brain E18,atac,CTAAGAGACAACCGCT-1,31.0,8.0,Cartilage-1,0.5564659237861633,0.4435340464115143,0.5597494840621948,0.44025057554244995,0.196787491440773,0.8032124638557434,0.008110894821584225,0.9918891787528992
Mouse_Brain_E18_MISAR,Mouse brain E18,atac,TCCGGCCTTAGAGTAA-1,6.0,10.0,Cartilage-4,0.37322208285331726,0.6267779469490051,0.40286576747894287,0.5971342921257019,0.25345492362976074,0.746545135974884,0.0035219769924879074,0.9964780211448669
Mouse_Brain_E18_MISAR,Mouse brain E18,atac,ACCGCCAACATACTCC-1,46.0,47.0,Midbrain,0.386464923620224,0.6135351061820984,0.502403736114502,0.49759629368782043,0.08950810134410858,0.910491943359375,0.0119250463321805,0.9880749583244324
Mouse_Brain_E18_MISAR,Mouse brain E18,atac,AGAGCTATTAGATCTA-1,32.0,31.0,Diencephalonand hindbrain,0.6547784805297852,0.34522148966789246,0.5447858572006226,0.4552142024040222,0.8012098670005798,0.19879017770290375,0.007072908338159323,0.9929271340370178
Mouse_Brain_E18_MISAR,Mouse brain E18,atac,TCCTACCAGGTATGCT-1,29.0,49.0,Diencephalonand hindbrain,0.6491852402687073,0.35081472992897034,0.5340899229049683,0.46591007709503174,0.5678739547729492,0.43212607502937317,0.05374346673488617,0.9462565779685974
Mouse_Brain_E18_MISAR,Mouse brain E18,atac,GGTACTGCTTATTCAT-1,36.0,33.0,Diencephalonand hindbrain,0.5937022566795349,0.4062977433204651,0.4661223292350769,0.5338776707649231,0.7379326820373535,0.2620672583580017,0.015645917505025864,0.9843540191650391
Mouse_Brain_E18_MISAR,Mouse brain E18,atac,AATTAAGATCTGATAC-1,19.0,42.0,DPallv,0.4349226653575897,0.5650773048400879,0.6300745010375977,0.36992543935775757,0.9270228743553162,0.07297711074352264,0.007297086995095015,0.9927029609680176
Mouse_Brain_E18_MISAR,Mouse brain E18,atac,TGGTCAGCTCCTACCA-1,14.0,22.0,Subpallium-1,0.5060895681381226,0.49391037225723267,0.5674843788146973,0.43251562118530273,0.12159209698438644,0.8784078359603882,0.0544852688908577,0.9455147981643677
Mouse_Brain_E18_MISAR,Mouse brain E18,atac,ACTATGCAAAGAAGCT-1,13.0,44.0,Cartilage-2,0.658543050289154,0.34145697951316833,0.42356958985328674,0.5764304399490356,0.49832504987716675,0.5016749501228333,0.03550398722290993,0.9644960761070251
Mouse_Brain_E18_MISAR,Mouse brain E18,atac,TAGAATTATAGAATTA-1,35.0,16.0,Diencephalonand hindbrain,0.5165831446647644,0.4834168553352356,0.5552800297737122,0.44471991062164307,0.12461956590414047,0.8753804564476013,0.023652538657188416,0.9763475060462952
Mouse_Brain_E18_MISAR,Mouse brain E18,atac,TGAGTCTGGATCTTAC-1,23.0,24.0,Diencephalonand hindbrain,0.5735573768615723,0.42644259333610535,0.43517589569091797,0.564824104309082,0.3587597608566284,0.6412402391433716,0.01975223235785961,0.9802477955818176
Mouse_Brain_E18_MISAR,Mouse brain E18,atac,TCCTACCAAATTAAGA-1,29.0,32.0,Diencephalonand hindbrain,0.5126432180404663,0.4873567521572113,0.4817444682121277,0.5182555317878723,0.7638528943061829,0.23614713549613953,0.03852187097072601,0.9614781141281128
Mouse_Brain_E18_MISAR,Mouse brain E18,atac,CGACGCGAGCAGGTCC-1,12.0,11.0,DPallm,0.4624493718147278,0.5375505685806274,0.5439696311950684,0.45603036880493164,0.4829280376434326,0.5170720219612122,0.03852410987019539,0.9614759087562561
Mouse_Brain_E18_MISAR,Mouse brain E18,atac,TAGAATTACTGATGGT-1,35.0,25.0,Mesenchyme,0.5164404511451721,0.4835595488548279,0.48418810963630676,0.5158118605613708,0.6376339793205261,0.3623660206794739,0.0027000433765351772,0.9972999691963196
Mouse_Brain_E18_MISAR,Mouse brain E18,atac,CTAAGAGAACCGCCAA-1,31.0,5.0,Cartilage-3,0.6572165489196777,0.34278345108032227,0.585378885269165,0.41462117433547974,0.31875836849212646,0.6812416315078735,0.014095543883740902,0.9859043955802917
Mouse_Brain_E18_MISAR,Mouse brain E18,atac,TGCGGACCGCGTTGGA-1,22.0,23.0,Diencephalonand hindbrain,0.6763843894004822,0.32361558079719543,0.5673263072967529,0.4326736629009247,0.8059108257293701,0.19408920407295227,0.00500086834654212,0.9949991703033447
Mouse_Brain_E18_MISAR,Mouse brain E18,atac,ACCGCCAATTATCCGG-1,46.0,41.0,Diencephalonand hindbrain,0.4812336564064026,0.5187664031982422,0.6697640419006348,0.33023592829704285,0.4519733786582947,0.5480266809463501,0.038928911089897156,0.9610710740089417
Mouse_Brain_E18_MISAR,Mouse brain E18,atac,AACCTGCGGACCTTGA-1,1.0,9.0,Cartilage-3,0.625965416431427,0.3740345537662506,0.6920516490936279,0.30794835090637207,0.0861794650554657,0.9138205051422119,0.0007484201923944056,0.9992515444755554
Mouse_Brain_E18_MISAR,Mouse brain E18,atac,AGAGAAGGCCGATTCC-1,5.0,4.0,Cartilage-4,0.644634485244751,0.3553655445575714,0.4994816184043884,0.5005183815956116,0.5454068779945374,0.45459312200546265,0.0018057465786114335,0.9981942772865295
Mouse_Brain_E18_MISAR,Mouse brain E18,atac,CAACCGCTTGCCGGCA-1,43.0,34.0,Diencephalonand hindbrain,0.4576146602630615,0.5423853397369385,0.46531376242637634,0.534686267375946,0.8114132881164551,0.1885867565870285,0.008810617960989475,0.9911893606185913
Mouse_Brain_E18_MISAR,Mouse brain E18,atac,CTGATGGTCTTGCGCC-1,26.0,14.0,Diencephalonand hindbrain,0.4759564995765686,0.5240435004234314,0.5366963744163513,0.46330368518829346,0.3973963260650635,0.6026036739349365,0.028385791927576065,0.9716141819953918
Mouse_Brain_E18_MISAR,Mouse brain E18,atac,GGTACTGCCCGAGAAT-1,36.0,26.0,Mesenchyme,0.44758209586143494,0.5524178743362427,0.4654792249202728,0.5345207452774048,0.43618151545524597,0.5638184547424316,0.004256886430084705,0.9957430958747864
Mouse_Brain_E18_MISAR,Mouse brain E18,atac,TGCCGGCATAGATCTA-1,17.0,31.0,Mesenchyme,0.5853977203369141,0.41460224986076355,0.42156296968460083,0.5784370303153992,0.7850491404533386,0.2149508148431778,0.011140924878418446,0.9888590574264526
Mouse_Brain_E18_MISAR,Mouse brain E18,atac,CGACGCGAATCATATT-1,12.0,36.0,DPallm,0.5577106475830078,0.4422893524169922,0.4290778934955597,0.5709220767021179,0.9754118323326111,0.02458818443119526,0.006373473443090916,0.9936264753341675
Mouse_Brain_E18_MISAR,Mouse brain E18,atac,GCGTTGGAACTTAACC-1,28.0,7.0,Cartilage-1,0.5459423661231995,0.45405763387680054,0.5587712526321411,0.44122880697250366,0.3748902380466461,0.6251097917556763,0.0027860275004059076,0.9972140192985535
Mouse_Brain_E18_MISAR,Mouse brain E18,atac,TGCCGGCATTATCCGG-1,17.0,41.0,DPallm,0.5287303924560547,0.4712696373462677,0.38595524430274963,0.6140447854995728,0.9406852722167969,0.05931471660733223,0.01352386362850666,0.9864761233329773
Mouse_Brain_E18_MISAR,Mouse brain E18,atac,CCGAGAATTTATTCAT-1,25.0,33.0,Thalamus,0.6009696125984192,0.3990304172039032,0.4682099223136902,0.5317900776863098,0.7725479602813721,0.22745200991630554,0.006353968754410744,0.9936460256576538
Mouse_Brain_E18_MISAR,Mouse brain E18,atac,TGCGGACCTCGGCCTT-1,22.0,12.0,Subpallium-1,0.6125903725624084,0.38740962743759155,0.45781198143959045,0.5421880483627319,0.20977047085762024,0.7902294993400574,0.05050825700163841,0.9494917988777161
Mouse_Brain_E18_MISAR,Mouse brain E18,atac,TCGGCCTTGGTATGCT-1,39.0,49.0,Diencephalonand hindbrain,0.5890606045722961,0.41093936562538147,0.45078063011169434,0.5492193698883057,0.40119487047195435,0.5988051295280457,0.015983987599611282,0.9840160608291626
Mouse_Brain_E18_MISAR,Mouse brain E18,atac,GACCTTGATTATCCGG-1,42.0,41.0,Diencephalonand hindbrain,0.5425958037376404,0.45740416646003723,0.42741867899894714,0.5725813508033752,0.5891004800796509,0.4108995795249939,0.028758645057678223,0.9712414145469666
Mouse_Brain_E18_MISAR,Mouse brain E18,atac,GCCGCAACCGACGCGA-1,24.0,39.0,DPallm,0.46418318152427673,0.5358168482780457,0.5447482466697693,0.4552517533302307,0.9288129210472107,0.0711871013045311,0.002301603090018034,0.9976983666419983
Mouse_Brain_E18_MISAR,Mouse brain E18,atac,AGAGCTATACTTAACC-1,32.0,7.0,Cartilage-1,0.6147988438606262,0.3852011561393738,0.6692340970039368,0.33076590299606323,0.38054484128952026,0.619455099105835,0.01385593879967928,0.9861440658569336
Mouse_Brain_E18_MISAR,Mouse brain E18,atac,CCGATTCCCTGATGGT-1,47.0,25.0,Basal plateof hindbrain,0.5006070733070374,0.49939292669296265,0.500594973564148,0.49940505623817444,0.4121546447277069,0.5878453254699707,0.02329016663134098,0.9767098426818848
Mouse_Brain_E18_MISAR,Mouse brain E18,atac,TAGATCTAAGAGAAGG-1,20.0,46.0,Cartilage-2,0.6209149360656738,0.37908509373664856,0.552769660949707,0.4472303092479706,0.5161041021347046,0.4838958978652954,0.00623973086476326,0.9937602877616882
Mouse_Brain_E18_MISAR,Mouse brain E18,atac,TAGAGTAATAGAGTAA-1,41.0,10.0,Muscle,0.5760849118232727,0.4239150881767273,0.4003702402114868,0.5996297597885132,0.10097121447324753,0.8990287780761719,0.08817505091428757,0.9118249416351318
Mouse_Brain_E18_MISAR,Mouse brain E18,atac,GATCTTACTGCCGGCA-1,27.0,34.0,Thalamus,0.49068722128868103,0.5093128085136414,0.47694435715675354,0.5230556726455688,0.8104373812675476,0.1895626336336136,0.01646893098950386,0.9835310578346252
Mouse_Brain_E18_MISAR,Mouse brain E18,atac,ACTTAACCGCTAACTT-1,44.0,48.0,Diencephalonand hindbrain,0.731806218624115,0.2681938409805298,0.5419278740882874,0.45807212591171265,0.26433876156806946,0.7356612086296082,0.005913653410971165,0.9940863847732544
Mouse_Brain_E18_MISAR,Mouse brain E18,atac,CCGATTCCGCGTTGGA-1,47.0,23.0,Cartilage-2,0.32573559880256653,0.6742644309997559,0.5607407093048096,0.4392593204975128,0.300658255815506,0.6993417739868164,0.005049662198871374,0.9949502944946289
Mouse_Brain_E18_MISAR,Mouse brain E18,atac,AATTAAGAGCCATTCT-1,19.0,17.0,Subpallium-1,0.42176902294158936,0.5782309770584106,0.43603968620300293,0.5639603734016418,0.06715574115514755,0.9328442811965942,0.010564925149083138,0.9894351363182068
Mouse_Brain_E18_MISAR,Mouse brain E18,atac,ATCATATTATCATATT-1,15.0,36.0,DPallv,0.5209866762161255,0.4790133237838745,0.6039084196090698,0.39609161019325256,0.8880140781402588,0.1119859367609024,0.00690302113071084,0.9930970072746277
Mouse_Brain_E18_MISAR,Mouse brain E18,atac,GCCGCAACTTATTCAT-1,24.0,33.0,Thalamus,0.5720515847206116,0.4279484152793884,0.4989089071750641,0.5010911226272583,0.7523309588432312,0.24766908586025238,0.006864483933895826,0.9931355714797974
Mouse_Brain_E18_MISAR,Mouse brain E18,atac,CCGATTCCAACCTGCG-1,47.0,50.0,Mesenchyme,0.41376346349716187,0.5862364768981934,0.49211642146110535,0.5078835487365723,0.21971485018730164,0.780285120010376,0.005983003880828619,0.9940170049667358
Mouse_Brain_E18_MISAR,Mouse brain E18,atac,ACGGAGGCTCCGGCCT-1,21.0,45.0,DPallm,0.5969399809837341,0.4030599892139435,0.642717719078064,0.3572823107242584,0.8714203834533691,0.12857964634895325,0.006838344037532806,0.993161678314209
Mouse_Brain_E18_MISAR,Mouse brain E18,atac,ATAAGGAGCTAAGAGA-1,50.0,20.0,Cartilage-2,0.6111940741539001,0.38880589604377747,0.38510072231292725,0.6148992776870728,0.35647669434547424,0.6435232758522034,0.02191884070634842,0.9780811667442322
Mouse_Brain_E18_MISAR,Mouse brain E18,atac,CGAACGCCAAGAAGCT-1,49.0,44.0,Diencephalonand hindbrain,0.6288503408432007,0.3711497187614441,0.5023719668388367,0.49762803316116333,0.481988787651062,0.518011212348938,0.038356345146894455,0.961643636226654
Mouse_Brain_E18_MISAR,Mouse brain E18,atac,TGCGGACCTGCCGGCA-1,22.0,34.0,Mesenchyme,0.6184423565864563,0.3815575838088989,0.5562347769737244,0.443765252828598,0.48611411452293396,0.5138859152793884,0.0047805593349039555,0.9952194094657898
Mouse_Brain_E18_MISAR,Mouse brain E18,atac,AGAGCTATAGAGAAGG-1,32.0,46.0,Diencephalonand hindbrain,0.6906126737594604,0.30938732624053955,0.5673001408576965,0.4326998293399811,0.19659124314785004,0.8034088015556335,0.005988521501421928,0.9940114617347717
Mouse_Brain_E18_MISAR,Mouse brain E18,atac,GCCGCAACTTGACTTC-1,24.0,18.0,Diencephalonand hindbrain,0.5338190793991089,0.4661808907985687,0.5404021739959717,0.4595978558063507,0.16485752165317535,0.8351424932479858,0.11156237870454788,0.8884375691413879
Mouse_Brain_E18_MISAR,Mouse brain E18,atac,TTGACTTCACTATGCA-1,33.0,38.0,Diencephalonand hindbrain,0.5784115195274353,0.4215884804725647,0.4915902018547058,0.5084097981452942,0.5294961333274841,0.47050389647483826,0.012666912749409676,0.9873330593109131
Mouse_Brain_E18_MISAR,Mouse brain E18,atac,GCTAACTTAGAACGTC-1,3.0,13.0,Cartilage-2,0.6404197812080383,0.35958024859428406,0.575410008430481,0.42458996176719666,0.22544531524181366,0.7745547294616699,0.0022286782041192055,0.9977713823318481
Mouse_Brain_E18_MISAR,Mouse brain E18,atac,TTACCGAGAATTAAGA-1,16.0,32.0,DPallv,0.5088843107223511,0.49111562967300415,0.55077064037323,0.44922935962677,0.8834576606750488,0.11654236912727356,0.008379521779716015,0.9916204214096069
Mouse_Brain_E18_MISAR,Mouse brain E18,atac,CTGATGGTGCTAACTT-1,26.0,48.0,Mesenchyme,0.5562566518783569,0.44374334812164307,0.5609473586082458,0.43905261158943176,0.4141179919242859,0.5858820080757141,0.04993255063891411,0.950067400932312
Mouse_Brain_E18_MISAR,Mouse brain E18,atac,CCGATTCCTGCCGGCA-1,47.0,34.0,Diencephalonand hindbrain,0.3010377883911133,0.6989622712135315,0.5369610786437988,0.4630388915538788,0.3899962306022644,0.6100037693977356,0.01794224977493286,0.9820578098297119
Mouse_Brain_E18_MISAR,Mouse brain E18,atac,ACTTAACCTTACCGAG-1,44.0,35.0,Diencephalonand hindbrain,0.629533052444458,0.370466947555542,0.4503500163555145,0.5496500134468079,0.7087870240211487,0.29121291637420654,0.012232405133545399,0.9877675771713257
Mouse_Brain_E18_MISAR,Mouse brain E18,atac,ACCGCCAAAACCTGCG-1,46.0,50.0,Mesenchyme,0.5214402079582214,0.47855982184410095,0.5077798366546631,0.4922201335430145,0.34597069025039673,0.654029369354248,0.004158523865044117,0.9958414435386658
Mouse_Brain_E18_MISAR,Mouse brain E18,atac,GATCTTACTCCTACCA-1,27.0,22.0,Mesenchyme,0.5716040730476379,0.42839592695236206,0.5473359227180481,0.4526640474796295,0.5668413639068604,0.43315860629081726,0.05848442390561104,0.9415155649185181
Mouse_Brain_E18_MISAR,Mouse brain E18,atac,GATACGGAGATCTTAC-1,11.0,24.0,DPallv,0.4788798689842224,0.5211201310157776,0.4820347726345062,0.5179652571678162,0.6533266305923462,0.3466733396053314,0.015707233920693398,0.9842928051948547
Mouse_Brain_E18_MISAR,Mouse brain E18,atac,TGAGTCTGGCCATTCT-1,23.0,17.0,Diencephalonand hindbrain,0.5139172673225403,0.4860827624797821,0.38290250301361084,0.6170974969863892,0.23086361587047577,0.769136369228363,0.11195876449346542,0.8880412578582764
Mouse_Brain_E18_MISAR,Mouse brain E18,atac,GCCATTCTGGTATGCT-1,34.0,49.0,Diencephalonand hindbrain,0.4922751486301422,0.5077248215675354,0.4912424087524414,0.5087575912475586,0.3706662356853485,0.6293337941169739,0.02956044301390648,0.970439612865448
Mouse_Brain_E18_MISAR,Mouse brain E18,atac,ACGGAGGCTGCCGGCA-1,21.0,34.0,Mesenchyme,0.5647330284118652,0.4352669417858124,0.5102241635322571,0.4897758364677429,0.541524350643158,0.45847564935684204,0.010854109190404415,0.9891458749771118
Mouse_Brain_E18_MISAR,Mouse brain E18,atac,AGAACGTCTTACCGAG-1,38.0,35.0,Diencephalonand hindbrain,0.6216802597045898,0.3783196806907654,0.4658137857913971,0.5341861844062805,0.6578090786933899,0.3421909511089325,0.01832563243806362,0.9816743731498718
Mouse_Brain_E18_MISAR,Mouse brain E18,atac,TTGACTTCTGCCGGCA-1,33.0,34.0,Diencephalonand hindbrain,0.5529475808143616,0.4470524191856384,0.46654167771339417,0.5334583520889282,0.7572871446609497,0.24271290004253387,0.017408529296517372,0.982591450214386
Mouse_Brain_E18_MISAR,Mouse brain E18,atac,GCAGGTCCTGGTCAGC-1,40.0,37.0,Diencephalonand hindbrain,0.5720705986022949,0.4279293417930603,0.4968355596065521,0.5031644105911255,0.5156474113464355,0.48435261845588684,0.025971828028559685,0.9740281701087952
Mouse_Brain_E18_MISAR,Mouse brain E18,atac,TTGACTTCTGAGTCTG-1,33.0,28.0,Mesenchyme,0.4927777647972107,0.5072221755981445,0.48602965474128723,0.5139703154563904,0.665647566318512,0.33435237407684326,0.09508324414491653,0.9049167633056641
Mouse_Brain_E18_MISAR,Mouse brain E18,atac,CTTGCGCCTGGTCAGC-1,37.0,37.0,Diencephalonand hindbrain,0.6111289858818054,0.38887104392051697,0.5578832626342773,0.44211676716804504,0.23111599683761597,0.7688840627670288,0.0067652445286512375,0.9932346940040588
Mouse_Brain_E18_MISAR,Mouse brain E18,atac,TAGATCTAGGTATGCT-1,20.0,49.0,Cartilage-2,0.7163604497909546,0.2836395502090454,0.44910433888435364,0.5508956909179688,0.2082723081111908,0.7917276620864868,0.06333000957965851,0.9366700649261475
Mouse_Brain_E18_MISAR,Mouse brain E18,atac,TAGAATTATGGTCAGC-1,35.0,37.0,Diencephalonand hindbrain,0.5706472992897034,0.42935267090797424,0.5970447659492493,0.4029552638530731,0.7034809589385986,0.296519011259079,0.015450962819159031,0.9845490455627441
Mouse_Brain_E18_MISAR,Mouse brain E18,atac,TGCCGGCATCTGATAC-1,17.0,42.0,DPallm,0.426882803440094,0.5731172561645508,0.3705109655857086,0.629489004611969,0.9804233312606812,0.01957663521170616,0.006061545107513666,0.9939384460449219
Mouse_Brain_E18_MISAR,Mouse brain E18,atac,GATCTTACCTGATGGT-1,27.0,25.0,Diencephalonand hindbrain,0.3973621428012848,0.6026378273963928,0.6049696803092957,0.39503031969070435,0.6756668090820312,0.32433322072029114,0.019831562414765358,0.9801684617996216
Mouse_Brain_E18_MISAR,Mouse brain E18,atac,CGAACGCCACTCAATA-1,49.0,21.0,Cartilage-3,0.5330713987350464,0.46692854166030884,0.5055970549583435,0.4944029450416565,0.2441520243883133,0.7558479905128479,0.013903810642659664,0.986096203327179
Mouse_Brain_E18_MISAR,Mouse brain E18,atac,TTGACTTCTTATTCAT-1,33.0,33.0,Diencephalonand hindbrain,0.6245202422142029,0.3754797577857971,0.5968857407569885,0.4031142294406891,0.7984840273857117,0.2015160322189331,0.006578661967068911,0.9934213757514954
Mouse_Brain_E18_MISAR,Mouse brain E18,atac,TAGAATTAACTCAATA-1,35.0,21.0,Mesenchyme,0.6201533079147339,0.3798466622829437,0.5700382590293884,0.42996177077293396,0.16592882573604584,0.8340712189674377,0.006772768683731556,0.9932271838188171
Mouse_Brain_E18_MISAR,Mouse brain E18,atac,CGACGCGACGACGCGA-1,12.0,39.0,DPallm,0.47241196036338806,0.5275880098342896,0.6333052515983582,0.36669471859931946,0.9194629192352295,0.08053702861070633,0.0009387105819769204,0.9990612864494324
Mouse_Brain_E18_MISAR,Mouse brain E18,atac,ACGGAGGCCTAAGAGA-1,21.0,20.0,Diencephalonand hindbrain,0.4388076663017273,0.5611923336982727,0.5800122618675232,0.4199877679347992,0.31945404410362244,0.6805459260940552,0.032837506383657455,0.9671624302864075
Mouse_Brain_E18_MISAR,Mouse brain E18,atac,ACGGAGGCTCCTACCA-1,21.0,22.0,Diencephalonand hindbrain,0.5244947671890259,0.47550517320632935,0.5562328100204468,0.4437671899795532,0.3849881887435913,0.6150117516517639,0.011084651574492455,0.9889153838157654
Mouse_Brain_E18_MISAR,Mouse brain E18,atac,ACGGAGGCGCAGGTCC-1,21.0,11.0,Diencephalonand hindbrain,0.44146567583084106,0.5585343241691589,0.3920275866985321,0.6079724431037903,0.2933439016342163,0.7066560983657837,0.06898564845323563,0.931014358997345
Mouse_Brain_E18_MISAR,Mouse brain E18,atac,TAGATCTACCAGTTCC-1,20.0,6.0,Muscle,0.47234010696411133,0.5276598930358887,0.4911671280860901,0.5088328719139099,0.24225442111492157,0.7577455639839172,0.04666870832443237,0.9533312916755676
Mouse_Brain_E18_MISAR,Mouse brain E18,atac,TGAGTCTGTAGAATTA-1,23.0,16.0,Diencephalonand hindbrain,0.4983607828617096,0.501639187335968,0.5683118104934692,0.43168818950653076,0.45500415563583374,0.5449958443641663,0.04043768718838692,0.9595623016357422
Mouse_Brain_E18_MISAR,Mouse brain E18,atac,TGAGTCTGGCTAACTT-1,23.0,48.0,Cartilage-2,0.4852791428565979,0.5147207975387573,0.5732055306434631,0.42679446935653687,0.1421767920255661,0.8578231334686279,0.015417390502989292,0.9845825433731079
Mouse_Brain_E18_MISAR,Mouse brain E18,atac,TTGACTTCAGAGAAGG-1,33.0,46.0,Diencephalonand hindbrain,0.5260890126228333,0.47391101717948914,0.49695631861686707,0.5030437111854553,0.280706524848938,0.7192934155464172,0.011602183803915977,0.9883977770805359
Mouse_Brain_E18_MISAR,Mouse brain E18,atac,GAAGATCGGGTACTGC-1,8.0,15.0,DPallm,0.5319626927375793,0.46803727746009827,0.6559735536575317,0.3440264165401459,0.6425517201423645,0.3574483096599579,0.09401273727416992,0.9059873223304749
Mouse_Brain_E18_MISAR,Mouse brain E18,atac,CTTGCGCCTAGATCTA-1,37.0,31.0,Cartilage-2,0.43839138746261597,0.5616085529327393,0.39688363671302795,0.6031163930892944,0.17512182891368866,0.8248780965805054,0.04645705223083496,0.953542947769165
Mouse_Brain_E18_MISAR,Mouse brain E18,atac,AGAGAAGGAGAACGTC-1,5.0,13.0,DPallm,0.5994778275489807,0.4005222022533417,0.4644254744052887,0.5355745553970337,0.8648968935012817,0.13510309159755707,0.014217806048691273,0.9857821464538574
Mouse_Brain_E18_MISAR,Mouse brain E18,atac,CTAAGAGACGACGCGA-1,31.0,39.0,Diencephalonand hindbrain,0.5985837578773499,0.40141627192497253,0.4623161554336548,0.5376838445663452,0.6919609904289246,0.30803897976875305,0.019233498722314835,0.9807665348052979
Mouse_Brain_E18_MISAR,Mouse brain E18,atac,CCGATTCCTTACCGAG-1,47.0,35.0,Diencephalonand hindbrain,0.607486367225647,0.392513632774353,0.4952875077724457,0.5047125220298767,0.4952203035354614,0.5047796964645386,0.026050513610243797,0.9739494323730469
Mouse_Brain_E18_MISAR,Mouse brain E18,atac,GCCATTCTACTCAATA-1,34.0,21.0,Mesenchyme,0.5507766604423523,0.4492233395576477,0.5290979743003845,0.4709019958972931,0.2515659034252167,0.7484340667724609,0.01038356963545084,0.9896163940429688
Mouse_Brain_E18_MISAR,Mouse brain E18,atac,GCTAACTTCTTGCGCC-1,3.0,14.0,Cartilage-2,0.7266948819160461,0.27330514788627625,0.6176559925079346,0.3823440670967102,0.21047890186309814,0.7895210981369019,0.008007715456187725,0.9919922947883606
Mouse_Brain_E18_MISAR,Mouse brain E18,atac,TGCGGACCGGTACTGC-1,22.0,15.0,Subpallium-1,0.4748716354370117,0.5251283645629883,0.5432505011558533,0.45674949884414673,0.36184966564178467,0.6381502747535706,0.0231343824416399,0.9768656492233276
Mouse_Brain_E18_MISAR,Mouse brain E18,atac,GCAGGTCCACTATGCA-1,40.0,38.0,Diencephalonand hindbrain,0.6538814902305603,0.3461184501647949,0.4256129264831543,0.5743871331214905,0.35473889112472534,0.6452611088752747,0.008348334580659866,0.991651713848114
Mouse_Brain_E18_MISAR,Mouse brain E18,atac,GAAGATCGACCGCCAA-1,8.0,5.0,Cartilage-3,0.5480038523674011,0.4519961476325989,0.43021002411842346,0.5697900056838989,0.2791807949542999,0.7208192348480225,0.001883277203887701,0.9981167316436768
Mouse_Brain_E18_MISAR,Mouse brain E18,atac,GACCTTGAAATTAAGA-1,42.0,32.0,Diencephalonand hindbrain,0.4242565631866455,0.5757434368133545,0.4247184693813324,0.5752815008163452,0.5115642547607422,0.4884357452392578,0.007350532338023186,0.992649495601654
Mouse_Brain_E18_MISAR,Mouse brain E18,atac,GCCATTCTAAGAAGCT-1,34.0,44.0,Diencephalonand hindbrain,0.5794456601142883,0.42055433988571167,0.49486497044563293,0.5051349997520447,0.4250837564468384,0.5749161839485168,0.06911862641572952,0.9308813810348511
Mouse_Brain_E18_MISAR,Mouse brain E18,atac,GATACGGAGACCTTGA-1,11.0,9.0,Diencephalonand hindbrain,0.6210101246833801,0.3789898753166199,0.61057448387146,0.38942551612854004,0.46661055088043213,0.5333894491195679,0.006910006050020456,0.9930899739265442
Mouse_Brain_E18_MISAR,Mouse brain E18,atac,GGTACTGCGACCTTGA-1,36.0,9.0,Cartilage-1,0.5682506561279297,0.4317493140697479,0.6663848161697388,0.33361518383026123,0.1705772876739502,0.8294227123260498,0.003621719777584076,0.9963782429695129
Mouse_Brain_E18_MISAR,Mouse brain E18,atac,TTGACTTCTCCTACCA-1,33.0,22.0,Cartilage-2,0.6159611344337463,0.3840388357639313,0.4685705602169037,0.5314294695854187,0.41869890689849854,0.5813010931015015,0.04670505225658417,0.9532949924468994
Mouse_Brain_E18_MISAR,Mouse brain E18,atac,TTGACTTCGAAGATCG-1,33.0,43.0,Diencephalonand hindbrain,0.3755037188529968,0.6244962811470032,0.5043991208076477,0.4956008791923523,0.5126752853393555,0.48732471466064453,0.06671086698770523,0.933289110660553
Mouse_Brain_E18_MISAR,Mouse brain E18,atac,AGAACGTCGCAGGTCC-1,38.0,11.0,Cartilage-2,0.6922600865364075,0.30773991346359253,0.6781544089317322,0.3218455910682678,0.2957789897918701,0.7042210102081299,0.0056905425153672695,0.9943094253540039
Mouse_Brain_E18_MISAR,Mouse brain E18,atac,ACGGAGGCAGAGCTAT-1,21.0,19.0,Diencephalonand hindbrain,0.5651891231536865,0.4348108470439911,0.5502559542655945,0.4497440457344055,0.39527350664138794,0.6047265529632568,0.11042997241020203,0.8895700573921204
Mouse_Brain_E18_MISAR,Mouse brain E18,atac,TTACCGAGTTGACTTC-1,16.0,18.0,Subpallium-1,0.4743284583091736,0.5256714820861816,0.47622913122177124,0.5237709283828735,0.15574896335601807,0.8442509770393372,0.04382389411330223,0.9561761617660522
Mouse_Brain_E18_MISAR,Mouse brain E18,atac,GCGTTGGAGATCTTAC-1,28.0,24.0,Mesenchyme,0.613955020904541,0.386044979095459,0.48977890610694885,0.5102210640907288,0.30800095200538635,0.691999077796936,0.037195365875959396,0.9628046751022339
Mouse_Brain_E18_MISAR,Mouse brain E18,atac,TTACCGAGTGCGGACC-1,16.0,29.0,Subpallium-2,0.37039926648139954,0.6296007633209229,0.47827577590942383,0.5217242240905762,0.6934481859207153,0.3065517842769623,0.010677475482225418,0.9893224835395813
Mouse_Brain_E18_MISAR,Mouse brain E18,atac,ACTATGCATGCGGACC-1,13.0,29.0,DPallv,0.48144274950027466,0.5185573101043701,0.5924627780914307,0.40753719210624695,0.9271131753921509,0.0728868693113327,0.004011950921267271,0.9959880709648132
Mouse_Brain_E18_MISAR,Mouse brain E18,atac,GATACGGAATCATATT-1,11.0,36.0,DPallm,0.41124427318573,0.58875572681427,0.517665684223175,0.48233434557914734,0.9731536507606506,0.026846323162317276,0.0009106354555115104,0.9990893602371216
Mouse_Brain_E18_MISAR,Mouse brain E18,atac,TCCGGCCTCTGATGGT-1,6.0,25.0,DPallm,0.44537681341171265,0.5546231865882874,0.5451949834823608,0.4548049569129944,0.9277338981628418,0.0722661167383194,0.009553004987537861,0.9904470443725586
Mouse_Brain_E18_MISAR,Mouse brain E18,atac,CGACGCGATGCGGACC-1,12.0,29.0,DPallv,0.6394954919815063,0.36050453782081604,0.5850839614868164,0.4149160385131836,0.9387451410293579,0.06125486642122269,0.00791199877858162,0.9920880198478699
Mouse_Brain_E18_MISAR,Mouse brain E18,atac,CGACGCGATAGAATTA-1,12.0,16.0,Subpallium-1,0.4141204357147217,0.5858795642852783,0.519252598285675,0.48074743151664734,0.245060995221138,0.7549389600753784,0.013698277063667774,0.9863017797470093
Mouse_Brain_E18_MISAR,Mouse brain E18,atac,TCTGATACTGCCGGCA-1,9.0,34.0,DPallm,0.4500749707221985,0.5499250292778015,0.617962658405304,0.3820374011993408,0.9479070901870728,0.05209290608763695,0.0025679522659629583,0.9974320530891418
Mouse_Brain_E18_MISAR,Mouse brain E18,atac,CAACCGCTTTGACTTC-1,43.0,18.0,Cartilage-2,0.30199676752090454,0.6980031728744507,0.5708628296852112,0.4291372001171112,0.21188747882843018,0.7881125211715698,0.006814905442297459,0.9931851029396057
Mouse_Brain_E18_MISAR,Mouse brain E18,atac,TGCCGGCAAGAGAAGG-1,17.0,46.0,Mesenchyme,0.6848951578140259,0.3151048719882965,0.39312148094177246,0.6068785786628723,0.25555282831192017,0.7444471716880798,0.05049384385347366,0.9495061635971069
Mouse_Brain_E18_MISAR,Mouse brain E18,atac,AGAGCTATAACCTGCG-1,32.0,50.0,Diencephalonand hindbrain,0.5351804494857788,0.4648195803165436,0.4981596767902374,0.501840353012085,0.2573164701461792,0.7426835298538208,0.009602716192603111,0.9903973340988159
Mouse_Brain_E18_MISAR,Mouse brain E18,atac,GCGTTGGAAACCTGCG-1,28.0,50.0,Mesenchyme,0.7001864314079285,0.29981353878974915,0.3904563784599304,0.6095436811447144,0.33495333790779114,0.6650466322898865,0.04081103950738907,0.9591889381408691
Mouse_Brain_E18_MISAR,Mouse brain E18,atac,TGCCGGCATGGTCAGC-1,17.0,37.0,DPallv,0.4562392234802246,0.5437608361244202,0.485464483499527,0.5145354866981506,0.9127984642982483,0.08720152825117111,0.0051078395918011665,0.9948921203613281
Mouse_Brain_E18_MISAR,Mouse brain E18,atac,TGGTCAGCACTATGCA-1,14.0,38.0,DPallm,0.4976126551628113,0.5023873448371887,0.5165696144104004,0.4834303557872772,0.9800127148628235,0.019987324252724648,0.011743476614356041,0.9882565140724182
Mouse_Brain_E18_MISAR,Mouse brain E18,atac,ACGGAGGCTCGGCCTT-1,21.0,12.0,Subpallium-1,0.405271977186203,0.5947280526161194,0.4644466042518616,0.5355533361434937,0.15908589959144592,0.8409141302108765,0.07953827828168869,0.9204617738723755
Mouse_Brain_E18_MISAR,Mouse brain E18,atac,ACTATGCACTTGCGCC-1,13.0,14.0,Diencephalonand hindbrain,0.46988990902900696,0.5301101207733154,0.5673573613166809,0.4326426386833191,0.5233135223388672,0.4766865074634552,0.021912630647420883,0.978087306022644
Mouse_Brain_E18_MISAR,Mouse brain E18,atac,TTACCGAGTCTGATAC-1,16.0,42.0,DPallm,0.571502149105072,0.4284978210926056,0.3540685176849365,0.6459315419197083,0.9705149531364441,0.029485037550330162,0.0010569135192781687,0.9989431500434875
Mouse_Brain_E18_MISAR,Mouse brain E18,atac,CTGATGGTAATTAAGA-1,26.0,32.0,Thalamus,0.48284241557121277,0.5171576142311096,0.45442450046539307,0.5455754995346069,0.5494825839996338,0.4505174458026886,0.020765891298651695,0.9792340993881226
Mouse_Brain_E18_MISAR,Mouse brain E18,atac,GGCTGAGCTGGTCAGC-1,48.0,37.0,Diencephalonand hindbrain,0.3802635669708252,0.61973637342453,0.5341493487358093,0.46585071086883545,0.5338595509529114,0.466140478849411,0.015074964612722397,0.9849249720573425
Mouse_Brain_E18_MISAR,Mouse brain E18,atac,GACCTTGACTTGCGCC-1,42.0,14.0,Cartilage-3,0.4583031237125397,0.5416968464851379,0.7392394542694092,0.2607605457305908,0.08581437915563583,0.9141857028007507,0.002194084459915757,0.9978058934211731
Mouse_Brain_E18_MISAR,Mouse brain E18,atac,TCCTACCACATACTCC-1,29.0,47.0,Diencephalonand hindbrain,0.43200549483299255,0.5679945349693298,0.5925292372703552,0.4074707329273224,0.3090953230857849,0.6909046769142151,0.015913482755422592,0.9840864539146423
Mouse_Brain_E18_MISAR,Mouse brain E18,atac,GCAGGTCCGCAGGTCC-1,40.0,11.0,Muscle,0.48473647236824036,0.5152634978294373,0.49528372287750244,0.5047162175178528,0.21762330830097198,0.7823767066001892,0.1549862027168274,0.8450137972831726
Mouse_Brain_E18_MISAR,Mouse brain E18,atac,TGGTCAGCATCATATT-1,14.0,36.0,DPallm,0.5844477415084839,0.4155522286891937,0.5503790378570557,0.44962096214294434,0.9358068108558655,0.06419312208890915,0.0036460841074585915,0.9963539838790894
Mouse_Brain_E18_MISAR,Mouse brain E18,atac,ACTATGCAGATCTTAC-1,13.0,24.0,Subpallium-1,0.5289708971977234,0.471029132604599,0.5395534634590149,0.4604465067386627,0.22997744381427765,0.7700225710868835,0.11973404139280319,0.8802659511566162
Mouse_Brain_E18_MISAR,Mouse brain E18,atac,TCCTACCAACTATGCA-1,29.0,38.0,Diencephalonand hindbrain,0.7206084132194519,0.2793915569782257,0.5581920742988586,0.44180792570114136,0.5020548105239868,0.4979451894760132,0.011613141745328903,0.9883868098258972
Mouse_Brain_E18_MISAR,Mouse brain E18,atac,ATCATATTCCAGTTCC-1,15.0,6.0,Cartilage-3,0.5553703308105469,0.4446296989917755,0.6241315603256226,0.37586840987205505,0.06732664257287979,0.9326733946800232,0.001986760413274169,0.9980132579803467
Mouse_Brain_E18_MISAR,Mouse brain E18,atac,AGAGCTATAATTAAGA-1,32.0,32.0,Diencephalonand hindbrain,0.5144211053848267,0.4855789542198181,0.5938503742218018,0.40614962577819824,0.673330545425415,0.3266694247722626,0.007553454954177141,0.9924465417861938
Mouse_Brain_E18_MISAR,Mouse brain E18,atac,GCGTTGGAGCAGGTCC-1,28.0,11.0,Diencephalonand hindbrain,0.38627639412879944,0.613723635673523,0.4222123324871063,0.5777876973152161,0.25868216156959534,0.7413178086280823,0.03131067380309105,0.9686892628669739
Mouse_Brain_E18_MISAR,Mouse brain E18,atac,GGTATGCTTAGAGTAA-1,2.0,10.0,Cartilage-3,0.6527782678604126,0.347221702337265,0.5893901586532593,0.4106098413467407,0.25717630982398987,0.7428236603736877,0.002237896667793393,0.9977620840072632
Mouse_Brain_E18_MISAR,Mouse brain E18,atac,TCTGATACCAACCGCT-1,9.0,8.0,Cartilage-4,0.4595017433166504,0.5404983162879944,0.4119853973388672,0.5880146026611328,0.4484913647174835,0.5515086650848389,0.006956587079912424,0.9930434226989746
Mouse_Brain_E18_MISAR,Mouse brain E18,atac,TGCGGACCTCTGATAC-1,22.0,42.0,DPallv,0.48360124230384827,0.5163987874984741,0.6326113939285278,0.36738860607147217,0.8421184420585632,0.15788152813911438,0.011579032056033611,0.9884209632873535
Mouse_Brain_E18_MISAR,Mouse brain E18,atac,CTAAGAGATGGTCAGC-1,31.0,37.0,Diencephalonand hindbrain,0.6344603896141052,0.3655395805835724,0.541766881942749,0.45823314785957336,0.5405888557434082,0.4594111740589142,0.004642077721655369,0.9953579306602478
Mouse_Brain_E18_MISAR,Mouse brain E18,atac,TAGAGTAAACTCAATA-1,41.0,21.0,Cartilage-1,0.4270286560058594,0.5729713439941406,0.7075082063674927,0.2924918234348297,0.06975289434194565,0.9302470684051514,0.0015547547955065966,0.9984452128410339
Mouse_Brain_E18_MISAR,Mouse brain E18,atac,CATACTCCGACCTTGA-1,4.0,9.0,Mesenchyme,0.5142014622688293,0.48579853773117065,0.40078121423721313,0.5992187857627869,0.7130519151687622,0.2869480848312378,0.0062547302804887295,0.9937452077865601
Mouse_Brain_E18_MISAR,Mouse brain E18,atac,CTTGCGCCTCCTACCA-1,37.0,22.0,Mesenchyme,0.6733583211898804,0.32664164900779724,0.4002998471260071,0.5997001528739929,0.29496338963508606,0.7050366401672363,0.008713987655937672,0.9912859797477722
Mouse_Brain_E18_MISAR,Mouse brain E18,atac,GGTACTGCTCCGGCCT-1,36.0,45.0,Diencephalonand hindbrain,0.48918285965919495,0.5108171701431274,0.5962277054786682,0.4037723243236542,0.1271142065525055,0.8728858232498169,0.022263729944825172,0.9777362942695618
Mouse_Brain_E18_MISAR,Mouse brain E18,atac,AGAGCTATTTATCCGG-1,32.0,41.0,Diencephalonand hindbrain,0.5527640581130981,0.44723591208457947,0.4866616725921631,0.5133383274078369,0.602055013179779,0.3979450464248657,0.05816083773970604,0.9418391585350037
Mouse_Brain_E18_MISAR,Mouse brain E18,atac,CGAACGCCCTGATGGT-1,49.0,25.0,Diencephalonand hindbrain,0.4284518361091614,0.5715481638908386,0.4384949803352356,0.5615050196647644,0.32944804430007935,0.6705519556999207,0.015482191927731037,0.9845178723335266
Mouse_Brain_E18_MISAR,Mouse brain E18,atac,ACGGAGGCATCATATT-1,21.0,36.0,DPallm,0.5371846556663513,0.46281537413597107,0.500002384185791,0.499997615814209,0.7057293057441711,0.29427072405815125,0.010791498236358166,0.9892085194587708
Mouse_Brain_E18_MISAR,Mouse brain E18,atac,AGAACGTCCATACTCC-1,38.0,47.0,Diencephalonand hindbrain,0.3824797570705414,0.617520272731781,0.5187632441520691,0.4812367260456085,0.4676862955093384,0.5323137044906616,0.014436539262533188,0.9855635166168213
Mouse_Brain_E18_MISAR,Mouse brain E18,atac,CCGAGAATTAGAGTAA-1,25.0,10.0,Diencephalonand hindbrain,0.5456076860427856,0.45439228415489197,0.40717828273773193,0.5928217172622681,0.2816585600376129,0.7183414101600647,0.017145855352282524,0.9828541278839111
Mouse_Brain_E18_MISAR,Mouse brain E18,atac,TTATCCGGTGAGTCTG-1,10.0,28.0,DPallm,0.4048425853252411,0.5951573848724365,0.5738293528556824,0.42617061734199524,0.9170721769332886,0.08292775601148605,0.0386812798678875,0.9613186717033386
Mouse_Brain_E18_MISAR,Mouse brain E18,atac,CCGATTCCTTATCCGG-1,47.0,41.0,Diencephalonand hindbrain,0.5358795523643494,0.46412041783332825,0.6067126393318176,0.39328733086586,0.6425719261169434,0.3574281334877014,0.018152933567762375,0.9818471074104309
Mouse_Brain_E18_MISAR,Mouse brain E18,atac,TGAGTCTGTAGATCTA-1,23.0,31.0,Thalamus,0.7401845455169678,0.2598154544830322,0.5003740191459656,0.4996260106563568,0.7844204306602478,0.2155795693397522,0.011713715270161629,0.9882863163948059
Mouse_Brain_E18_MISAR,Mouse brain E18,atac,TGCCGGCAGCCGCAAC-1,17.0,27.0,Subpallium-2,0.5605998039245605,0.43940016627311707,0.5278871059417725,0.47211283445358276,0.23851260542869568,0.7614874243736267,0.0197135079652071,0.9802865386009216
Mouse_Brain_E18_MISAR,Mouse brain E18,atac,ACGGAGGCCGACGCGA-1,21.0,39.0,DPallv,0.5207443237304688,0.47925564646720886,0.579420268535614,0.4205797612667084,0.9090580940246582,0.0909419059753418,0.0031258040107786655,0.996874213218689
Mouse_Brain_E18_MISAR,Mouse brain E18,atac,CAACCGCTACTCAATA-1,43.0,21.0,Cartilage-2,0.3978938162326813,0.6021061539649963,0.7422760128974915,0.25772401690483093,0.16722533106803894,0.8327746391296387,0.006261360831558704,0.9937386512756348
Mouse_Brain_E18_MISAR,Mouse brain E18,atac,CAACCGCTTCTGATAC-1,43.0,42.0,Diencephalonand hindbrain,0.6223308444023132,0.37766915559768677,0.502619743347168,0.4973802864551544,0.4729832708835602,0.5270166993141174,0.008800034411251545,0.9912000298500061
Mouse_Brain_E18_MISAR,Mouse brain E18,atac,GCAGGTCCCTAAGAGA-1,40.0,20.0,Cartilage-1,0.5184484124183655,0.4815515875816345,0.5714329481124878,0.428567111492157,0.09989854693412781,0.9001014232635498,0.0035216626711189747,0.9964783787727356
Mouse_Brain_E18_MISAR,Mouse brain E18,atac,GAAGATCGCCGAGAAT-1,8.0,26.0,DPallm,0.48423880338668823,0.5157611966133118,0.5187652707099915,0.48123466968536377,0.9710791707038879,0.028920885175466537,0.02104705572128296,0.9789530038833618
Mouse_Brain_E18_MISAR,Mouse brain E18,atac,CAACCGCTGATACGGA-1,43.0,40.0,Diencephalonand hindbrain,0.631110429763794,0.36888957023620605,0.5059621930122375,0.4940378665924072,0.3751331567764282,0.6248668432235718,0.02260213904082775,0.9773978590965271
Mouse_Brain_E18_MISAR,Mouse brain E18,atac,CCGAGAATTCTGATAC-1,25.0,42.0,DPallm,0.5616228580474854,0.43837711215019226,0.5458328127861023,0.4541671872138977,0.9309540390968323,0.0690460056066513,0.0012064386392012239,0.9987934827804565
Mouse_Brain_E18_MISAR,Mouse brain E18,atac,ACTATGCATCCTACCA-1,13.0,22.0,Subpallium-1,0.3982476592063904,0.6017523407936096,0.45803552865982056,0.5419644713401794,0.11303020268678665,0.8869697451591492,0.03202280029654503,0.9679771661758423
Mouse_Brain_E18_MISAR,Mouse brain E18,atac,CAACCGCTGCCATTCT-1,43.0,17.0,Cartilage-2,0.5053507685661316,0.4946492314338684,0.5044901371002197,0.4955098628997803,0.09800639748573303,0.9019935727119446,0.001937525230459869,0.9980624318122864
Mouse_Brain_E18_MISAR,Mouse brain E18,atac,GACCTTGATCTGATAC-1,42.0,42.0,Diencephalonand hindbrain,0.5442168116569519,0.4557831585407257,0.6186536550521851,0.38134631514549255,0.3599303364753723,0.6400696635246277,0.020874803885817528,0.9791252017021179
Mouse_Brain_E18_MISAR,Mouse brain E18,atac,CATACTCCGGTACTGC-1,4.0,15.0,DPallm,0.6230350732803345,0.37696486711502075,0.5454866290092468,0.4545133411884308,0.6899059414863586,0.31009405851364136,0.01908043958246708,0.9809195399284363
Mouse_Brain_E18_MISAR,Mouse brain E18,atac,GAAGATCGTAGATCTA-1,8.0,31.0,DPallm,0.5186958312988281,0.4813041687011719,0.6780537962913513,0.32194626331329346,0.9784010648727417,0.021598942577838898,0.00390911940485239,0.996090829372406
Mouse_Brain_E18_MISAR,Mouse brain E18,atac,GAAGATCGATCATATT-1,8.0,36.0,Cartilage-2,0.716300368309021,0.2836996614933014,0.7134985327720642,0.286501407623291,0.103217214345932,0.8967827558517456,0.0037409854121506214,0.9962589740753174
Mouse_Brain_E18_MISAR,Mouse brain E18,atac,GATACGGACGAACGCC-1,11.0,2.0,Cartilage-3,0.8193456530570984,0.18065433204174042,0.774849534034729,0.22515049576759338,0.38665422797203064,0.613345742225647,0.000915221287868917,0.9990848302841187
Mouse_Brain_E18_MISAR,Mouse brain E18,atac,TTATCCGGCCGATTCC-1,10.0,4.0,Cartilage-3,0.7051857113838196,0.2948142886161804,0.5968254804611206,0.4031745493412018,0.14252521097660065,0.8574748039245605,0.0014533055946230888,0.9985466599464417
Mouse_Brain_E18_MISAR,Mouse brain E18,atac,TAGAATTACGACGCGA-1,35.0,39.0,Diencephalonand hindbrain,0.5090544819831848,0.4909454882144928,0.5454413890838623,0.4545585811138153,0.7019168138504028,0.2980831265449524,0.013693735003471375,0.9863063097000122
Mouse_Brain_E18_MISAR,Mouse brain E18,atac,GCAGGTCCTCCGGCCT-1,40.0,45.0,Diencephalonand hindbrain,0.3715190887451172,0.6284809708595276,0.41537079215049744,0.5846291780471802,0.2914571464061737,0.7085428833961487,0.010690524242818356,0.9893094301223755
Mouse_Brain_E18_MISAR,Mouse brain E18,atac,GGCTGAGCACTATGCA-1,48.0,38.0,Diencephalonand hindbrain,0.5931130647659302,0.4068869650363922,0.5164090394973755,0.4835909605026245,0.6984231472015381,0.3015768826007843,0.00961732491850853,0.990382730960846
Mouse_Brain_E18_MISAR,Mouse brain E18,atac,GCCGCAACACTTAACC-1,24.0,7.0,Cartilage-2,0.5399051904678345,0.4600948691368103,0.6633944511413574,0.33660560846328735,0.2244962453842163,0.7755037546157837,0.007979554124176502,0.9920204281806946
Mouse_Brain_E18_MISAR,Mouse brain E18,atac,TAGATCTATTATCCGG-1,20.0,41.0,DPallv,0.4767959713935852,0.5232040286064148,0.5985727310180664,0.4014272093772888,0.8997676968574524,0.10023228824138641,0.0036927354522049427,0.9963072538375854
Mouse_Brain_E18_MISAR,Mouse brain E18,atac,TGCCGGCAGATACGGA-1,17.0,40.0,DPallv,0.4499899446964264,0.5500100255012512,0.48419272899627686,0.5158072710037231,0.9018934965133667,0.0981064960360527,0.01761685498058796,0.982383131980896
Mouse_Brain_E18_MISAR,Mouse brain E18,atac,ACGGAGGCTAGATCTA-1,21.0,31.0,Mesenchyme,0.733456552028656,0.266543447971344,0.6156502366065979,0.3843497633934021,0.711255669593811,0.2887443006038666,0.007571993861347437,0.9924280047416687
Mouse_Brain_E18_MISAR,Mouse brain E18,atac,CCAGTTCCTCCTACCA-1,45.0,22.0,Cartilage-2,0.38875725865364075,0.6112427115440369,0.6684996485710144,0.3315003514289856,0.13834646344184875,0.8616535067558289,0.0023282498586922884,0.9976717829704285
Mouse_Brain_E18_MISAR,Mouse brain E18,atac,GGTACTGCACTCAATA-1,36.0,21.0,Mesenchyme,0.47710344195365906,0.5228965878486633,0.46771439909935,0.5322855710983276,0.16118589043617249,0.8388140797615051,0.012423732317984104,0.9875762462615967
Mouse_Brain_E18_MISAR,Mouse brain E18,atac,GCTAACTTCCAGTTCC-1,3.0,6.0,Cartilage-3,0.4485035538673401,0.5514965057373047,0.5456910133361816,0.45430895686149597,0.27470457553863525,0.7252954244613647,0.0011724370997399092,0.9988275170326233
Mouse_Brain_E18_MISAR,Mouse brain E18,atac,TAGAGTAATTATTCAT-1,41.0,33.0,Diencephalonand hindbrain,0.7243988513946533,0.27560120820999146,0.5310560464859009,0.4689439535140991,0.6741078495979309,0.3258921802043915,0.004494580440223217,0.9955053329467773
Mouse_Brain_E18_MISAR,Mouse brain E18,atac,ACTTAACCGCCATTCT-1,44.0,17.0,Cartilage-2,0.6679940819740295,0.33200588822364807,0.5161876082420349,0.4838124215602875,0.12323295325040817,0.8767670392990112,0.0044040982611477375,0.9955958724021912
Mouse_Brain_E18_MISAR,Mouse brain E18,atac,CGACGCGACCAGTTCC-1,12.0,6.0,Cartilage-3,0.4712289869785309,0.5287710428237915,0.771751880645752,0.22824811935424805,0.07110137492418289,0.9288985729217529,0.0008007715223357081,0.9991992115974426
Mouse_Brain_E18_MISAR,Mouse brain E18,atac,TGGTCAGCTTACCGAG-1,14.0,35.0,DPallv,0.5564407706260681,0.44355928897857666,0.6229156255722046,0.3770843744277954,0.8860958218574524,0.11390421539545059,0.004316441714763641,0.9956835508346558
Mouse_Brain_E18_MISAR,Mouse brain E18,atac,CTTGCGCCGCAGGTCC-1,37.0,11.0,Cartilage-1,0.4637628495693207,0.5362371802330017,0.7692415714263916,0.2307584285736084,0.19435249269008636,0.8056474924087524,0.002607781207188964,0.9973921775817871
Mouse_Brain_E18_MISAR,Mouse brain E18,atac,TTATCCGGGCAGGTCC-1,10.0,11.0,Diencephalonand hindbrain,0.7552506327629089,0.24474939703941345,0.5867884755134583,0.41321155428886414,0.5556962490081787,0.4443037211894989,0.0226287841796875,0.9773712158203125
Mouse_Brain_E18_MISAR,Mouse brain E18,atac,ATAAGGAGGCCGCAAC-1,50.0,27.0,Diencephalonand hindbrain,0.5387511849403381,0.46124884486198425,0.5217543840408325,0.4782456159591675,0.3618740439414978,0.6381258964538574,0.010098233819007874,0.9899017810821533
Mouse_Brain_E18_MISAR,Mouse brain E18,atac,AGAGAAGGCTGATGGT-1,5.0,25.0,DPallm,0.5642309188842773,0.43576908111572266,0.5844119191169739,0.4155881106853485,0.9427638649940491,0.057236198335886,0.002813902450725436,0.9971861243247986
Mouse_Brain_E18_MISAR,Mouse brain E18,atac,TGCGGACCCAACCGCT-1,22.0,8.0,Cartilage-2,0.6267184019088745,0.3732815682888031,0.6081373691558838,0.3918626308441162,0.6153764128684998,0.38462358713150024,0.008161762729287148,0.991838276386261
Mouse_Brain_E18_MISAR,Mouse brain E18,atac,CTGATGGTTGGTCAGC-1,26.0,37.0,Diencephalonand hindbrain,0.5090893507003784,0.49091070890426636,0.5193051099777222,0.48069489002227783,0.6974613070487976,0.30253866314888,0.016888568177819252,0.9831114411354065
Mouse_Brain_E18_MISAR,Mouse brain E18,atac,CATACTCCACTCAATA-1,4.0,21.0,DPallm,0.5132964849472046,0.4867035746574402,0.4967496991157532,0.5032503008842468,0.9419768452644348,0.0580231174826622,0.004254109691828489,0.995745837688446
Mouse_Brain_E18_MISAR,Mouse brain E18,atac,GACCTTGACTAAGAGA-1,42.0,20.0,Cartilage-2,0.6426365375518799,0.3573634624481201,0.6349044442176819,0.3650955259799957,0.0805683434009552,0.9194316864013672,0.003855728078633547,0.9961442947387695
Mouse_Brain_E18_MISAR,Mouse brain E18,atac,TTATTCATACTTAACC-1,18.0,7.0,Cartilage-3,0.5641741752624512,0.43582576513290405,0.5681409239768982,0.43185901641845703,0.08795356005430222,0.9120464324951172,0.0023231690283864737,0.9976767897605896
Mouse_Brain_E18_MISAR,Mouse brain E18,atac,TCCGGCCTTAGAATTA-1,6.0,16.0,DPallm,0.5771905183792114,0.4228094518184662,0.5289135575294495,0.47108641266822815,0.6894837021827698,0.3105162978172302,0.04249081388115883,0.9575092196464539
Mouse_Brain_E18_MISAR,Mouse brain E18,atac,AGAGCTATGGTATGCT-1,32.0,49.0,Diencephalonand hindbrain,0.42012539505958557,0.5798746347427368,0.5311309099197388,0.46886909008026123,0.2620912492275238,0.7379087209701538,0.011313584633171558,0.9886864423751831
Mouse_Brain_E18_MISAR,Mouse brain E18,atac,TCCTACCAGCAGGTCC-1,29.0,11.0,Mesenchyme,0.5572397708892822,0.4427602291107178,0.6163654327392578,0.3836345076560974,0.31513968110084534,0.6848602890968323,0.011809520423412323,0.9881905317306519
Mouse_Brain_E18_MISAR,Mouse brain E18,atac,GATACGGATGCCGGCA-1,11.0,34.0,DPallm,0.4788748025894165,0.5211251974105835,0.47366005182266235,0.5263399481773376,0.9832173585891724,0.016782673075795174,0.020295647904276848,0.9797043800354004
Mouse_Brain_E18_MISAR,Mouse brain E18,atac,CGAACGCCCTAAGAGA-1,49.0,20.0,Mesenchyme,0.4586763381958008,0.5413236618041992,0.40952154994010925,0.5904784798622131,0.3697032928466797,0.6302967667579651,0.0315186008810997,0.9684813618659973
Mouse_Brain_E18_MISAR,Mouse brain E18,atac,GCGTTGGAAAGAAGCT-1,28.0,44.0,Diencephalonand hindbrain,0.5835912823677063,0.4164086878299713,0.5390174388885498,0.4609825313091278,0.3075036406517029,0.6924962997436523,0.027563083916902542,0.9724368453025818
Mouse_Brain_E18_MISAR,Mouse brain E18,atac,CATACTCCCCGATTCC-1,4.0,4.0,Cartilage-3,0.6613135933876038,0.33868640661239624,0.4259386956691742,0.5740612745285034,0.5928804874420166,0.4071195423603058,0.002368542831391096,0.9976314306259155
Mouse_Brain_E18_MISAR,Mouse brain E18,atac,TCCTACCACCGATTCC-1,29.0,4.0,Cartilage-4,0.5101402997970581,0.4898597002029419,0.5901064276695251,0.40989357233047485,0.5504958629608154,0.4495041072368622,0.0026478751096874475,0.997352123260498
Mouse_Brain_E18_MISAR,Mouse brain E18,atac,CCGATTCCGATCTTAC-1,47.0,24.0,Cartilage-2,0.769715428352356,0.23028455674648285,0.5203825235366821,0.47961747646331787,0.4808841347694397,0.5191158652305603,0.006360769737511873,0.9936391711235046
Mouse_Brain_E18_MISAR,Mouse brain E18,atac,AGAGAAGGTCGGCCTT-1,5.0,12.0,DPallm,0.4791136085987091,0.5208863615989685,0.5273115038871765,0.4726884961128235,0.7933973073959351,0.20660266280174255,0.010170095600187778,0.989829957485199
Mouse_Brain_E18_MISAR,Mouse brain E18,atac,CTTGCGCCCATACTCC-1,37.0,47.0,Diencephalonand hindbrain,0.41874998807907104,0.581250011920929,0.4502142071723938,0.5497857928276062,0.4289931356906891,0.5710068345069885,0.01104755885899067,0.9889524579048157
Mouse_Brain_E18_MISAR,Mouse brain E18,atac,ACTCAATAGCCATTCT-1,30.0,17.0,Diencephalonand hindbrain,0.502856969833374,0.497143030166626,0.46780022978782654,0.5321997404098511,0.3877709209918976,0.6122291088104248,0.024197105318307877,0.9758029580116272
Mouse_Brain_E18_MISAR,Mouse brain E18,atac,AACCTGCGGCCATTCT-1,1.0,17.0,Cartilage-3,0.45850762724876404,0.5414923429489136,0.5871788263320923,0.4128212332725525,0.07111237943172455,0.928887665271759,0.0032884827814996243,0.9967114925384521
Mouse_Brain_E18_MISAR,Mouse brain E18,atac,ACTATGCAACTTAACC-1,13.0,7.0,Cartilage-2,0.5758777856826782,0.42412224411964417,0.7516617178916931,0.2483382672071457,0.08900846540927887,0.9109915494918823,0.000902713683899492,0.9990973472595215
Mouse_Brain_E18_MISAR,Mouse brain E18,atac,GGTATGCTGCAGGTCC-1,2.0,11.0,Cartilage-3,0.5599281787872314,0.4400717616081238,0.48697131872177124,0.5130286812782288,0.2865157127380371,0.7134843468666077,0.003839680925011635,0.9961602687835693
Mouse_Brain_E18_MISAR,Mouse brain E18,atac,AAGAAGCTCGACGCGA-1,7.0,39.0,Cartilage-2,0.7524261474609375,0.24757380783557892,0.604657769203186,0.39534223079681396,0.7562089562416077,0.24379102885723114,0.004629761911928654,0.9953702092170715
Mouse_Brain_E18_MISAR,Mouse brain E18,atac,GCAGGTCCATCATATT-1,40.0,36.0,Diencephalonand hindbrain,0.6775277256965637,0.3224722743034363,0.4961976110935211,0.5038023591041565,0.5473745465278625,0.45262542366981506,0.02468671277165413,0.9753132462501526
Mouse_Brain_E18_MISAR,Mouse brain E18,atac,GATCTTACTCTGATAC-1,27.0,42.0,Diencephalonand hindbrain,0.5029686093330383,0.4970313608646393,0.6156783699989319,0.3843216598033905,0.6275935173034668,0.3724064528942108,0.018936941400170326,0.9810630679130554
Mouse_Brain_E18_MISAR,Mouse brain E18,atac,AATTAAGACGACGCGA-1,19.0,39.0,DPallv,0.5492717623710632,0.4507282078266144,0.619350016117096,0.38064998388290405,0.9137035608291626,0.0862964540719986,0.005606658756732941,0.9943933486938477
Mouse_Brain_E18_MISAR,Mouse brain E18,atac,GCTAACTTGCCATTCT-1,3.0,17.0,DPallm,0.48110491037368774,0.518895149230957,0.49884161353111267,0.5011583566665649,0.6273124814033508,0.37268751859664917,0.01841028966009617,0.9815897345542908
Mouse_Brain_E18_MISAR,Mouse brain E18,atac,CTGATGGTCTAAGAGA-1,26.0,20.0,Diencephalonand hindbrain,0.5040877461433411,0.4959122836589813,0.3539944887161255,0.6460055112838745,0.33590060472488403,0.664099395275116,0.06892810016870499,0.931071937084198
Mouse_Brain_E18_MISAR,Mouse brain E18,atac,GCCGCAACGACCTTGA-1,24.0,9.0,Subpallium-1,0.6015622019767761,0.3984377980232239,0.46435555815696716,0.5356444716453552,0.48471349477767944,0.5152865052223206,0.006300001870840788,0.9937000274658203
Mouse_Brain_E18_MISAR,Mouse brain E18,atac,TTATTCATGATCTTAC-1,18.0,24.0,Subpallium-1,0.6063461303710938,0.39365389943122864,0.5528568029403687,0.44714316725730896,0.15760953724384308,0.8423904180526733,0.050743769854307175,0.9492562413215637
Mouse_Brain_E18_MISAR,Mouse brain E18,atac,GCGTTGGAAGAGAAGG-1,28.0,46.0,Diencephalonand hindbrain,0.4985659122467041,0.5014340877532959,0.5678219795227051,0.43217799067497253,0.32213351130485535,0.677866518497467,0.008708671666681767,0.9912914037704468
Mouse_Brain_E18_MISAR,Mouse brain E18,atac,GCCATTCTGCAGGTCC-1,34.0,11.0,Cartilage-1,0.3329406976699829,0.6670593023300171,0.6393991112709045,0.36060085892677307,0.28739601373672485,0.7126039862632751,0.009607951156795025,0.9903920888900757
Mouse_Brain_E18_MISAR,Mouse brain E18,atac,TTATTCATCCAGTTCC-1,18.0,6.0,Cartilage-3,0.4688907861709595,0.5311092138290405,0.545406699180603,0.4545932710170746,0.09860245883464813,0.9013975262641907,0.0035858149640262127,0.9964141845703125
Mouse_Brain_E18_MISAR,Mouse brain E18,atac,GCCATTCTTGCCGGCA-1,34.0,34.0,Diencephalonand hindbrain,0.44522279500961304,0.554777204990387,0.5385567545890808,0.4614432454109192,0.8320571780204773,0.1679428368806839,0.02673981711268425,0.9732601642608643
Mouse_Brain_E18_MISAR,Mouse brain E18,atac,TTATCCGGACTCAATA-1,10.0,21.0,Subpallium-1,0.6135265827178955,0.3864733576774597,0.5267298221588135,0.4732701778411865,0.3414255380630493,0.6585744619369507,0.049438923597335815,0.9505610466003418
Mouse_Brain_E18_MISAR,Mouse brain E18,atac,ACTTAACCACTCAATA-1,44.0,21.0,Cartilage-2,0.6239669322967529,0.37603309750556946,0.6333378553390503,0.3666621446609497,0.1405821144580841,0.8594179153442383,0.0021891905926167965,0.9978107810020447
Mouse_Brain_E18_MISAR,Mouse brain E18,atac,ACGGAGGCACTTAACC-1,21.0,7.0,Cartilage-2,0.528710126876831,0.47128990292549133,0.6992916464805603,0.3007083833217621,0.31905704736709595,0.680942952632904,0.009679852053523064,0.9903201460838318
Mouse_Brain_E18_MISAR,Mouse brain E18,atac,GGTACTGCTAGATCTA-1,36.0,31.0,Diencephalonand hindbrain,0.5900648236274719,0.4099351465702057,0.5752612352371216,0.4247387945652008,0.5792297720909119,0.42077022790908813,0.036416832357645035,0.9635831713676453
Mouse_Brain_E18_MISAR,Mouse brain E18,atac,TCCGGCCTACTCAATA-1,6.0,21.0,DPallm,0.6786277294158936,0.32137224078178406,0.49528244137763977,0.5047175288200378,0.9228573441505432,0.07714270055294037,0.021052734926342964,0.9789472818374634
Mouse_Brain_E18_MISAR,Mouse brain E18,atac,CCGAGAATCATACTCC-1,25.0,47.0,Mesenchyme,0.5627880692481995,0.43721190094947815,0.48296844959259033,0.5170315504074097,0.26972270011901855,0.7302772998809814,0.050549376755952835,0.9494506120681763
Mouse_Brain_E18_MISAR,Mouse brain E18,atac,ATCATATTCGACGCGA-1,15.0,39.0,DPallm,0.5060740113258362,0.4939260184764862,0.5097119808197021,0.49028801918029785,0.9738425016403198,0.026157544925808907,0.011003993451595306,0.9889960289001465
Mouse_Brain_E18_MISAR,Mouse brain E18,atac,AACCTGCGTCGGCCTT-1,1.0,12.0,Cartilage-3,0.49588465690612793,0.5041153430938721,0.5605237483978271,0.43947622179985046,0.10706658661365509,0.8929334282875061,0.0011156656546518207,0.998884379863739
Mouse_Brain_E18_MISAR,Mouse brain E18,atac,ATAAGGAGATCATATT-1,50.0,36.0,Diencephalonand hindbrain,0.5759138464927673,0.42408615350723267,0.5192642211914062,0.48073577880859375,0.3901282846927643,0.6098716855049133,0.005381185095757246,0.9946187734603882
Mouse_Brain_E18_MISAR,Mouse brain E18,atac,GCCATTCTTAGATCTA-1,34.0,31.0,Diencephalonand hindbrain,0.4669315218925476,0.5330684185028076,0.5197770595550537,0.4802229106426239,0.6233533620834351,0.3766466975212097,0.013772320933640003,0.9862276911735535
Mouse_Brain_E18_MISAR,Mouse brain E18,atac,GGCTGAGCCTAAGAGA-1,48.0,20.0,Mesenchyme,0.691630482673645,0.3083694577217102,0.484007328748703,0.5159926414489746,0.4279717803001404,0.5720281600952148,0.048567481338977814,0.951432466506958
Mouse_Brain_E18_MISAR,Mouse brain E18,atac,CTGATGGTGCCGCAAC-1,26.0,27.0,Diencephalonand hindbrain,0.3256531059741974,0.6743468642234802,0.46332406997680664,0.5366759300231934,0.282726913690567,0.7172731161117554,0.06005154922604561,0.9399484992027283
Mouse_Brain_E18_MISAR,Mouse brain E18,atac,CTAAGAGAGGTATGCT-1,31.0,49.0,Diencephalonand hindbrain,0.48512688279151917,0.5148730874061584,0.43347421288490295,0.5665258169174194,0.4336217939853668,0.5663782358169556,0.014654825441539288,0.985345184803009
Mouse_Brain_E18_MISAR,Mouse brain E18,atac,AGAACGTCTGGTCAGC-1,38.0,37.0,Diencephalonand hindbrain,0.7865311503410339,0.21346884965896606,0.5482587814331055,0.4517412781715393,0.2323654741048813,0.7676345109939575,0.011745430529117584,0.9882545471191406
Mouse_Brain_E18_MISAR,Mouse brain E18,atac,CTGATGGTGGTATGCT-1,26.0,49.0,Mesenchyme,0.5064951181411743,0.4935048520565033,0.5178735256195068,0.48212647438049316,0.36388346552848816,0.6361165046691895,0.04379681870341301,0.9562031626701355
Mouse_Brain_E18_MISAR,Mouse brain E18,atac,TTATTCATTTACCGAG-1,18.0,35.0,DPallm,0.3715439438819885,0.6284561157226562,0.5479078888893127,0.45209211111068726,0.8462090492248535,0.15379098057746887,0.012553743086755276,0.9874463081359863
Mouse_Brain_E18_MISAR,Mouse brain E18,atac,ATAAGGAGGCCATTCT-1,50.0,17.0,Cartilage-4,0.40531179308891296,0.5946882367134094,0.36644378304481506,0.6335562467575073,0.2734622657299042,0.7265377640724182,0.006379159167408943,0.9936208128929138
Mouse_Brain_E18_MISAR,Mouse brain E18,atac,GAAGATCGTGGTCAGC-1,8.0,37.0,Cartilage-3,0.7128298282623291,0.2871701419353485,0.5890986323356628,0.41090139746665955,0.3398507237434387,0.6601492762565613,0.03044486604630947,0.9695550799369812
Mouse_Brain_E18_MISAR,Mouse brain E18,atac,TGCGGACCGCCGCAAC-1,22.0,27.0,Diencephalonand hindbrain,0.4439922571182251,0.5560077428817749,0.5171647071838379,0.4828352630138397,0.20860327780246735,0.7913966774940491,0.024060623720288277,0.9759393930435181
Mouse_Brain_E18_MISAR,Mouse brain E18,atac,CGACGCGAGCCATTCT-1,12.0,17.0,Subpallium-1,0.3804974853992462,0.6195025444030762,0.4834136962890625,0.5165863037109375,0.21507108211517334,0.7849289774894714,0.01632300205528736,0.9836770296096802
Mouse_Brain_E18_MISAR,Mouse brain E18,atac,ACGGAGGCTGGTCAGC-1,21.0,37.0,DPallm,0.46958327293395996,0.5304167866706848,0.602653980255127,0.39734601974487305,0.8304506540298462,0.1695493757724762,0.006797908805310726,0.9932021498680115
Mouse_Brain_E18_MISAR,Mouse brain E18,atac,TGAGTCTGTGGTCAGC-1,23.0,37.0,DPallm,0.5130333304405212,0.48696666955947876,0.5962920784950256,0.403707891702652,0.8264977335929871,0.17350231111049652,0.010991471819579601,0.9890084862709045
Mouse_Brain_E18_MISAR,Mouse brain E18,atac,AGAGCTATACTATGCA-1,32.0,38.0,Diencephalonand hindbrain,0.47508755326271057,0.5249124765396118,0.4937553405761719,0.5062446594238281,0.5540878772735596,0.44591209292411804,0.014735840260982513,0.9852641820907593
Mouse_Brain_E18_MISAR,Mouse brain E18,atac,CCGAGAATTGCCGGCA-1,25.0,34.0,Thalamus,0.4075264036655426,0.5924736261367798,0.4845043122768402,0.5154956579208374,0.840897798538208,0.15910221636295319,0.017429169267416,0.9825708270072937
Mouse_Brain_E18_MISAR,Mouse brain E18,atac,TCCTACCAGATACGGA-1,29.0,40.0,Diencephalonand hindbrain,0.47787877917289734,0.522121250629425,0.4585055708885193,0.5414943695068359,0.7242974042892456,0.27570265531539917,0.021532639861106873,0.9784673452377319
Mouse_Brain_E18_MISAR,Mouse brain E18,atac,TTATTCATTGAGTCTG-1,18.0,28.0,DPallv,0.4216599464416504,0.5783401131629944,0.42917516827583313,0.5708248615264893,0.6220142841339111,0.37798574566841125,0.02891617827117443,0.9710838794708252
Mouse_Brain_E18_MISAR,Mouse brain E18,atac,ACGGAGGCGATACGGA-1,21.0,40.0,DPallv,0.4312562644481659,0.5687437057495117,0.4945228099822998,0.5054771900177002,0.9164370894432068,0.08356285840272903,0.004441384691745043,0.9955586194992065
Mouse_Brain_E18_MISAR,Mouse brain E18,atac,CGACGCGATGCCGGCA-1,12.0,34.0,DPallm,0.5573670864105225,0.44263285398483276,0.4986385405063629,0.5013614892959595,0.9752598404884338,0.024740077555179596,0.017926376312971115,0.9820736646652222
Mouse_Brain_E18_MISAR,Mouse brain E18,atac,CTAAGAGAAACCTGCG-1,31.0,50.0,Diencephalonand hindbrain,0.7530205845832825,0.24697943031787872,0.470820814371109,0.5291792154312134,0.316979318857193,0.6830207109451294,0.022756949067115784,0.9772430062294006
Mouse_Brain_E18_MISAR,Mouse brain E18,atac,AGAGCTATAGAGCTAT-1,32.0,19.0,Mesenchyme,0.5702624917030334,0.42973750829696655,0.5729224681854248,0.42707759141921997,0.1807093322277069,0.8192906379699707,0.037114836275577545,0.9628851413726807
Mouse_Brain_E18_MISAR,Mouse brain E18,atac,TAGAATTAAGAGCTAT-1,35.0,19.0,Mesenchyme,0.5116751790046692,0.4883248209953308,0.5290638208389282,0.4709361791610718,0.18776117265224457,0.812238872051239,0.017249969765543938,0.9827500581741333
Mouse_Brain_E18_MISAR,Mouse brain E18,atac,TGGTCAGCAAGAAGCT-1,14.0,44.0,Cartilage-2,0.7389164566993713,0.26108357310295105,0.4496111571788788,0.5503888726234436,0.5962726473808289,0.40372732281684875,0.028335951268672943,0.9716640710830688
Mouse_Brain_E18_MISAR,Mouse brain E18,atac,GGTATGCTTCCTACCA-1,2.0,22.0,Cartilage-3,0.7091000080108643,0.29089996218681335,0.7642877697944641,0.2357122302055359,0.44250786304473877,0.5574921369552612,0.00878164917230606,0.9912183880805969
Mouse_Brain_E18_MISAR,Mouse brain E18,atac,CGACGCGAGGTACTGC-1,12.0,15.0,Subpallium-1,0.5363562703132629,0.46364375948905945,0.5563445687294006,0.44365543127059937,0.32765814661979675,0.6723418831825256,0.04899290204048157,0.951007068157196
Mouse_Brain_E18_MISAR,Mouse brain E18,atac,CGACGCGAGACCTTGA-1,12.0,9.0,Cartilage-2,0.5274118781089783,0.4725881516933441,0.5107543468475342,0.4892456829547882,0.44476673007011414,0.5552332401275635,0.010888961143791676,0.9891110062599182
Mouse_Brain_E18_MISAR,Mouse brain E18,atac,TGGTCAGCGACCTTGA-1,14.0,9.0,DPallm,0.592261552810669,0.4077383875846863,0.41771623492240906,0.5822837352752686,0.6065243482589722,0.39347559213638306,0.016652509570121765,0.983347475528717
Mouse_Brain_E18_MISAR,Mouse brain E18,atac,CCGATTCCTGAGTCTG-1,47.0,28.0,Diencephalonand hindbrain,0.48104044795036316,0.5189595222473145,0.5660240054130554,0.4339759647846222,0.7327975034713745,0.2672024667263031,0.025637976825237274,0.9743620157241821
Mouse_Brain_E18_MISAR,Mouse brain E18,atac,AAGAAGCTATCATATT-1,7.0,36.0,Cartilage-2,0.5181871056556702,0.48181289434432983,0.6499594449996948,0.3500405550003052,0.24931252002716064,0.7506874799728394,0.02501809038221836,0.9749819040298462
Mouse_Brain_E18_MISAR,Mouse brain E18,atac,ACTATGCAATCATATT-1,13.0,36.0,DPallm,0.4952113926410675,0.5047886371612549,0.5018719434738159,0.4981280267238617,0.9750635027885437,0.024936504662036896,0.014396543614566326,0.9856034517288208
Mouse_Brain_E18_MISAR,Mouse brain E18,atac,GCGTTGGACAACCGCT-1,28.0,8.0,Cartilage-4,0.40107253193855286,0.5989274382591248,0.35808658599853516,0.6419134140014648,0.583265483379364,0.41673457622528076,0.0014220854500308633,0.9985779523849487
Mouse_Brain_E18_MISAR,Mouse brain E18,atac,GCCGCAACCATACTCC-1,24.0,47.0,Cartilage-4,0.8100080490112305,0.18999190628528595,0.4797745645046234,0.5202254056930542,0.23246972262859344,0.7675302028656006,0.014058749191462994,0.9859412312507629
Mouse_Brain_E18_MISAR,Mouse brain E18,atac,GGCTGAGCTGCCGGCA-1,48.0,34.0,Diencephalonand hindbrain,0.7974349856376648,0.20256496965885162,0.4253622591495514,0.574637770652771,0.6049127578735352,0.39508721232414246,0.1127430722117424,0.887256920337677
Mouse_Brain_E18_MISAR,Mouse brain E18,atac,GATCTTACTGCGGACC-1,27.0,29.0,Diencephalonand hindbrain,0.6021395921707153,0.39786043763160706,0.44700509309768677,0.5529949069023132,0.45753535628318787,0.5424646139144897,0.04077492281794548,0.9592249989509583
Mouse_Brain_E18_MISAR,Mouse brain E18,atac,CTTGCGCCTCCGGCCT-1,37.0,45.0,Diencephalonand hindbrain,0.464304119348526,0.5356959104537964,0.5569734573364258,0.4430265426635742,0.4253523647785187,0.5746476054191589,0.03803536668419838,0.9619646668434143
Mouse_Brain_E18_MISAR,Mouse brain E18,atac,CATACTCCTAGATCTA-1,4.0,31.0,Cartilage-2,0.6856497526168823,0.31435027718544006,0.5729820728302002,0.4270179569721222,0.7039592862129211,0.29604077339172363,0.027705762535333633,0.972294270992279
Mouse_Brain_E18_MISAR,Mouse brain E18,atac,ATAAGGAGGGTATGCT-1,50.0,49.0,DPallv,0.4637925326824188,0.5362074375152588,0.5401024222373962,0.45989757776260376,0.056606657803058624,0.9433932900428772,0.011277356185019016,0.9887226819992065
Mouse_Brain_E18_MISAR,Mouse brain E18,atac,TAGAATTAGCCATTCT-1,35.0,17.0,Mesenchyme,0.5428196787834167,0.45718035101890564,0.581813395023346,0.4181865453720093,0.08477336168289185,0.9152266979217529,0.01145795825868845,0.9885420799255371
Mouse_Brain_E18_MISAR,Mouse brain E18,atac,CCAGTTCCGATCTTAC-1,45.0,24.0,Mesenchyme,0.6568119525909424,0.34318798780441284,0.553309440612793,0.44669052958488464,0.5398866534233093,0.4601133465766907,0.007012124173343182,0.9929879307746887
Mouse_Brain_E18_MISAR,Mouse brain E18,atac,AGAGCTATCATACTCC-1,32.0,47.0,Diencephalonand hindbrain,0.5350488424301147,0.46495115756988525,0.5980046987533569,0.4019952714443207,0.3448288142681122,0.6551711559295654,0.007338726427406073,0.9926612377166748
Mouse_Brain_E18_MISAR,Mouse brain E18,atac,TTGACTTCGCAGGTCC-1,33.0,11.0,Mesenchyme,0.5547992587089539,0.44520077109336853,0.5340869426727295,0.4659130871295929,0.5461941361427307,0.4538058340549469,0.00790298730134964,0.992097020149231
Mouse_Brain_E18_MISAR,Mouse brain E18,atac,CCGAGAATGATCTTAC-1,25.0,24.0,Diencephalonand hindbrain,0.45241931080818176,0.5475806593894958,0.47309085726737976,0.5269091725349426,0.3572433590888977,0.6427566409111023,0.06396039575338364,0.9360395669937134
Mouse_Brain_E18_MISAR,Mouse brain E18,atac,TAGATCTACTGATGGT-1,20.0,25.0,Subpallium-2,0.5530906319618225,0.4469093978404999,0.4630280137062073,0.536971926689148,0.24167123436927795,0.7583287358283997,0.018171319738030434,0.9818286895751953
Mouse_Brain_E18_MISAR,Mouse brain E18,atac,AGAACGTCAGAACGTC-1,38.0,13.0,Cartilage-1,0.34507885575294495,0.6549211144447327,0.7688474059104919,0.23115259408950806,0.16925428807735443,0.8307457566261292,0.004979717545211315,0.9950202703475952
Mouse_Brain_E18_MISAR,Mouse brain E18,atac,GATCTTACCATACTCC-1,27.0,47.0,Mesenchyme,0.4631073474884033,0.5368926525115967,0.48578694462776184,0.5142130255699158,0.32597029209136963,0.6740296483039856,0.017037680372595787,0.9829623103141785
Mouse_Brain_E18_MISAR,Mouse brain E18,atac,GAAGATCGCTTGCGCC-1,8.0,14.0,DPallm,0.49775031208992004,0.5022497177124023,0.5245468616485596,0.47545313835144043,0.8490487337112427,0.1509513258934021,0.05432550236582756,0.9456745386123657
Mouse_Brain_E18_MISAR,Mouse brain E18,atac,AGAACGTCTAGAGTAA-1,38.0,10.0,Cartilage-2,0.7119306325912476,0.28806939721107483,0.6431868076324463,0.3568132519721985,0.3076760768890381,0.6923239231109619,0.005478586070239544,0.9945213794708252
Mouse_Brain_E18_MISAR,Mouse brain E18,atac,TCGGCCTTTTACCGAG-1,39.0,35.0,Diencephalonand hindbrain,0.7811576128005981,0.21884240210056305,0.5717090368270874,0.4282909035682678,0.3366577625274658,0.6633421778678894,0.06469570100307465,0.9353043437004089
Mouse_Brain_E18_MISAR,Mouse brain E18,atac,TAGAGTAATAGATCTA-1,41.0,31.0,Diencephalonand hindbrain,0.7064970135688782,0.29350292682647705,0.5067890286445618,0.49321097135543823,0.3384295105934143,0.6615704894065857,0.03450468182563782,0.9654953479766846
Mouse_Brain_E18_MISAR,Mouse brain E18,atac,TAGAATTATCTGATAC-1,35.0,42.0,Diencephalonand hindbrain,0.402154803276062,0.5978451371192932,0.48457130789756775,0.5154286623001099,0.5830737352371216,0.41692623496055603,0.025776933878660202,0.9742230772972107
Mouse_Brain_E18_MISAR,Mouse brain E18,atac,GACCTTGATAGAATTA-1,42.0,16.0,Cartilage-2,0.3404795229434967,0.6595204472541809,0.4780687987804413,0.5219312310218811,0.09406829625368118,0.9059317111968994,0.002367864828556776,0.9976321458816528
Mouse_Brain_E18_MISAR,Mouse brain E18,atac,TAGATCTAGCCATTCT-1,20.0,17.0,Subpallium-1,0.3839763402938843,0.616023600101471,0.4792385995388031,0.5207614302635193,0.21303103864192963,0.7869689464569092,0.012743585743010044,0.9872564077377319
Mouse_Brain_E18_MISAR,Mouse brain E18,atac,GAAGATCGACTCAATA-1,8.0,21.0,DPallv,0.5313158631324768,0.4686841070652008,0.5620887875556946,0.4379112124443054,0.8969078660011292,0.10309217870235443,0.04283154010772705,0.957168459892273
Mouse_Brain_E18_MISAR,Mouse brain E18,atac,ACTTAACCTTATTCAT-1,44.0,33.0,Diencephalonand hindbrain,0.532597541809082,0.46740251779556274,0.5367593765258789,0.4632405638694763,0.6031486392021179,0.3968513309955597,0.008706643246114254,0.9912933707237244
Mouse_Brain_E18_MISAR,Mouse brain E18,atac,TAGAGTAATTACCGAG-1,41.0,35.0,Diencephalonand hindbrain,0.519152045249939,0.4808479845523834,0.41758298873901367,0.5824170112609863,0.4633248448371887,0.5366751551628113,0.02339252084493637,0.9766075015068054
Mouse_Brain_E18_MISAR,Mouse brain E18,atac,TTACCGAGTTACCGAG-1,16.0,35.0,DPallv,0.5177164673805237,0.48228350281715393,0.4627905488014221,0.5372094511985779,0.9139135479927063,0.0860864445567131,0.0059506152756512165,0.9940494298934937
Mouse_Brain_E18_MISAR,Mouse brain E18,atac,GGTACTGCTTATCCGG-1,36.0,41.0,Diencephalonand hindbrain,0.653300940990448,0.346699059009552,0.64131098985672,0.3586890697479248,0.594862163066864,0.4051378071308136,0.015526153147220612,0.9844738245010376
Mouse_Brain_E18_MISAR,Mouse brain E18,atac,ATCATATTGATACGGA-1,15.0,40.0,DPallm,0.547155499458313,0.4528445303440094,0.4677000939846039,0.5322999358177185,0.9714787006378174,0.028521327301859856,0.011503679677844048,0.9884963035583496
Mouse_Brain_E18_MISAR,Mouse brain E18,atac,ATAAGGAGTTATTCAT-1,50.0,33.0,Diencephalonand hindbrain,0.6442506909370422,0.35574933886528015,0.5105721950531006,0.489427775144577,0.6306806802749634,0.36931928992271423,0.006889762356877327,0.9931102991104126
Mouse_Brain_E18_MISAR,Mouse brain E18,atac,GCCATTCTGCGTTGGA-1,34.0,23.0,Mesenchyme,0.42241013050079346,0.5775898694992065,0.4927201271057129,0.5072798728942871,0.6888680458068848,0.31113192439079285,0.008963075466454029,0.9910368919372559
Mouse_Brain_E18_MISAR,Mouse brain E18,atac,GCAGGTCCCCGAGAAT-1,40.0,26.0,Cartilage-2,0.6201385259628296,0.37986141443252563,0.41503074765205383,0.5849692821502686,0.3707970976829529,0.6292028427124023,0.04363736882805824,0.9563626646995544
Mouse_Brain_E18_MISAR,Mouse brain E18,atac,CGAACGCCAATTAAGA-1,49.0,32.0,Diencephalonand hindbrain,0.4544083774089813,0.5455916523933411,0.49544262886047363,0.5045574307441711,0.5388940572738647,0.46110591292381287,0.007505911868065596,0.9924941062927246
Mouse_Brain_E18_MISAR,Mouse brain E18,atac,TAGATCTAAATTAAGA-1,20.0,32.0,Mesenchyme,0.5165543556213379,0.4834456145763397,0.4442237615585327,0.5557762980461121,0.6530187129974365,0.3469812870025635,0.005069487262517214,0.9949304461479187
Mouse_Brain_E18_MISAR,Mouse brain E18,atac,GACCTTGATTGACTTC-1,42.0,18.0,Cartilage-2,0.48372840881347656,0.5162715911865234,0.4640047550201416,0.5359952449798584,0.14332397282123566,0.8566760420799255,0.0032287195790559053,0.9967712759971619
Mouse_Brain_E18_MISAR,Mouse brain E18,atac,CAACCGCTTCGGCCTT-1,43.0,12.0,Cartilage-4,0.45990318059921265,0.5400968194007874,0.5447146892547607,0.45528531074523926,0.28363075852394104,0.7163692712783813,0.02845737710595131,0.9715426564216614
Mouse_Brain_E18_MISAR,Mouse brain E18,atac,TTGACTTCAAGAAGCT-1,33.0,44.0,Diencephalonand hindbrain,0.5168023109436035,0.4831976890563965,0.527765691280365,0.47223424911499023,0.4377540946006775,0.5622459053993225,0.08722461014986038,0.9127753376960754
Mouse_Brain_E18_MISAR,Mouse brain E18,atac,TTATCCGGTTATCCGG-1,10.0,41.0,Mesenchyme,0.5391681790351868,0.46083179116249084,0.6743170619010925,0.32568293809890747,0.5055454969406128,0.494454562664032,0.03668329492211342,0.9633166790008545
Mouse_Brain_E18_MISAR,Mouse brain E18,atac,GCCGCAACCCAGTTCC-1,24.0,6.0,Cartilage-4,0.6332278251647949,0.3667721748352051,0.6258795261383057,0.3741205334663391,0.22282744944095612,0.7771725654602051,0.009039108641445637,0.9909608960151672
Mouse_Brain_E18_MISAR,Mouse brain E18,atac,CCGAGAATTGGTCAGC-1,25.0,37.0,Mesenchyme,0.7056760191917419,0.29432398080825806,0.4714927077293396,0.5285072922706604,0.4381294250488281,0.5618706345558167,0.012517176568508148,0.9874827861785889
Mouse_Brain_E18_MISAR,Mouse brain E18,atac,AACCTGCGACTTAACC-1,1.0,7.0,Cartilage-3,0.4318752884864807,0.5681247115135193,0.7466447353363037,0.2533552646636963,0.16471222043037415,0.8352877497673035,0.0007236689561977983,0.999276340007782
Mouse_Brain_E18_MISAR,Mouse brain E18,atac,CAACCGCTACTATGCA-1,43.0,38.0,Diencephalonand hindbrain,0.702370285987854,0.2976296842098236,0.5129583477973938,0.4870416522026062,0.21273347735404968,0.7872664928436279,0.015511618927121162,0.9844883680343628
Mouse_Brain_E18_MISAR,Mouse brain E18,atac,AGAGAAGGATCATATT-1,5.0,36.0,Mesenchyme,0.5737553834915161,0.4262446463108063,0.47088778018951416,0.5291121602058411,0.29052630066871643,0.709473729133606,0.02973014861345291,0.9702698588371277
Mouse_Brain_E18_MISAR,Mouse brain E18,atac,AGAGCTATATCATATT-1,32.0,36.0,Diencephalonand hindbrain,0.5094048380851746,0.4905951917171478,0.4399029314517975,0.5600970983505249,0.5564908981323242,0.44350913166999817,0.014301111921668053,0.9856988787651062
Mouse_Brain_E18_MISAR,Mouse brain E18,atac,CCGAGAATTGCGGACC-1,25.0,29.0,Diencephalonand hindbrain,0.6633893251419067,0.3366106450557709,0.41285842657089233,0.5871415734291077,0.5639232993125916,0.43607670068740845,0.020466273650527,0.9795336723327637
Mouse_Brain_E18_MISAR,Mouse brain E18,atac,TAGAGTAAAGAACGTC-1,41.0,13.0,Cartilage-3,0.4266454875469208,0.5733545422554016,0.629205048084259,0.3707949221134186,0.12321893125772476,0.8767810463905334,0.00891715008765459,0.9910827875137329
Mouse_Brain_E18_MISAR,Mouse brain E18,atac,CTAAGAGATAGAGTAA-1,31.0,10.0,Mesenchyme,0.6682657599449158,0.33173418045043945,0.6279780268669128,0.37202194333076477,0.3128281831741333,0.6871718764305115,0.006487233564257622,0.9935128092765808
Mouse_Brain_E18_MISAR,Mouse brain E18,atac,GGCTGAGCACTCAATA-1,48.0,21.0,Cartilage-3,0.6799687147140503,0.3200313150882721,0.4603230059146881,0.5396769642829895,0.28035232424736023,0.7196477055549622,0.012106594629585743,0.9878934025764465
Mouse_Brain_E18_MISAR,Mouse brain E18,atac,GCCATTCTCGACGCGA-1,34.0,39.0,Diencephalonand hindbrain,0.553554356098175,0.44644561409950256,0.5318589210510254,0.4681410491466522,0.5550598502159119,0.44494014978408813,0.017265547066926956,0.9827345013618469
Mouse_Brain_E18_MISAR,Mouse brain E18,atac,TAGATCTACGACGCGA-1,20.0,39.0,DPallv,0.5544760823249817,0.44552385807037354,0.5583897829055786,0.441610187292099,0.9221446514129639,0.07785535603761673,0.003914708737283945,0.9960852861404419
Mouse_Brain_E18_MISAR,Mouse brain E18,atac,CCAGTTCCTGCGGACC-1,45.0,29.0,Diencephalonand hindbrain,0.3892306983470917,0.6107692718505859,0.37864717841148376,0.6213527917861938,0.7977807521820068,0.20221926271915436,0.04738987982273102,0.952610194683075
Mouse_Brain_E18_MISAR,Mouse brain E18,atac,ATAAGGAGTGGTCAGC-1,50.0,37.0,Diencephalonand hindbrain,0.5506664514541626,0.4493336081504822,0.5919585227966309,0.40804147720336914,0.51444411277771,0.4855559170246124,0.006074481178075075,0.9939255118370056
Mouse_Brain_E18_MISAR,Mouse brain E18,atac,TCTGATACTAGAGTAA-1,9.0,10.0,Diencephalonand hindbrain,0.4478570520877838,0.5521429181098938,0.6298367381095886,0.3701632022857666,0.41210296750068665,0.587897002696991,0.004396479576826096,0.9956035614013672
Mouse_Brain_E18_MISAR,Mouse brain E18,atac,TTACCGAGTTATCCGG-1,16.0,41.0,DPallm,0.48991283774375916,0.5100871920585632,0.40562912821769714,0.5943708419799805,0.9707109332084656,0.02928909659385681,0.00922753568738699,0.9907724857330322
Mouse_Brain_E18_MISAR,Mouse brain E18,atac,GATCTTACTCGGCCTT-1,27.0,12.0,Diencephalonand hindbrain,0.5603853464126587,0.4396146237850189,0.45051318407058716,0.5494868159294128,0.46920374035835266,0.5307962894439697,0.04795272648334503,0.9520472288131714
Mouse_Brain_E18_MISAR,Mouse brain E18,atac,ATCATATTTCCTACCA-1,15.0,22.0,Subpallium-1,0.4250590205192566,0.5749409794807434,0.5308272838592529,0.46917271614074707,0.0920715406537056,0.907928466796875,0.0789858028292656,0.921014130115509
Mouse_Brain_E18_MISAR,Mouse brain E18,atac,TTATTCATACTCAATA-1,18.0,21.0,Subpallium-1,0.4977785050868988,0.5022215247154236,0.39204639196395874,0.6079536080360413,0.1706264764070511,0.8293735384941101,0.018494363874197006,0.9815056920051575
Mouse_Brain_E18_MISAR,Mouse brain E18,atac,GCCGCAACAGAACGTC-1,24.0,13.0,Diencephalonand hindbrain,0.6759353876113892,0.32406458258628845,0.4980371296405792,0.5019628405570984,0.36955663561820984,0.6304433941841125,0.07981055974960327,0.9201894402503967
Mouse_Brain_E18_MISAR,Mouse brain E18,atac,ACCGCCAACTAAGAGA-1,46.0,20.0,Cartilage-2,0.45603272318840027,0.5439672470092773,0.5261868238449097,0.47381314635276794,0.472735196352005,0.5272648334503174,0.00973969604820013,0.9902603030204773
Mouse_Brain_E18_MISAR,Mouse brain E18,atac,CCGATTCCGGTATGCT-1,47.0,49.0,Mesenchyme,0.3351452052593231,0.6648547649383545,0.5236527323722839,0.47634729743003845,0.07976239174604416,0.9202376008033752,0.013362566009163857,0.9866374731063843
Mouse_Brain_E18_MISAR,Mouse brain E18,atac,CTAAGAGACCAGTTCC-1,31.0,6.0,Cartilage-1,0.6558305025100708,0.3441694974899292,0.5889260172843933,0.4110739827156067,0.3128625452518463,0.6871374845504761,0.010547338053584099,0.989452600479126
Mouse_Brain_E18_MISAR,Mouse brain E18,atac,TCTGATACACCGCCAA-1,9.0,5.0,Cartilage-3,0.5927457213401794,0.40725427865982056,0.466155081987381,0.5338449478149414,0.1427026391029358,0.8572973012924194,0.0024544857442378998,0.9975455403327942
Mouse_Brain_E18_MISAR,Mouse brain E18,atac,ACTCAATAGATACGGA-1,30.0,40.0,Diencephalonand hindbrain,0.706005871295929,0.29399409890174866,0.6205517053604126,0.379448264837265,0.7697306871414185,0.23026932775974274,0.030948525294661522,0.9690515398979187
Mouse_Brain_E18_MISAR,Mouse brain E18,atac,TGAGTCTGCAACCGCT-1,23.0,8.0,Cartilage-2,0.640830397605896,0.3591696619987488,0.576904833316803,0.423095166683197,0.5336287617683411,0.4663712680339813,0.004810734651982784,0.9951893091201782
Mouse_Brain_E18_MISAR,Mouse brain E18,atac,CCGAGAATACTTAACC-1,25.0,7.0,Cartilage-2,0.4732859432697296,0.526714026927948,0.40301984548568726,0.5969801545143127,0.1492733210325241,0.8507266640663147,0.010662536136806011,0.9893374443054199
Mouse_Brain_E18_MISAR,Mouse brain E18,atac,TGCCGGCATGCCGGCA-1,17.0,34.0,Mesenchyme,0.5014419555664062,0.49855804443359375,0.5626247525215149,0.4373752176761627,0.8485931158065796,0.15140682458877563,0.00938983540982008,0.9906101822853088
Mouse_Brain_E18_MISAR,Mouse brain E18,atac,TGCCGGCAAATTAAGA-1,17.0,32.0,Mesenchyme,0.4253174662590027,0.5746825337409973,0.3930227756500244,0.6069771647453308,0.7861124873161316,0.2138875275850296,0.003954526036977768,0.9960454106330872
Mouse_Brain_E18_MISAR,Mouse brain E18,atac,TAGATCTACCGAGAAT-1,20.0,26.0,DPallv,0.5276941061019897,0.47230586409568787,0.5518261790275574,0.44817376136779785,0.2384425848722458,0.761557400226593,0.011660662479698658,0.9883393049240112
Mouse_Brain_E18_MISAR,Mouse brain E18,atac,CGACGCGAAATTAAGA-1,12.0,32.0,DPallm,0.5439510941505432,0.4560488760471344,0.5014193654060364,0.4985806345939636,0.9558861255645752,0.0441138781607151,0.0241822749376297,0.9758176803588867
Mouse_Brain_E18_MISAR,Mouse brain E18,atac,TGCCGGCAGATCTTAC-1,17.0,24.0,Subpallium-1,0.4776805639266968,0.5223194360733032,0.5789098739624023,0.42109015583992004,0.12786002457141876,0.8721399903297424,0.053975142538547516,0.9460248947143555
Mouse_Brain_E18_MISAR,Mouse brain E18,atac,ATAAGGAGGCGTTGGA-1,50.0,23.0,Cartilage-2,0.5989740490913391,0.4010258913040161,0.5401472449302673,0.4598526954650879,0.4153175950050354,0.5846824049949646,0.012560376897454262,0.9874396324157715
Mouse_Brain_E18_MISAR,Mouse brain E18,atac,TCCTACCATGCCGGCA-1,29.0,34.0,Diencephalonand hindbrain,0.58823162317276,0.4117684066295624,0.4382839500904083,0.5617160797119141,0.711135983467102,0.2888639569282532,0.011595065705478191,0.9884048700332642
Mouse_Brain_E18_MISAR,Mouse brain E18,atac,TGCGGACCTGCGGACC-1,22.0,29.0,Thalamus,0.5827133059501648,0.4172867238521576,0.5691231489181519,0.43087679147720337,0.5995988249778748,0.40040120482444763,0.030002951622009277,0.9699970483779907
Mouse_Brain_E18_MISAR,Mouse brain E18,atac,GCGTTGGAACTATGCA-1,28.0,38.0,Diencephalonand hindbrain,0.5507524013519287,0.4492475688457489,0.48245498538017273,0.5175449848175049,0.621518075466156,0.37848198413848877,0.027206817641854286,0.9727932214736938
Mouse_Brain_E18_MISAR,Mouse brain E18,atac,ATCATATTTGCCGGCA-1,15.0,34.0,DPallv,0.597987711429596,0.40201228857040405,0.6112172603607178,0.3887827396392822,0.9031446576118469,0.09685537219047546,0.002923488849774003,0.9970765113830566
Mouse_Brain_E18_MISAR,Mouse brain E18,atac,TTACCGAGCCAGTTCC-1,16.0,6.0,Cartilage-3,0.5550333261489868,0.44496670365333557,0.7361047267913818,0.26389530301094055,0.060941796749830246,0.939058244228363,0.0010131120216101408,0.9989868998527527
Mouse_Brain_E18_MISAR,Mouse brain E18,atac,ATCATATTCTAAGAGA-1,15.0,20.0,Subpallium-1,0.46858537197113037,0.5314146876335144,0.5055071711540222,0.4944928288459778,0.10092073678970337,0.8990792632102966,0.14083997905254364,0.8591600060462952
Mouse_Brain_E18_MISAR,Mouse brain E18,atac,GGTATGCTGACCTTGA-1,2.0,9.0,Cartilage-3,0.4822772741317749,0.5177226662635803,0.6504100561141968,0.34958988428115845,0.11885378509759903,0.8811461925506592,0.0015925794141367078,0.9984074234962463
Mouse_Brain_E18_MISAR,Mouse brain E18,atac,ATCATATTTAGATCTA-1,15.0,31.0,DPallv,0.4784815013408661,0.5215184688568115,0.5224063396453857,0.47759366035461426,0.8604705929756165,0.13952942192554474,0.01604750193655491,0.9839524626731873
Mouse_Brain_E18_MISAR,Mouse brain E18,atac,ACCGCCAACGACGCGA-1,46.0,39.0,Diencephalonand hindbrain,0.48481670022010803,0.5151832699775696,0.5528782606124878,0.4471217393875122,0.5687788128852844,0.43122121691703796,0.005038916599005461,0.9949610233306885
Mouse_Brain_E18_MISAR,Mouse brain E18,atac,CCGATTCCCGACGCGA-1,47.0,39.0,Diencephalonand hindbrain,0.3504828214645386,0.6495171785354614,0.6539005637168884,0.3460993766784668,0.5641857385635376,0.43581423163414,0.012051847763359547,0.9879481196403503
Mouse_Brain_E18_MISAR,Mouse brain E18,atac,TTATTCATGCTAACTT-1,18.0,48.0,Mesenchyme,0.3794387876987457,0.6205611824989319,0.48417162895202637,0.5158283710479736,0.4390157163143158,0.5609843134880066,0.030876312404870987,0.9691237211227417
Mouse_Brain_E18_MISAR,Mouse brain E18,atac,CGACGCGAAAGAAGCT-1,12.0,44.0,Cartilage-2,0.7098324298858643,0.29016754031181335,0.5657109618186951,0.43428900837898254,0.5842750668525696,0.4157249629497528,0.03184710443019867,0.9681528806686401
Mouse_Brain_E18_MISAR,Mouse brain E18,atac,TGCGGACCCTGATGGT-1,22.0,25.0,Diencephalonand hindbrain,0.5314728617668152,0.4685271084308624,0.5339160561561584,0.46608400344848633,0.16553138196468353,0.8344686031341553,0.0342995710670948,0.9657004475593567
Mouse_Brain_E18_MISAR,Mouse brain E18,atac,GCAGGTCCTTGACTTC-1,40.0,18.0,Cartilage-1,0.46703481674194336,0.5329651236534119,0.6074815392494202,0.39251843094825745,0.06595108658075333,0.9340488910675049,0.0029987420421093702,0.9970012307167053
Mouse_Brain_E18_MISAR,Mouse brain E18,atac,CTTGCGCCCTGATGGT-1,37.0,25.0,Mesenchyme,0.6120440363883972,0.38795602321624756,0.4655506908893585,0.5344492793083191,0.5283756256103516,0.47162431478500366,0.010116133838891983,0.9898837804794312
Mouse_Brain_E18_MISAR,Mouse brain E18,atac,CAACCGCTTTATTCAT-1,43.0,33.0,Diencephalonand hindbrain,0.7274766564369202,0.2725233733654022,0.519881546497345,0.4801184833049774,0.5641863346099854,0.43581366539001465,0.004601132124662399,0.9953988194465637
Mouse_Brain_E18_MISAR,Mouse brain E18,atac,ACTCAATATTATCCGG-1,30.0,41.0,Diencephalonand hindbrain,0.47200849652290344,0.5279914736747742,0.430137038230896,0.5698630213737488,0.6509087085723877,0.3490912914276123,0.024146055802702904,0.9758539199829102
Mouse_Brain_E18_MISAR,Mouse brain E18,atac,CCGATTCCCCGAGAAT-1,47.0,26.0,Diencephalonand hindbrain,0.5854951739311218,0.41450488567352295,0.5837361216545105,0.4162638783454895,0.48116183280944824,0.518838107585907,0.006177063100039959,0.9938229322433472
Mouse_Brain_E18_MISAR,Mouse brain E18,atac,CCGATTCCCATACTCC-1,47.0,47.0,Midbrain,0.35869157314300537,0.6413084268569946,0.473418653011322,0.526581346988678,0.10403420031070709,0.8959658145904541,0.006998312193900347,0.9930016398429871
Mouse_Brain_E18_MISAR,Mouse brain E18,atac,GATCTTACAACCTGCG-1,27.0,50.0,Mesenchyme,0.7994437217712402,0.20055630803108215,0.5042493343353271,0.49575063586235046,0.2812938690185547,0.7187061309814453,0.04099522531032562,0.959004819393158
Mouse_Brain_E18_MISAR,Mouse brain E18,atac,TCCTACCAAACCTGCG-1,29.0,50.0,Mesenchyme,0.6567983627319336,0.34320157766342163,0.4841950833797455,0.5158048868179321,0.3866159915924072,0.6133840084075928,0.1309937685728073,0.8690062165260315
Mouse_Brain_E18_MISAR,Mouse brain E18,atac,TTATCCGGGCCGCAAC-1,10.0,27.0,DPallv,0.6126893758773804,0.38731062412261963,0.6843675374984741,0.3156324326992035,0.9165355563163757,0.08346444368362427,0.028266621753573418,0.9717333912849426
Mouse_Brain_E18_MISAR,Mouse brain E18,atac,TTATTCATATCATATT-1,18.0,36.0,Mesenchyme,0.5470854043960571,0.4529145658016205,0.5988208055496216,0.4011791944503784,0.8192821741104126,0.18071779608726501,0.0078109982423484325,0.9921890497207642
Mouse_Brain_E18_MISAR,Mouse brain E18,atac,TAGAGTAAGCTAACTT-1,41.0,48.0,Diencephalonand hindbrain,0.5743343830108643,0.42566561698913574,0.5181245803833008,0.4818754196166992,0.3164832293987274,0.6835167407989502,0.007630560081452131,0.9923694133758545
Mouse_Brain_E18_MISAR,Mouse brain E18,atac,TTACCGAGTGAGTCTG-1,16.0,28.0,Subpallium-2,0.5723320841789246,0.42766791582107544,0.5295100808143616,0.4704899191856384,0.41044846177101135,0.589551568031311,0.026365969330072403,0.9736340641975403
Mouse_Brain_E18_MISAR,Mouse brain E18,atac,TCCTACCAAGAACGTC-1,29.0,13.0,Diencephalonand hindbrain,0.5380579233169556,0.46194204688072205,0.5742425322532654,0.4257574677467346,0.16004671156406403,0.8399532437324524,0.026884201914072037,0.9731157422065735
Mouse_Brain_E18_MISAR,Mouse brain E18,atac,ACTTAACCACGGAGGC-1,44.0,30.0,Diencephalonand hindbrain,0.3216564357280731,0.6783435344696045,0.5058189034461975,0.4941810965538025,0.677878201007843,0.3221217691898346,0.06776036322116852,0.9322395920753479
Mouse_Brain_E18_MISAR,Mouse brain E18,atac,GCAGGTCCACTCAATA-1,40.0,21.0,Cartilage-1,0.47924309968948364,0.5207569599151611,0.5797505378723145,0.42024943232536316,0.0647088810801506,0.9352911114692688,0.0020315342117100954,0.9979684948921204
Mouse_Brain_E18_MISAR,Mouse brain E18,atac,ACCGCCAAACTATGCA-1,46.0,38.0,Diencephalonand hindbrain,0.3732401728630066,0.6267597675323486,0.5685375332832336,0.43146246671676636,0.5356483459472656,0.4643515944480896,0.007710792124271393,0.9922892451286316
Mouse_Brain_E18_MISAR,Mouse brain E18,atac,ATAAGGAGGAAGATCG-1,50.0,43.0,Diencephalonand hindbrain,0.596011757850647,0.40398821234703064,0.4770854711532593,0.5229145288467407,0.6179062128067017,0.3820938169956207,0.03434311971068382,0.9656568765640259
Mouse_Brain_E18_MISAR,Mouse brain E18,atac,GGTACTGCTGCCGGCA-1,36.0,34.0,Diencephalonand hindbrain,0.39346399903297424,0.6065360307693481,0.4770119786262512,0.5229880213737488,0.41499054431915283,0.5850095152854919,0.014419066719710827,0.9855809807777405
Mouse_Brain_E18_MISAR,Mouse brain E18,atac,TCCTACCACGACGCGA-1,29.0,39.0,Diencephalonand hindbrain,0.6079495549201965,0.39205050468444824,0.5254755020141602,0.47452449798583984,0.6237691044807434,0.3762308359146118,0.007433630526065826,0.9925663471221924
Mouse_Brain_E18_MISAR,Mouse brain E18,atac,ATCATATTTAGAATTA-1,15.0,16.0,Subpallium-1,0.3952828347682953,0.6047171354293823,0.4892359673976898,0.5107640027999878,0.18741083145141602,0.812589168548584,0.030128151178359985,0.9698718786239624
Mouse_Brain_E18_MISAR,Mouse brain E18,atac,GATCTTACAAGAAGCT-1,27.0,44.0,Diencephalonand hindbrain,0.5203399658203125,0.4796600043773651,0.5831107497215271,0.4168892502784729,0.2674262225627899,0.7325737476348877,0.06414011120796204,0.9358598589897156
Mouse_Brain_E18_MISAR,Mouse brain E18,atac,CTGATGGTTTATTCAT-1,26.0,33.0,Thalamus,0.5096355080604553,0.4903644919395447,0.45988476276397705,0.540115237236023,0.6137306094169617,0.38626939058303833,0.011769410222768784,0.9882305860519409
Mouse_Brain_E18_MISAR,Mouse brain E18,atac,GATCTTACCTTGCGCC-1,27.0,14.0,Diencephalonand hindbrain,0.3326629400253296,0.6673370599746704,0.5955338478088379,0.4044661223888397,0.18670059740543365,0.8132994771003723,0.01251342985779047,0.9874866008758545
Mouse_Brain_E18_MISAR,Mouse brain E18,atac,GCCATTCTTTGACTTC-1,34.0,18.0,Mesenchyme,0.638100266456604,0.3618996739387512,0.46601131558418274,0.5339887142181396,0.17739781737327576,0.8226022124290466,0.022576093673706055,0.977423906326294
Mouse_Brain_E18_MISAR,Mouse brain E18,atac,TGCCGGCAGCTAACTT-1,17.0,48.0,Mesenchyme,0.6419132947921753,0.35808664560317993,0.555699348449707,0.44430065155029297,0.4369708299636841,0.5630291700363159,0.06432260572910309,0.9356774091720581
Mouse_Brain_E18_MISAR,Mouse brain E18,atac,AATTAAGAGCAGGTCC-1,19.0,11.0,Subpallium-1,0.2856491804122925,0.7143508195877075,0.4995673894882202,0.5004326105117798,0.5324897170066833,0.4675102233886719,0.0239197239279747,0.9760802984237671
Mouse_Brain_E18_MISAR,Mouse brain E18,atac,ACCGCCAAGATACGGA-1,46.0,40.0,Diencephalonand hindbrain,0.5582897067070007,0.4417102336883545,0.484980970621109,0.5150190591812134,0.3934985399246216,0.6065014600753784,0.010107118636369705,0.9898928999900818
Mouse_Brain_E18_MISAR,Mouse brain E18,atac,GATACGGATTACCGAG-1,11.0,35.0,DPallm,0.4996093213558197,0.5003907084465027,0.5413395762443542,0.45866045355796814,0.9848857522010803,0.015114172361791134,0.0035062897950410843,0.9964937567710876
Mouse_Brain_E18_MISAR,Mouse brain E18,atac,AGAGCTATTAGAGTAA-1,32.0,10.0,Mesenchyme,0.5515093803405762,0.44849058985710144,0.4760384261608124,0.5239615440368652,0.3587334454059601,0.6412665843963623,0.014476070180535316,0.9855238795280457
Mouse_Brain_E18_MISAR,Mouse brain E18,atac,CAACCGCTGGTACTGC-1,43.0,15.0,Cartilage-3,0.5612118244171143,0.4387882351875305,0.7520763874053955,0.24792362749576569,0.06425641477108002,0.9357435703277588,0.0019189032027497888,0.9980810880661011
Mouse_Brain_E18_MISAR,Mouse brain E18,atac,ACGGAGGCTGCGGACC-1,21.0,29.0,Thalamus,0.6343712210655212,0.36562880873680115,0.6241067051887512,0.37589332461357117,0.7151426672935486,0.2848573327064514,0.024793533608317375,0.9752064347267151
Mouse_Brain_E18_MISAR,Mouse brain E18,atac,TCGGCCTTTAGATCTA-1,39.0,31.0,Diencephalonand hindbrain,0.6586425304412842,0.3413575291633606,0.5260000824928284,0.47399991750717163,0.5867644548416138,0.41323554515838623,0.01286484394222498,0.987135112285614
Mouse_Brain_E18_MISAR,Mouse brain E18,atac,TCGGCCTTAATTAAGA-1,39.0,32.0,Diencephalonand hindbrain,0.5978530049324036,0.4021470248699188,0.5249020457267761,0.4750978946685791,0.46926796436309814,0.5307320356369019,0.0158415324985981,0.9841585159301758
Mouse_Brain_E18_MISAR,Mouse brain E18,atac,ATAAGGAGCATACTCC-1,50.0,47.0,Midbrain,0.4395345449447632,0.5604655146598816,0.4908946454524994,0.509105384349823,0.12112973630428314,0.8788702487945557,0.00363208819180727,0.9963679313659668
Mouse_Brain_E18_MISAR,Mouse brain E18,atac,CTTGCGCCGCTAACTT-1,37.0,48.0,Diencephalonand hindbrain,0.602423369884491,0.3975766599178314,0.4059828221797943,0.5940172076225281,0.32308149337768555,0.6769185066223145,0.01373499445617199,0.9862650036811829
Mouse_Brain_E18_MISAR,Mouse brain E18,atac,GATCTTACAATTAAGA-1,27.0,32.0,Thalamus,0.48231711983680725,0.5176829099655151,0.4808632433414459,0.5191367864608765,0.6598759889602661,0.3401240110397339,0.021381227299571037,0.9786188006401062
Mouse_Brain_E18_MISAR,Mouse brain E18,atac,AGAACGTCGATACGGA-1,38.0,40.0,Diencephalonand hindbrain,0.7268081903457642,0.2731918394565582,0.5534546375274658,0.44654539227485657,0.6544256806373596,0.3455743193626404,0.010421446524560452,0.9895785450935364
Mouse_Brain_E18_MISAR,Mouse brain E18,atac,CGAACGCCTGGTCAGC-1,49.0,37.0,Diencephalonand hindbrain,0.4518680274486542,0.5481319427490234,0.5643676519393921,0.4356323480606079,0.5608291029930115,0.4391709268093109,0.007218804210424423,0.9927812218666077
Mouse_Brain_E18_MISAR,Mouse brain E18,atac,TAGAATTATCCGGCCT-1,35.0,45.0,Diencephalonand hindbrain,0.5040259957313538,0.495974063873291,0.6356348991394043,0.3643651008605957,0.12877647578716278,0.871223509311676,0.03849896416068077,0.9615010023117065
Mouse_Brain_E18_MISAR,Mouse brain E18,atac,ATAAGGAGACGGAGGC-1,50.0,30.0,Diencephalonand hindbrain,0.5353475213050842,0.464652419090271,0.5464456081390381,0.4535544216632843,0.5605607032775879,0.4394392967224121,0.04865184426307678,0.9513481259346008
Mouse_Brain_E18_MISAR,Mouse brain E18,atac,ACTATGCATTACCGAG-1,13.0,35.0,DPallm,0.4080270230770111,0.5919730067253113,0.5018528699874878,0.4981471300125122,0.9608250260353088,0.03917492553591728,0.010845834389328957,0.9891541600227356
Mouse_Brain_E18_MISAR,Mouse brain E18,atac,ACCGCCAATGCGGACC-1,46.0,29.0,Diencephalonand hindbrain,0.4898213744163513,0.5101786255836487,0.3865809440612793,0.6134189963340759,0.8110083341598511,0.18899168074131012,0.03618961572647095,0.9638103246688843
Mouse_Brain_E18_MISAR,Mouse brain E18,atac,GATACGGATTATTCAT-1,11.0,33.0,DPallm,0.6056022047996521,0.3943977952003479,0.5111420750617981,0.4888578951358795,0.9751958250999451,0.024804232642054558,0.007558221463114023,0.9924417734146118
Mouse_Brain_E18_MISAR,Mouse brain E18,atac,TGCCGGCAACGGAGGC-1,17.0,30.0,DPallv,0.4267083406448364,0.5732916593551636,0.38818952441215515,0.6118104457855225,0.8303905725479126,0.1696094274520874,0.016866842284798622,0.9831331372261047
Mouse_Brain_E18_MISAR,Mouse brain E18,atac,AGAGAAGGACGGAGGC-1,5.0,30.0,Cartilage-2,0.6450766921043396,0.354923278093338,0.5507897734642029,0.44921019673347473,0.711961567401886,0.2880384624004364,0.011838112026453018,0.9881618618965149
Mouse_Brain_E18_MISAR,Mouse brain E18,atac,TTACCGAGACCGCCAA-1,16.0,5.0,Cartilage-3,0.5419332981109619,0.4580666720867157,0.5146832466125488,0.48531675338745117,0.19415928423404694,0.8058407306671143,0.0017479720991104841,0.9982519745826721
Mouse_Brain_E18_MISAR,Mouse brain E18,atac,CATACTCCTTGACTTC-1,4.0,18.0,DPallm,0.49832671880722046,0.5016732811927795,0.5472573637962341,0.4527426064014435,0.8817010521888733,0.1182989850640297,0.007913634181022644,0.9920863509178162
Mouse_Brain_E18_MISAR,Mouse brain E18,atac,ACCGCCAAACGGAGGC-1,46.0,30.0,Diencephalonand hindbrain,0.5651080012321472,0.4348919689655304,0.4821733832359314,0.5178266167640686,0.7103065252304077,0.2896934449672699,0.042347557842731476,0.9576523900032043
Mouse_Brain_E18_MISAR,Mouse brain E18,atac,GCAGGTCCTCTGATAC-1,40.0,42.0,Diencephalonand hindbrain,0.5369018316268921,0.4630981981754303,0.5121999382972717,0.48780009150505066,0.5238304734230042,0.4761694669723511,0.022484852001070976,0.9775151610374451
Mouse_Brain_E18_MISAR,Mouse brain E18,atac,GCAGGTCCAATTAAGA-1,40.0,32.0,Diencephalonand hindbrain,0.47980955243110657,0.5201904773712158,0.512566089630127,0.48743391036987305,0.5323901176452637,0.46760985255241394,0.010374774225056171,0.9896252751350403
Mouse_Brain_E18_MISAR,Mouse brain E18,atac,TCTGATACAATTAAGA-1,9.0,32.0,DPallm,0.5047567486763,0.49524328112602234,0.5572985410690308,0.44270145893096924,0.9723106026649475,0.02768937312066555,0.002651461400091648,0.9973485469818115
Mouse_Brain_E18_MISAR,Mouse brain E18,atac,TCCTACCATCGGCCTT-1,29.0,12.0,Diencephalonand hindbrain,0.5832545161247253,0.41674548387527466,0.5148614645004272,0.48513850569725037,0.29860392212867737,0.7013960480690002,0.034785401076078415,0.9652146100997925
Mouse_Brain_E18_MISAR,Mouse brain E18,atac,CTTGCGCCTAGAATTA-1,37.0,16.0,Cartilage-3,0.39549070596694946,0.6045092940330505,0.5718379616737366,0.4281620681285858,0.07785972207784653,0.9221403002738953,0.001105567323975265,0.9988945126533508
Mouse_Brain_E18_MISAR,Mouse brain E18,atac,GGCTGAGCGGTATGCT-1,48.0,49.0,Mesenchyme,0.5082211494445801,0.4917788803577423,0.5420565009117126,0.45794352889060974,0.08574779331684113,0.9142522215843201,0.012895878404378891,0.9871041178703308
Mouse_Brain_E18_MISAR,Mouse brain E18,atac,GATACGGACCAGTTCC-1,11.0,6.0,Cartilage-3,0.5154728293418884,0.4845271706581116,0.5565778613090515,0.4434221684932709,0.04533138498663902,0.9546685814857483,0.0010006217053160071,0.9989994168281555
Mouse_Brain_E18_MISAR,Mouse brain E18,atac,ACTCAATAACCGCCAA-1,30.0,5.0,Cartilage-3,0.555945873260498,0.44405415654182434,0.5989846587181091,0.4010152816772461,0.2266109585762024,0.7733891010284424,0.002811478916555643,0.9971885085105896
Mouse_Brain_E18_MISAR,Mouse brain E18,atac,TAGAGTAAAATTAAGA-1,41.0,32.0,Diencephalonand hindbrain,0.5046461820602417,0.4953538775444031,0.5331956744194031,0.46680429577827454,0.4730690121650696,0.5269310474395752,0.013580942526459694,0.9864190220832825
Mouse_Brain_E18_MISAR,Mouse brain E18,atac,GCCGCAACCCGAGAAT-1,24.0,26.0,Diencephalonand hindbrain,0.4907616972923279,0.5092383027076721,0.5236364603042603,0.47636356949806213,0.22895976901054382,0.7710402607917786,0.057448260486125946,0.9425517916679382
Mouse_Brain_E18_MISAR,Mouse brain E18,atac,TGCCGGCAACTCAATA-1,17.0,21.0,Subpallium-1,0.5466179847717285,0.4533820152282715,0.5131162405014038,0.4868837296962738,0.18693025410175323,0.813069760799408,0.07344905287027359,0.9265509843826294
Mouse_Brain_E18_MISAR,Mouse brain E18,atac,CAACCGCTTCCTACCA-1,43.0,22.0,Cartilage-2,0.5761095881462097,0.42389044165611267,0.5610515475273132,0.43894845247268677,0.1414458006620407,0.8585542440414429,0.011689290404319763,0.988310694694519
Mouse_Brain_E18_MISAR,Mouse brain E18,atac,CCGAGAATAGAGAAGG-1,25.0,46.0,Mesenchyme,0.557438313961029,0.44256165623664856,0.4895307123661041,0.5104692578315735,0.19235947728157043,0.807640552520752,0.016421692445874214,0.9835783243179321
Mouse_Brain_E18_MISAR,Mouse brain E18,atac,TGAGTCTGTCGGCCTT-1,23.0,12.0,Diencephalonand hindbrain,0.3876546323299408,0.6123453378677368,0.5855070948600769,0.4144929051399231,0.20535482466220856,0.7946451306343079,0.08594536036252975,0.9140546917915344
Mouse_Brain_E18_MISAR,Mouse brain E18,atac,TTATCCGGCTTGCGCC-1,10.0,14.0,DPallm,0.513271689414978,0.486728310585022,0.5621009469032288,0.43789902329444885,0.893571674823761,0.10642825067043304,0.016955193132162094,0.9830447435379028
Mouse_Brain_E18_MISAR,Mouse brain E18,atac,GACCTTGAGCCGCAAC-1,42.0,27.0,Diencephalonand hindbrain,0.5166178941726685,0.48338213562965393,0.5149338245391846,0.48506611585617065,0.5105183720588684,0.489481657743454,0.007261230610311031,0.9927387833595276
Mouse_Brain_E18_MISAR,Mouse brain E18,atac,TTACCGAGTTATTCAT-1,16.0,33.0,DPallv,0.5687198638916016,0.43128010630607605,0.5662791728973389,0.43372079730033875,0.8276820182800293,0.17231793701648712,0.004840519279241562,0.9951594471931458
Mouse_Brain_E18_MISAR,Mouse brain E18,atac,CCGATTCCTCCTACCA-1,47.0,22.0,Cartilage-2,0.5026825070381165,0.49731752276420593,0.58180171251297,0.41819825768470764,0.22598806023597717,0.7740119099617004,0.0037650414742529392,0.9962349534034729
Mouse_Brain_E18_MISAR,Mouse brain E18,atac,TAGAGTAATGCGGACC-1,41.0,29.0,Diencephalonand hindbrain,0.4448571503162384,0.5551428198814392,0.5226523876190186,0.4773476719856262,0.5071632266044617,0.49283671379089355,0.02109103836119175,0.9789090156555176
Mouse_Brain_E18_MISAR,Mouse brain E18,atac,GCGTTGGATTATCCGG-1,28.0,41.0,Diencephalonand hindbrain,0.39288413524627686,0.6071159243583679,0.40145403146743774,0.5985459089279175,0.6612302660942078,0.3387697637081146,0.016708368435502052,0.9832915663719177
Mouse_Brain_E18_MISAR,Mouse brain E18,atac,AAGAAGCTTTGACTTC-1,7.0,18.0,DPallm,0.5609180927276611,0.43908190727233887,0.5581769943237305,0.44182294607162476,0.6790151000022888,0.32098495960235596,0.045137420296669006,0.9548625946044922
Mouse_Brain_E18_MISAR,Mouse brain E18,atac,GATACGGAAGAACGTC-1,11.0,13.0,DPallm,0.5101909637451172,0.4898090660572052,0.60606449842453,0.3939354419708252,0.8066520094871521,0.19334805011749268,0.019778646528720856,0.9802213907241821
Mouse_Brain_E18_MISAR,Mouse brain E18,atac,TCTGATACCTTGCGCC-1,9.0,14.0,DPallm,0.448909729719162,0.5510903000831604,0.54655522108078,0.4534447491168976,0.9051827192306519,0.09481728821992874,0.024271471425890923,0.975728452205658
Mouse_Brain_E18_MISAR,Mouse brain E18,atac,TAGAATTATAGAGTAA-1,35.0,10.0,Cartilage-1,0.3806993067264557,0.6193007230758667,0.47098052501678467,0.5290194749832153,0.360690712928772,0.6393093466758728,0.010745036415755749,0.9892549514770508
Mouse_Brain_E18_MISAR,Mouse brain E18,atac,AATTAAGATCCGGCCT-1,19.0,45.0,DPallm,0.44677111506462097,0.5532289147377014,0.6113596558570862,0.38864028453826904,0.7977719306945801,0.20222802460193634,0.004889387171715498,0.9951105713844299
Mouse_Brain_E18_MISAR,Mouse brain E18,atac,TTGACTTCTAGAATTA-1,33.0,16.0,Mesenchyme,0.7910100221633911,0.20899000763893127,0.5345765352249146,0.46542343497276306,0.2698879837989807,0.7301120162010193,0.009319820441305637,0.9906801581382751
Mouse_Brain_E18_MISAR,Mouse brain E18,atac,GCAGGTCCGACCTTGA-1,40.0,9.0,Muscle,0.6358628273010254,0.3641371428966522,0.5230692028999329,0.4769308567047119,0.18983906507492065,0.8101609349250793,0.11344648152589798,0.8865534663200378
Mouse_Brain_E18_MISAR,Mouse brain E18,atac,ACTCAATACTTGCGCC-1,30.0,14.0,Diencephalonand hindbrain,0.616599440574646,0.383400559425354,0.6418578028678894,0.3581421673297882,0.24836528301239014,0.7516347169876099,0.011621222831308842,0.9883787631988525
Mouse_Brain_E18_MISAR,Mouse brain E18,atac,ACTTAACCTTGACTTC-1,44.0,18.0,Cartilage-2,0.6716523170471191,0.32834774255752563,0.5680927634239197,0.43190720677375793,0.2952088713645935,0.7047911286354065,0.005659243557602167,0.9943407773971558
Mouse_Brain_E18_MISAR,Mouse brain E18,atac,TAGAATTAGCTAACTT-1,35.0,48.0,Diencephalonand hindbrain,0.6089081764221191,0.39109182357788086,0.4720991551876068,0.5279008746147156,0.4988221526145935,0.5011778473854065,0.026763364672660828,0.9732366800308228
Mouse_Brain_E18_MISAR,Mouse brain E18,atac,TTATCCGGTCTGATAC-1,10.0,42.0,Mesenchyme,0.6117666363716125,0.38823339343070984,0.5239666700363159,0.47603335976600647,0.364287793636322,0.635712206363678,0.06388691067695618,0.9361131191253662
Mouse_Brain_E18_MISAR,Mouse brain E18,atac,GCAGGTCCCTGATGGT-1,40.0,25.0,Cartilage-2,0.6661068201065063,0.3338932394981384,0.4942031502723694,0.5057968497276306,0.32338327169418335,0.6766167879104614,0.023955056443810463,0.9760450124740601
Mouse_Brain_E18_MISAR,Mouse brain E18,atac,GACCTTGAGGTACTGC-1,42.0,15.0,Cartilage-2,0.46547386050224304,0.5345261693000793,0.6636866927146912,0.33631327748298645,0.08525620400905609,0.9147438406944275,0.002547370968386531,0.9974526762962341
Mouse_Brain_E18_MISAR,Mouse brain E18,atac,CCAGTTCCTCCGGCCT-1,45.0,45.0,Midbrain,0.5768635272979736,0.42313647270202637,0.4618152379989624,0.5381848216056824,0.2853223979473114,0.7146775722503662,0.00927968043833971,0.990720272064209
Mouse_Brain_E18_MISAR,Mouse brain E18,atac,TCCTACCATCTGATAC-1,29.0,42.0,Diencephalonand hindbrain,0.4909158945083618,0.5090841054916382,0.6202194094657898,0.37978053092956543,0.6875261068344116,0.3124738335609436,0.011690408922731876,0.9883096218109131
Mouse_Brain_E18_MISAR,Mouse brain E18,atac,AATTAAGATAGAGTAA-1,19.0,10.0,Subpallium-1,0.2763233184814453,0.7236766815185547,0.5063859224319458,0.4936140477657318,0.6944117546081543,0.3055882751941681,0.013387658633291721,0.9866123199462891
Mouse_Brain_E18_MISAR,Mouse brain E18,atac,TCGGCCTTAACCTGCG-1,39.0,50.0,Diencephalonand hindbrain,0.545547366142273,0.45445263385772705,0.37726110219955444,0.6227388978004456,0.18202513456344604,0.817974865436554,0.03514590114355087,0.9648541808128357
Mouse_Brain_E18_MISAR,Mouse brain E18,atac,TCGGCCTTTGGTCAGC-1,39.0,37.0,Diencephalonand hindbrain,0.6376392245292664,0.36236074566841125,0.5671809315681458,0.43281909823417664,0.27300843596458435,0.726991593837738,0.03186812251806259,0.9681318402290344
Mouse_Brain_E18_MISAR,Mouse brain E18,atac,TTGACTTCTTGACTTC-1,33.0,18.0,Mesenchyme,0.4260605573654175,0.5739394426345825,0.44452953338623047,0.5554704666137695,0.3007979691028595,0.6992020606994629,0.033297356218099594,0.9667026996612549
Mouse_Brain_E18_MISAR,Mouse brain E18,atac,CTGATGGTTGAGTCTG-1,26.0,28.0,Diencephalonand hindbrain,0.5335951447486877,0.46640482544898987,0.5084649920463562,0.4915350079536438,0.3461238443851471,0.6538761258125305,0.026293154805898666,0.973706841468811
Mouse_Brain_E18_MISAR,Mouse brain E18,atac,GATACGGATGAGTCTG-1,11.0,28.0,DPallv,0.5043646693229675,0.49563533067703247,0.4938637316226959,0.5061362981796265,0.8675742149353027,0.13242581486701965,0.016190234571695328,0.9838097095489502
Mouse_Brain_E18_MISAR,Mouse brain E18,atac,AGAGCTATTGGTCAGC-1,32.0,37.0,Diencephalonand hindbrain,0.4307793378829956,0.5692206621170044,0.5816846489906311,0.4183153212070465,0.5272334814071655,0.4727665185928345,0.006886988412588835,0.9931129813194275
Mouse_Brain_E18_MISAR,Mouse brain E18,atac,CAACCGCTATCATATT-1,43.0,36.0,Diencephalonand hindbrain,0.578772246837616,0.42122772336006165,0.46754318475723267,0.5324568152427673,0.3793261647224426,0.6206738352775574,0.0066054281778633595,0.9933945536613464
Mouse_Brain_E18_MISAR,Mouse brain E18,atac,CTAAGAGATTACCGAG-1,31.0,35.0,Diencephalonand hindbrain,0.5358980298042297,0.46410199999809265,0.49156200885772705,0.508437991142273,0.5698275566101074,0.4301724433898926,0.015827881172299385,0.9841721653938293
Mouse_Brain_E18_MISAR,Mouse brain E18,atac,AACCTGCGCTAAGAGA-1,1.0,20.0,Cartilage-2,0.7142171263694763,0.28578290343284607,0.6328157186508179,0.36718425154685974,0.605915904045105,0.394084095954895,0.011802149005234241,0.9881978631019592
Mouse_Brain_E18_MISAR,Mouse brain E18,atac,AAGAAGCTGGTACTGC-1,7.0,15.0,DPallm,0.4694390594959259,0.5305609703063965,0.6198647022247314,0.38013529777526855,0.7934042811393738,0.20659573376178741,0.1040443629026413,0.8959556818008423
Mouse_Brain_E18_MISAR,Mouse brain E18,atac,ACCGCCAAATCATATT-1,46.0,36.0,Diencephalonand hindbrain,0.5051792860031128,0.4948207437992096,0.47013506293296814,0.5298649072647095,0.6124478578567505,0.38755208253860474,0.02424771897494793,0.9757522940635681
Mouse_Brain_E18_MISAR,Mouse brain E18,atac,ACTATGCATGAGTCTG-1,13.0,28.0,DPallv,0.47134968638420105,0.5286503434181213,0.3694925904273987,0.6305074095726013,0.8943329453468323,0.10566703975200653,0.0036150701344013214,0.9963849782943726
Mouse_Brain_E18_MISAR,Mouse brain E18,atac,CTGATGGTCGACGCGA-1,26.0,39.0,Mesenchyme,0.6318618059158325,0.3681381940841675,0.3896511197090149,0.6103488802909851,0.6023527979850769,0.3976472020149231,0.02977569028735161,0.9702243208885193
Mouse_Brain_E18_MISAR,Mouse brain E18,atac,TAGATCTATGGTCAGC-1,20.0,37.0,DPallm,0.5851125121116638,0.4148874580860138,0.493598997592926,0.506401002407074,0.9014739394187927,0.09852608293294907,0.0026249242946505547,0.9973751306533813
Mouse_Brain_E18_MISAR,Mouse brain E18,atac,TAGAATTAACGGAGGC-1,35.0,30.0,Diencephalonand hindbrain,0.7627212405204773,0.2372788041830063,0.49581465125083923,0.5041853189468384,0.6085858941078186,0.3914141356945038,0.019551068544387817,0.9804489016532898
Mouse_Brain_E18_MISAR,Mouse brain E18,atac,CGACGCGAACCGCCAA-1,12.0,5.0,Cartilage-3,0.6627675890922546,0.33723244071006775,0.5636734962463379,0.4363264739513397,0.07884237915277481,0.9211575984954834,0.0011001015082001686,0.9988999366760254
Mouse_Brain_E18_MISAR,Mouse brain E18,atac,GATACGGACTGATGGT-1,11.0,25.0,DPallv,0.5379385948181152,0.46206143498420715,0.6393551230430603,0.3606448471546173,0.742895781993866,0.2571042478084564,0.01677829958498478,0.9832217693328857
Mouse_Brain_E18_MISAR,Mouse brain E18,atac,GCCGCAACCTTGCGCC-1,24.0,14.0,Diencephalonand hindbrain,0.3295413851737976,0.6704586148262024,0.550101637840271,0.449898362159729,0.5231173038482666,0.476882666349411,0.05153017118573189,0.948469877243042
Mouse_Brain_E18_MISAR,Mouse brain E18,atac,TCCGGCCTTCGGCCTT-1,6.0,12.0,DPallm,0.6753817796707153,0.3246181607246399,0.39313390851020813,0.6068660616874695,0.8626168966293335,0.13738304376602173,0.010015594772994518,0.989984393119812
Mouse_Brain_E18_MISAR,Mouse brain E18,atac,GCAGGTCCTCCTACCA-1,40.0,22.0,Cartilage-3,0.5548582077026367,0.44514185190200806,0.5804513096809387,0.41954872012138367,0.08875942975282669,0.9112405180931091,0.003033301094546914,0.9969666600227356
Mouse_Brain_E18_MISAR,Mouse brain E18,atac,GCCATTCTTCCTACCA-1,34.0,22.0,Mesenchyme,0.5422629117965698,0.4577370285987854,0.6324957609176636,0.3675042390823364,0.39881300926208496,0.601186990737915,0.008374440483748913,0.9916256070137024
Mouse_Brain_E18_MISAR,Mouse brain E18,atac,CTGATGGTGATACGGA-1,26.0,40.0,Mesenchyme,0.5648775100708008,0.4351224899291992,0.548795223236084,0.451204776763916,0.7464905381202698,0.253509521484375,0.039952509105205536,0.9600474834442139
Mouse_Brain_E18_MISAR,Mouse brain E18,atac,TAGAATTAATCATATT-1,35.0,36.0,Diencephalonand hindbrain,0.39382869005203247,0.6061713099479675,0.5534177422523499,0.44658219814300537,0.42490309476852417,0.5750969648361206,0.01021557580679655,0.9897844195365906
Mouse_Brain_E18_MISAR,Mouse brain E18,atac,CTTGCGCCCAACCGCT-1,37.0,8.0,Cartilage-3,0.4227530062198639,0.5772469639778137,0.7266402244567871,0.2733598053455353,0.28142744302749634,0.7185726165771484,0.00653434731066227,0.9934656023979187
Mouse_Brain_E18_MISAR,Mouse brain E18,atac,CGAACGCCTAGAATTA-1,49.0,16.0,Cartilage-4,0.4144850969314575,0.5855149030685425,0.4955052435398102,0.5044947862625122,0.2471981942653656,0.752801775932312,0.004570409189909697,0.9954296350479126
Mouse_Brain_E18_MISAR,Mouse brain E18,atac,TTGACTTCACTTAACC-1,33.0,7.0,Cartilage-1,0.5409058332443237,0.45909419655799866,0.8013979196548462,0.19860205054283142,0.38963189721107483,0.6103680729866028,0.006047192495316267,0.9939528107643127
Mouse_Brain_E18_MISAR,Mouse brain E18,atac,TGCGGACCTTATTCAT-1,22.0,33.0,Mesenchyme,0.5651280879974365,0.4348719120025635,0.6194376945495605,0.38056230545043945,0.3653189539909363,0.6346811056137085,0.003858758369460702,0.996141254901886
Mouse_Brain_E18_MISAR,Mouse brain E18,atac,GATACGGACCGATTCC-1,11.0,4.0,Cartilage-3,0.7513574361801147,0.24864253401756287,0.5596082806587219,0.4403917193412781,0.14155957102775574,0.8584404587745667,0.0012086407514289021,0.9987913966178894
Mouse_Brain_E18_MISAR,Mouse brain E18,atac,ACTTAACCAATTAAGA-1,44.0,32.0,Diencephalonand hindbrain,0.26202818751335144,0.7379717826843262,0.3947930932044983,0.6052069067955017,0.31556829810142517,0.6844316720962524,0.008510859683156013,0.9914891719818115
Mouse_Brain_E18_MISAR,Mouse brain E18,atac,GAAGATCGTCCTACCA-1,8.0,22.0,DPallm,0.5376471281051636,0.46235284209251404,0.6013038754463196,0.3986961245536804,0.789310872554779,0.21068918704986572,0.05300450697541237,0.9469954371452332
Mouse_Brain_E18_MISAR,Mouse brain E18,atac,ACGGAGGCTCTGATAC-1,21.0,42.0,DPallv,0.36840465664863586,0.6315953135490417,0.5075669288635254,0.4924331307411194,0.9223317503929138,0.07766830176115036,0.005809391383081675,0.9941906929016113
Mouse_Brain_E18_MISAR,Mouse brain E18,atac,TGCGGACCTCCGGCCT-1,22.0,45.0,DPallm,0.5254908204078674,0.4745091497898102,0.6347366571426392,0.36526334285736084,0.8499904870986938,0.15000952780246735,0.005620335228741169,0.9943796992301941
Mouse_Brain_E18_MISAR,Mouse brain E18,atac,GCAGGTCCGGTATGCT-1,40.0,49.0,Diencephalonand hindbrain,0.5452765226364136,0.45472344756126404,0.3975062966346741,0.6024937033653259,0.3143629729747772,0.6856369972229004,0.013522859662771225,0.9864771366119385
Mouse_Brain_E18_MISAR,Mouse brain E18,atac,CCGAGAATAACCTGCG-1,25.0,50.0,Cartilage-2,0.5366673469543457,0.4633326232433319,0.4480651021003723,0.5519348978996277,0.24462419748306274,0.7553757429122925,0.03066054731607437,0.9693394303321838
Mouse_Brain_E18_MISAR,Mouse brain E18,atac,AAGAAGCTTAGAATTA-1,7.0,16.0,DPallm,0.552605926990509,0.44739407300949097,0.44555699825286865,0.5544430017471313,0.7353147268295288,0.2646852433681488,0.10743018984794617,0.8925698399543762
Mouse_Brain_E18_MISAR,Mouse brain E18,atac,GGTATGCTGCCGCAAC-1,2.0,27.0,Cartilage-3,0.673276960849762,0.32672303915023804,0.5438068509101868,0.4561931788921356,0.1372891515493393,0.8627108931541443,0.0024884366430342197,0.9975115060806274
Mouse_Brain_E18_MISAR,Mouse brain E18,atac,GGCTGAGCCCGAGAAT-1,48.0,26.0,Diencephalonand hindbrain,0.7941983342170715,0.20580163598060608,0.601942241191864,0.3980577886104584,0.38092362880706787,0.6190764307975769,0.016291476786136627,0.9837085604667664
Mouse_Brain_E18_MISAR,Mouse brain E18,atac,ACTATGCACGACGCGA-1,13.0,39.0,DPallm,0.4569842219352722,0.5430157780647278,0.5543441772460938,0.44565585255622864,0.9657518267631531,0.03424818068742752,0.0007827672525309026,0.9992172718048096
Mouse_Brain_E18_MISAR,Mouse brain E18,atac,TTACCGAGGATACGGA-1,16.0,40.0,DPallm,0.5068536996841431,0.49314630031585693,0.43028101325035095,0.5697190165519714,0.9697768092155457,0.030223237350583076,0.017033394426107407,0.9829666614532471
Mouse_Brain_E18_MISAR,Mouse brain E18,atac,CTAAGAGAGGTACTGC-1,31.0,15.0,Diencephalonand hindbrain,0.5386166572570801,0.4613833427429199,0.47101661562919617,0.5289834141731262,0.2895350456237793,0.7104650139808655,0.04103719815611839,0.9589628577232361
Mouse_Brain_E18_MISAR,Mouse brain E18,atac,AGAGCTATGCCATTCT-1,32.0,17.0,Cartilage-2,0.655069887638092,0.34493011236190796,0.46509668231010437,0.534903347492218,0.16809886693954468,0.8319011330604553,0.009723538532853127,0.9902764558792114
Mouse_Brain_E18_MISAR,Mouse brain E18,atac,GCCGCAACTAGAATTA-1,24.0,16.0,Diencephalonand hindbrain,0.5156838893890381,0.4843160808086395,0.402357816696167,0.5976421236991882,0.43357595801353455,0.5664240717887878,0.05530649051070213,0.9446935057640076
Mouse_Brain_E18_MISAR,Mouse brain E18,atac,TCTGATACAGAACGTC-1,9.0,13.0,DPallm,0.5526850819587708,0.44731494784355164,0.4557761251926422,0.5442238450050354,0.7269214391708374,0.273078590631485,0.07475236803293228,0.9252476692199707
Mouse_Brain_E18_MISAR,Mouse brain E18,atac,ATCATATTAAGAAGCT-1,15.0,44.0,Cartilage-2,0.7278437614440918,0.2721562683582306,0.4757124185562134,0.5242875814437866,0.67783522605896,0.32216474413871765,0.01272506918758154,0.9872750043869019
Mouse_Brain_E18_MISAR,Mouse brain E18,atac,TAGAATTACTAAGAGA-1,35.0,20.0,Mesenchyme,0.6303629279136658,0.36963707208633423,0.499952107667923,0.5000479221343994,0.159292072057724,0.8407078981399536,0.019305603578686714,0.9806944131851196
Mouse_Brain_E18_MISAR,Mouse brain E18,atac,AGAGCTATCAACCGCT-1,32.0,8.0,Cartilage-1,0.6415071487426758,0.3584928810596466,0.511030375957489,0.488969624042511,0.23316265642642975,0.7668373584747314,0.010965020395815372,0.9890350103378296
Mouse_Brain_E18_MISAR,Mouse brain E18,atac,ACTCAATAGGTACTGC-1,30.0,15.0,Diencephalonand hindbrain,0.6987379193305969,0.30126211047172546,0.5138549208641052,0.4861450791358948,0.34056806564331055,0.6594319343566895,0.008564276620745659,0.991435706615448
Mouse_Brain_E18_MISAR,Mouse brain E18,atac,ACTTAACCTCCGGCCT-1,44.0,45.0,Mesenchyme,0.746606171131134,0.25339382886886597,0.5615209341049194,0.43847906589508057,0.2962222099304199,0.7037778496742249,0.005067539867013693,0.9949324727058411
Mouse_Brain_E18_MISAR,Mouse brain E18,atac,TGCCGGCATAGAGTAA-1,17.0,10.0,Diencephalonand hindbrain,0.426742821931839,0.5732572078704834,0.5502954721450806,0.44970452785491943,0.3456190526485443,0.6543809175491333,0.01551682036370039,0.9844831824302673
Mouse_Brain_E18_MISAR,Mouse brain E18,atac,TGCGGACCTAGATCTA-1,22.0,31.0,Thalamus,0.6308843493461609,0.3691156804561615,0.5937413573265076,0.40625861287117004,0.6570635437965393,0.3429364562034607,0.01537680346518755,0.9846232533454895
Mouse_Brain_E18_MISAR,Mouse brain E18,atac,CCAGTTCCACTCAATA-1,45.0,21.0,Cartilage-2,0.6128039956092834,0.38719603419303894,0.6107649803161621,0.3892350494861603,0.2816331684589386,0.7183668613433838,0.0030684289522469044,0.9969315528869629
Mouse_Brain_E18_MISAR,Mouse brain E18,atac,CCAGTTCCAATTAAGA-1,45.0,32.0,Diencephalonand hindbrain,0.847723662853241,0.15227635204792023,0.551791250705719,0.44820868968963623,0.6069634556770325,0.39303654432296753,0.018437828868627548,0.9815621972084045
Mouse_Brain_E18_MISAR,Mouse brain E18,atac,AGAACGTCCGACGCGA-1,38.0,39.0,Diencephalonand hindbrain,0.6259814500808716,0.37401852011680603,0.4481431245803833,0.5518568754196167,0.4673338532447815,0.5326661467552185,0.023457486182451248,0.9765425324440002
Mouse_Brain_E18_MISAR,Mouse brain E18,atac,TTATCCGGACCGCCAA-1,10.0,5.0,Cartilage-3,0.5347709655761719,0.4652290642261505,0.5129128098487854,0.4870871603488922,0.06699587404727936,0.9330040812492371,0.002448850777000189,0.9975511431694031
Mouse_Brain_E18_MISAR,Mouse brain E18,atac,GAAGATCGAGAACGTC-1,8.0,13.0,DPallm,0.661029040813446,0.33897098898887634,0.5945942997932434,0.4054056406021118,0.7805737853050232,0.219426229596138,0.03579887002706528,0.9642011523246765
Mouse_Brain_E18_MISAR,Mouse brain E18,atac,CTAAGAGATGCCGGCA-1,31.0,34.0,Diencephalonand hindbrain,0.5656838417053223,0.4343162178993225,0.4817498028278351,0.5182501673698425,0.7253860831260681,0.2746138870716095,0.013820855878293514,0.9861791133880615
Mouse_Brain_E18_MISAR,Mouse brain E18,atac,TAGAGTAAACGGAGGC-1,41.0,30.0,Diencephalonand hindbrain,0.5637418627738953,0.43625813722610474,0.5197190046310425,0.48028093576431274,0.33678463101387024,0.6632153987884521,0.02585575543344021,0.9741442203521729
Mouse_Brain_E18_MISAR,Mouse brain E18,atac,ACTTAACCGCCGCAAC-1,44.0,27.0,Diencephalonand hindbrain,0.48989924788475037,0.510100781917572,0.47047415375709534,0.529525876045227,0.3217162787914276,0.67828369140625,0.009689982049167156,0.99031001329422
Mouse_Brain_E18_MISAR,Mouse brain E18,atac,CGAACGCCCGACGCGA-1,49.0,39.0,Diencephalonand hindbrain,0.51697838306427,0.4830215871334076,0.4828013479709625,0.5171986818313599,0.5802565217018127,0.41974347829818726,0.01181342639029026,0.9881865382194519
Mouse_Brain_E18_MISAR,Mouse brain E18,atac,GAAGATCGTTACCGAG-1,8.0,35.0,Cartilage-2,0.5401381850242615,0.4598618149757385,0.5806108713150024,0.41938912868499756,0.393953412771225,0.6060465574264526,0.014211572706699371,0.9857884049415588
Mouse_Brain_E18_MISAR,Mouse brain E18,atac,TGAGTCTGGATACGGA-1,23.0,40.0,DPallm,0.515392005443573,0.4846080243587494,0.5099432468414307,0.49005675315856934,0.9262819886207581,0.07371800392866135,0.009679102338850498,0.9903208613395691
Mouse_Brain_E18_MISAR,Mouse brain E18,atac,ACCGCCAAACTCAATA-1,46.0,21.0,Cartilage-2,0.6100150942802429,0.38998493552207947,0.5157792568206787,0.4842207133769989,0.3202425241470337,0.6797575354576111,0.007230812218040228,0.9927692413330078
Mouse_Brain_E18_MISAR,Mouse brain E18,atac,CCAGTTCCTTATCCGG-1,45.0,41.0,Diencephalonand hindbrain,0.6017827987670898,0.39821723103523254,0.5451395511627197,0.4548604488372803,0.5488976240158081,0.4511023461818695,0.019582480192184448,0.9804174900054932
Mouse_Brain_E18_MISAR,Mouse brain E18,atac,GGTATGCTTTGACTTC-1,2.0,18.0,Mesenchyme,0.4314018785953522,0.5685981512069702,0.6043244004249573,0.3956756293773651,0.2760145366191864,0.7239854335784912,0.027456948533654213,0.9725430607795715
Mouse_Brain_E18_MISAR,Mouse brain E18,atac,GACCTTGACGACGCGA-1,42.0,39.0,Diencephalonand hindbrain,0.678898274898529,0.32110169529914856,0.5287173986434937,0.47128260135650635,0.5104451179504395,0.48955485224723816,0.011972318403422832,0.9880276918411255
Mouse_Brain_E18_MISAR,Mouse brain E18,atac,ATAAGGAGTAGATCTA-1,50.0,31.0,Diencephalonand hindbrain,0.6131972074508667,0.3868028223514557,0.5547062754631042,0.44529375433921814,0.6163132786750793,0.38368675112724304,0.0320429652929306,0.9679570198059082
Mouse_Brain_E18_MISAR,Mouse brain E18,atac,GCGTTGGAGCGTTGGA-1,28.0,23.0,Mesenchyme,0.5218409299850464,0.4781590402126312,0.5776308178901672,0.422369122505188,0.5148093104362488,0.4851906895637512,0.06584513932466507,0.9341548681259155
Mouse_Brain_E18_MISAR,Mouse brain E18,atac,TTGACTTCCTTGCGCC-1,33.0,14.0,Mesenchyme,0.5807101726531982,0.41928979754447937,0.46320706605911255,0.5367929339408875,0.31988558173179626,0.6801144480705261,0.005424426402896643,0.9945755004882812
Mouse_Brain_E18_MISAR,Mouse brain E18,atac,GGTACTGCACTATGCA-1,36.0,38.0,Diencephalonand hindbrain,0.6295270323753357,0.37047290802001953,0.4736003875732422,0.5263996124267578,0.6573827862739563,0.3426172435283661,0.008859414607286453,0.9911406636238098
Mouse_Brain_E18_MISAR,Mouse brain E18,atac,TTACCGAGGGTACTGC-1,16.0,15.0,Subpallium-1,0.500948965549469,0.4990510046482086,0.4915371239185333,0.5084628462791443,0.19584760069847107,0.8041523694992065,0.039865877479314804,0.9601340889930725
Mouse_Brain_E18_MISAR,Mouse brain E18,atac,ACGGAGGCAGAACGTC-1,21.0,13.0,Subpallium-1,0.4660341739654541,0.5339658856391907,0.449056476354599,0.5509435534477234,0.3194558918476105,0.6805441379547119,0.041136957705020905,0.9588630795478821
Mouse_Brain_E18_MISAR,Mouse brain E18,atac,TGCGGACCGACCTTGA-1,22.0,9.0,Subpallium-1,0.6961451172828674,0.30385488271713257,0.41704708337783813,0.5829528570175171,0.5937598943710327,0.4062400758266449,0.013776636682450771,0.9862233996391296
Mouse_Brain_E18_MISAR,Mouse brain E18,atac,GATCTTACTGGTCAGC-1,27.0,37.0,Diencephalonand hindbrain,0.6133813261985779,0.38661864399909973,0.4158448576927185,0.5841551423072815,0.7115662693977356,0.288433700799942,0.03535497188568115,0.9646450281143188
Mouse_Brain_E18_MISAR,Mouse brain E18,atac,AGAACGTCTCCTACCA-1,38.0,22.0,Mesenchyme,0.5845969319343567,0.4154030680656433,0.44181498885154724,0.5581849813461304,0.4344649016857147,0.5655350685119629,0.015224930830299854,0.9847750067710876
Mouse_Brain_E18_MISAR,Mouse brain E18,atac,CTAAGAGATGCGGACC-1,31.0,29.0,Diencephalonand hindbrain,0.5961961150169373,0.40380385518074036,0.46848422288894653,0.5315158367156982,0.6893191933631897,0.3106808364391327,0.014963804744184017,0.9850362539291382
Mouse_Brain_E18_MISAR,Mouse brain E18,atac,ACTTAACCCTAAGAGA-1,44.0,20.0,Cartilage-2,0.6483967900276184,0.3516032099723816,0.5274662971496582,0.4725336730480194,0.2970960736274719,0.7029039263725281,0.002213423140347004,0.9977865219116211
Mouse_Brain_E18_MISAR,Mouse brain E18,atac,ACTATGCAACGGAGGC-1,13.0,30.0,DPallv,0.6359874606132507,0.36401253938674927,0.4356212913990021,0.5643787384033203,0.9268457889556885,0.07315419614315033,0.008568912744522095,0.9914310574531555
Mouse_Brain_E18_MISAR,Mouse brain E18,atac,ACTTAACCGATCTTAC-1,44.0,24.0,Mesenchyme,0.6483377814292908,0.3516622483730316,0.49412909150123596,0.5058709383010864,0.509202241897583,0.490797758102417,0.020729824900627136,0.9792702198028564
Mouse_Brain_E18_MISAR,Mouse brain E18,atac,ACGGAGGCAACCTGCG-1,21.0,50.0,Cartilage-2,0.4353928864002228,0.5646071434020996,0.5418704748153687,0.45812949538230896,0.13802847266197205,0.8619715571403503,0.05042572692036629,0.94957435131073
Mouse_Brain_E18_MISAR,Mouse brain E18,atac,CTGATGGTACTTAACC-1,26.0,7.0,Cartilage-2,0.4552690386772156,0.5447309613227844,0.5707095265388489,0.4292905330657959,0.3262760639190674,0.6737239360809326,0.011685810051858425,0.988314151763916
Mouse_Brain_E18_MISAR,Mouse brain E18,atac,ACTCAATACCAGTTCC-1,30.0,6.0,Cartilage-1,0.526473343372345,0.47352665662765503,0.7251917719841003,0.2748081684112549,0.14201268553733826,0.8579872846603394,0.006594318430870771,0.9934056997299194
Mouse_Brain_E18_MISAR,Mouse brain E18,atac,TCGGCCTTTCTGATAC-1,39.0,42.0,Diencephalonand hindbrain,0.5758119821548462,0.4241880178451538,0.48505300283432007,0.5149469971656799,0.5087442398071289,0.4912557601928711,0.029210293665528297,0.9707896709442139
Mouse_Brain_E18_MISAR,Mouse brain E18,atac,TAGATCTACATACTCC-1,20.0,47.0,Cartilage-2,0.6336064338684082,0.3663935363292694,0.5146567225456238,0.4853432774543762,0.20876026153564453,0.7912397384643555,0.01560891978442669,0.9843910932540894
Mouse_Brain_E18_MISAR,Mouse brain E18,atac,TCGGCCTTGCAGGTCC-1,39.0,11.0,Cartilage-2,0.5233569741249084,0.47664305567741394,0.45886892080307007,0.5411310791969299,0.2793411314487457,0.7206588983535767,0.02110748179256916,0.9788925647735596
Mouse_Brain_E18_MISAR,Mouse brain E18,atac,CGACGCGATGGTCAGC-1,12.0,37.0,DPallm,0.4661910831928253,0.5338088870048523,0.5502193570137024,0.4497806429862976,0.9767326712608337,0.023267367854714394,0.0014564672019332647,0.9985435009002686
Mouse_Brain_E18_MISAR,Mouse brain E18,atac,ACGGAGGCAAGAAGCT-1,21.0,44.0,DPallm,0.515116810798645,0.48488324880599976,0.5227123498916626,0.4772876799106598,0.9544482827186584,0.04555172845721245,0.008139185607433319,0.9918608069419861
Mouse_Brain_E18_MISAR,Mouse brain E18,atac,GAAGATCGACGGAGGC-1,8.0,30.0,DPallm,0.49140462279319763,0.5085954070091248,0.5161277055740356,0.48387226462364197,0.977946937084198,0.022052986547350883,0.018167339265346527,0.9818326234817505
Mouse_Brain_E18_MISAR,Mouse brain E18,atac,TCTGATACTTATTCAT-1,9.0,33.0,DPallm,0.6795650720596313,0.32043492794036865,0.4713670015335083,0.5286329984664917,0.9468390941619873,0.05316087231040001,0.001606547157280147,0.9983934760093689
Mouse_Brain_E18_MISAR,Mouse brain E18,atac,ACCGCCAATCTGATAC-1,46.0,42.0,Diencephalonand hindbrain,0.47713279724121094,0.5228672623634338,0.4631384015083313,0.5368615388870239,0.6313632726669312,0.3686367869377136,0.04678938537836075,0.9532105922698975
Mouse_Brain_E18_MISAR,Mouse brain E18,atac,GATACGGAACCGCCAA-1,11.0,5.0,Cartilage-3,0.40132078528404236,0.5986791849136353,0.6176536083221436,0.38234636187553406,0.060454610735177994,0.9395453929901123,0.001317715155892074,0.9986823201179504
Mouse_Brain_E18_MISAR,Mouse brain E18,atac,AAGAAGCTTGCCGGCA-1,7.0,34.0,Cartilage-3,0.5894394516944885,0.4105605483055115,0.5073243975639343,0.49267563223838806,0.4598448872566223,0.5401551127433777,0.02127981185913086,0.9787201881408691
Mouse_Brain_E18_MISAR,Mouse brain E18,atac,TCCGGCCTGCCGCAAC-1,6.0,27.0,DPallm,0.5175833702087402,0.4824165999889374,0.5568527579307556,0.443147212266922,0.9404411315917969,0.059558894485235214,0.005753854289650917,0.9942461848258972
Mouse_Brain_E18_MISAR,Mouse brain E18,atac,AATTAAGAGATACGGA-1,19.0,40.0,DPallv,0.3760283589363098,0.6239715814590454,0.5032148957252502,0.49678510427474976,0.9005126953125,0.0994873046875,0.004687625449150801,0.9953123331069946
Mouse_Brain_E18_MISAR,Mouse brain E18,atac,GCTAACTTACTTAACC-1,3.0,7.0,Cartilage-3,0.6336841583251953,0.3663158118724823,0.5747932195663452,0.4252067506313324,0.3695629835128784,0.6304370760917664,0.0009939834708347917,0.9990060925483704
Mouse_Brain_E18_MISAR,Mouse brain E18,atac,TGCCGGCACAACCGCT-1,17.0,8.0,Cartilage-2,0.6049586534500122,0.3950413167476654,0.5795579552650452,0.42044201493263245,0.20639127492904663,0.7936087250709534,0.0028305950108915567,0.9971694350242615
Mouse_Brain_E18_MISAR,Mouse brain E18,atac,AGAGCTATGGTACTGC-1,32.0,15.0,Mesenchyme,0.539442241191864,0.46055781841278076,0.5022398233413696,0.49776017665863037,0.19955353438854218,0.8004463911056519,0.007885818369686604,0.9921141862869263
Mouse_Brain_E18_MISAR,Mouse brain E18,atac,TTACCGAGCTGATGGT-1,16.0,25.0,Subpallium-1,0.4054486155509949,0.5945514440536499,0.4027538299560547,0.5972461700439453,0.15547271072864532,0.8445272445678711,0.027304625138640404,0.9726954102516174
Mouse_Brain_E18_MISAR,Mouse brain E18,atac,TAGAGTAACTTGCGCC-1,41.0,14.0,Cartilage-2,0.26136142015457153,0.7386385798454285,0.5658589601516724,0.43414103984832764,0.1565934121608734,0.843406617641449,0.007157421670854092,0.9928425550460815
Mouse_Brain_E18_MISAR,Mouse brain E18,atac,TGAGTCTGTGAGTCTG-1,23.0,28.0,Diencephalonand hindbrain,0.7788910269737244,0.22110895812511444,0.5311766266822815,0.4688234031200409,0.3578103482723236,0.642189621925354,0.01657773368060589,0.9834222793579102
Mouse_Brain_E18_MISAR,Mouse brain E18,atac,TTACCGAGCGACGCGA-1,16.0,39.0,DPallm,0.48704326152801514,0.5129567384719849,0.5019604563713074,0.49803951382637024,0.9504770040512085,0.04952293261885643,0.006928286049515009,0.9930717349052429
Mouse_Brain_E18_MISAR,Mouse brain E18,atac,TCGGCCTTAGAACGTC-1,39.0,13.0,Cartilage-2,0.4746473431587219,0.5253526568412781,0.5347364544868469,0.4652635455131531,0.12839476764202118,0.8716052770614624,0.007190066855400801,0.9928100109100342
Mouse_Brain_E18_MISAR,Mouse brain E18,atac,GATACGGATTATCCGG-1,11.0,41.0,Cartilage-2,0.47020992636680603,0.5297900438308716,0.5011252760887146,0.4988747239112854,0.3143661916255951,0.6856338381767273,0.12473002076148987,0.8752699494361877
Mouse_Brain_E18_MISAR,Mouse brain E18,atac,CGACGCGAGATCTTAC-1,12.0,24.0,Subpallium-1,0.45759305357933044,0.5424069762229919,0.5682622194290161,0.4317377805709839,0.2329081892967224,0.7670918703079224,0.04741925001144409,0.9525807499885559
Mouse_Brain_E18_MISAR,Mouse brain E18,atac,GCAGGTCCCTTGCGCC-1,40.0,14.0,Cartilage-2,0.5097222924232483,0.4902776777744293,0.48619136214256287,0.5138086080551147,0.07480921596288681,0.925190806388855,0.005077509209513664,0.9949224591255188
Mouse_Brain_E18_MISAR,Mouse brain E18,atac,CCGAGAATTAGAATTA-1,25.0,16.0,Diencephalonand hindbrain,0.502448320388794,0.49755164980888367,0.5570868849754333,0.44291311502456665,0.38525548577308655,0.6147444844245911,0.05138471722602844,0.948615312576294
Mouse_Brain_E18_MISAR,Mouse brain E18,atac,TGAGTCTGTTATTCAT-1,23.0,33.0,Thalamus,0.6015375256538391,0.3984624743461609,0.5173181295394897,0.48268193006515503,0.737994909286499,0.262005090713501,0.009857834316790104,0.9901421666145325
Mouse_Brain_E18_MISAR,Mouse brain E18,atac,CTAAGAGAACGGAGGC-1,31.0,30.0,Diencephalonand hindbrain,0.48836010694503784,0.5116398930549622,0.44342541694641113,0.5565745830535889,0.7586104273796082,0.24138955771923065,0.006480119656771421,0.9935198426246643
Mouse_Brain_E18_MISAR,Mouse brain E18,atac,CCAGTTCCCTGATGGT-1,45.0,25.0,Diencephalonand hindbrain,0.7432857155799866,0.25671425461769104,0.4722324311733246,0.5277675986289978,0.15125897526741028,0.8487409949302673,0.029544375836849213,0.9704556465148926
Mouse_Brain_E18_MISAR,Mouse brain E18,atac,TTGACTTCGACCTTGA-1,33.0,9.0,Cartilage-1,0.5226061344146729,0.47739389538764954,0.5964564681053162,0.40354350209236145,0.20098157227039337,0.799018383026123,0.003927861340343952,0.9960721731185913
Mouse_Brain_E18_MISAR,Mouse brain E18,atac,TGCGGACCTTATCCGG-1,22.0,41.0,DPallv,0.5276930332183838,0.4723069667816162,0.49321550130844116,0.5067844986915588,0.8902388215065002,0.10976117849349976,0.0071909683756530285,0.9928090572357178
Mouse_Brain_E18_MISAR,Mouse brain E18,atac,GACCTTGAACTCAATA-1,42.0,21.0,Cartilage-2,0.35821598768234253,0.6417840719223022,0.6710700392723083,0.32892996072769165,0.08650077879428864,0.9134992361068726,0.0044380356557667255,0.995561957359314
Mouse_Brain_E18_MISAR,Mouse brain E18,atac,TGGTCAGCAGAACGTC-1,14.0,13.0,DPallm,0.4925057291984558,0.5074942708015442,0.47434964776039124,0.5256503820419312,0.6639202237129211,0.33607974648475647,0.039819974452257156,0.9601800441741943
Mouse_Brain_E18_MISAR,Mouse brain E18,atac,ATCATATTTTACCGAG-1,15.0,35.0,DPallv,0.5894742608070374,0.41052567958831787,0.6205176711082458,0.37948232889175415,0.9065099358558655,0.0934901013970375,0.001897912472486496,0.9981021285057068
Mouse_Brain_E18_MISAR,Mouse brain E18,atac,CTGATGGTTCGGCCTT-1,26.0,12.0,Diencephalonand hindbrain,0.5282303690910339,0.47176966071128845,0.583834171295166,0.416165828704834,0.48984360694885254,0.5101563334465027,0.0502171590924263,0.9497827887535095
Mouse_Brain_E18_MISAR,Mouse brain E18,atac,TTATCCGGGCGTTGGA-1,10.0,23.0,DPallv,0.38919949531555176,0.6108005046844482,0.6072224378585815,0.39277756214141846,0.700407087802887,0.2995929419994354,0.01153295487165451,0.9884670972824097
Mouse_Brain_E18_MISAR,Mouse brain E18,atac,TGCCGGCAAGAACGTC-1,17.0,13.0,Subpallium-1,0.5470209121704102,0.4529791474342346,0.5553249716758728,0.4446750283241272,0.36512163281440735,0.634878396987915,0.019055476412177086,0.9809445142745972
Mouse_Brain_E18_MISAR,Mouse brain E18,atac,TCCTACCAAAGAAGCT-1,29.0,44.0,Diencephalonand hindbrain,0.547731876373291,0.45226815342903137,0.4206738770008087,0.5793260931968689,0.5172974467277527,0.4827025830745697,0.020948775112628937,0.9790512323379517
Mouse_Brain_E18_MISAR,Mouse brain E18,atac,TCGGCCTTCTAAGAGA-1,39.0,20.0,Cartilage-1,0.5326359868049622,0.46736404299736023,0.41861990094184875,0.5813801288604736,0.09327737241983414,0.9067226648330688,0.003152248216792941,0.9968476891517639
Mouse_Brain_E18_MISAR,Mouse brain E18,atac,CCGATTCCTCTGATAC-1,47.0,42.0,Diencephalonand hindbrain,0.5356491208076477,0.4643508493900299,0.5705171227455139,0.4294828772544861,0.6934532523155212,0.30654671788215637,0.033458493649959564,0.9665415287017822
Mouse_Brain_E18_MISAR,Mouse brain E18,atac,TGAGTCTGCATACTCC-1,23.0,47.0,Cartilage-2,0.6478663086891174,0.3521336615085602,0.48095420002937317,0.5190457701683044,0.26373717188835144,0.736262857913971,0.005522888619452715,0.9944770932197571
Mouse_Brain_E18_MISAR,Mouse brain E18,atac,CTGATGGTTAGAATTA-1,26.0,16.0,Diencephalonand hindbrain,0.5695952773094177,0.4304047226905823,0.45460039377212524,0.5453996062278748,0.37163209915161133,0.6283678412437439,0.03798289969563484,0.9620170593261719
Mouse_Brain_E18_MISAR,Mouse brain E18,atac,ACCGCCAATGGTCAGC-1,46.0,37.0,Diencephalonand hindbrain,0.590221107006073,0.409778892993927,0.46792492270469666,0.5320751070976257,0.36982235312461853,0.6301776170730591,0.023039227351546288,0.9769607186317444
Mouse_Brain_E18_MISAR,Mouse brain E18,atac,AGAACGTCTTATTCAT-1,38.0,33.0,Diencephalonand hindbrain,0.51075279712677,0.48924720287323,0.46205565333366394,0.5379443168640137,0.5536016821861267,0.4463983476161957,0.017956621944904327,0.982043445110321
Mouse_Brain_E18_MISAR,Mouse brain E18,atac,TGGTCAGCCTAAGAGA-1,14.0,20.0,Subpallium-1,0.3902246654033661,0.6097753643989563,0.6307305693626404,0.369269460439682,0.15809981524944305,0.8419002294540405,0.15801826119422913,0.8419817090034485
Mouse_Brain_E18_MISAR,Mouse brain E18,atac,GCCGCAACTAGATCTA-1,24.0,31.0,Thalamus,0.5796443819999695,0.4203556180000305,0.4343395531177521,0.5656604766845703,0.7177313566207886,0.28226861357688904,0.0163042601197958,0.9836957454681396
Mouse_Brain_E18_MISAR,Mouse brain E18,atac,CCAGTTCCTAGATCTA-1,45.0,31.0,Diencephalonand hindbrain,0.7445741891860962,0.2554258406162262,0.39253997802734375,0.607460081577301,0.7878847122192383,0.21211528778076172,0.020241238176822662,0.9797587394714355
Mouse_Brain_E18_MISAR,Mouse brain E18,atac,GCTAACTTGGTACTGC-1,3.0,15.0,DPallm,0.68034428358078,0.31965571641921997,0.596457839012146,0.4035421907901764,0.3008165955543518,0.6991834044456482,0.056959837675094604,0.943040132522583
Mouse_Brain_E18_MISAR,Mouse brain E18,atac,TAGAATTAAACCTGCG-1,35.0,50.0,Diencephalonand hindbrain,0.5692054629325867,0.43079453706741333,0.45916441082954407,0.5408356189727783,0.41050058603286743,0.5894994735717773,0.01250222697854042,0.9874978065490723
Mouse_Brain_E18_MISAR,Mouse brain E18,atac,GAAGATCGTCGGCCTT-1,8.0,12.0,DPallm,0.6457231640815735,0.3542768657207489,0.46391960978507996,0.5360804200172424,0.8723580241203308,0.1276419460773468,0.009062395431101322,0.9909375905990601
Mouse_Brain_E18_MISAR,Mouse brain E18,atac,ACTTAACCCTTGCGCC-1,44.0,14.0,Cartilage-3,0.5270907282829285,0.4729093015193939,0.5774481296539307,0.42255187034606934,0.4041975438594818,0.5958024859428406,0.004458667244762182,0.9955412745475769
Mouse_Brain_E18_MISAR,Mouse brain E18,atac,TAGATCTATCGGCCTT-1,20.0,12.0,Subpallium-1,0.3660568296909332,0.6339432001113892,0.2962974011898041,0.7037026286125183,0.2571503818035126,0.742849588394165,0.029397638514637947,0.9706023931503296
Mouse_Brain_E18_MISAR,Mouse brain E18,atac,GCGTTGGATCTGATAC-1,28.0,42.0,Diencephalonand hindbrain,0.5437299013137817,0.45627015829086304,0.502578854560852,0.49742117524147034,0.6451107263565063,0.35488924384117126,0.012388725765049458,0.9876112341880798
Mouse_Brain_E18_MISAR,Mouse brain E18,atac,TGGTCAGCAATTAAGA-1,14.0,32.0,DPallv,0.5557057857513428,0.44429415464401245,0.5797947645187378,0.4202052354812622,0.9226534366607666,0.0773465484380722,0.00833145808428526,0.9916684627532959
Mouse_Brain_E18_MISAR,Mouse brain E18,atac,TCCTACCAACCGCCAA-1,29.0,5.0,Cartilage-1,0.5063928961753845,0.4936070740222931,0.6946506500244141,0.30534934997558594,0.36591771245002747,0.6340822577476501,0.0020223429892212152,0.9979776740074158
Mouse_Brain_E18_MISAR,Mouse brain E18,atac,TAGAGTAAGGTACTGC-1,41.0,15.0,Cartilage-2,0.41211405396461487,0.5878859162330627,0.6143602132797241,0.38563981652259827,0.10174847394227982,0.8982515931129456,0.005254241172224283,0.9947457313537598
Mouse_Brain_E18_MISAR,Mouse brain E18,atac,CGACGCGAACTCAATA-1,12.0,21.0,Subpallium-1,0.5756335258483887,0.42436647415161133,0.4149978458881378,0.5850021839141846,0.1686982363462448,0.831301748752594,0.024484770372509956,0.9755152463912964
Mouse_Brain_E18_MISAR,Mouse brain E18,atac,TCGGCCTTGCCGCAAC-1,39.0,27.0,Mesenchyme,0.7083042860031128,0.2916956841945648,0.4738982021808624,0.52610182762146,0.4520739018917084,0.5479260683059692,0.03858102858066559,0.9614189267158508
Mouse_Brain_E18_MISAR,Mouse brain E18,atac,GATCTTACCTAAGAGA-1,27.0,20.0,Mesenchyme,0.5404039621353149,0.45959603786468506,0.3486836552619934,0.6513163447380066,0.2832243740558624,0.7167755961418152,0.08412448316812515,0.9158754944801331
Mouse_Brain_E18_MISAR,Mouse brain E18,atac,TTACCGAGTAGAGTAA-1,16.0,10.0,Diencephalonand hindbrain,0.51529461145401,0.4847053587436676,0.4955066442489624,0.5044932961463928,0.5738646388053894,0.4261353611946106,0.030430713668465614,0.9695693254470825
Mouse_Brain_E18_MISAR,Mouse brain E18,atac,CCAGTTCCTTGACTTC-1,45.0,18.0,Cartilage-2,0.5672545433044434,0.43274548649787903,0.4743993580341339,0.5256006717681885,0.50304114818573,0.49695885181427,0.0032007209956645966,0.9967992305755615
Mouse_Brain_E18_MISAR,Mouse brain E18,atac,TTATCCGGGATACGGA-1,10.0,40.0,Cartilage-2,0.7247054576873779,0.2752944827079773,0.5314967632293701,0.4685032069683075,0.6781389713287354,0.32186105847358704,0.03740886598825455,0.9625911116600037
Mouse_Brain_E18_MISAR,Mouse brain E18,atac,ACTATGCAACTCAATA-1,13.0,21.0,Subpallium-1,0.45858490467071533,0.5414150357246399,0.39262041449546814,0.6073795557022095,0.09332918375730515,0.9066708087921143,0.039685942232608795,0.9603140354156494
Mouse_Brain_E18_MISAR,Mouse brain E18,atac,CCGATTCCGCCATTCT-1,47.0,17.0,Cartilage-4,0.36318886280059814,0.6368110775947571,0.4875917136669159,0.5124083161354065,0.21263548731803894,0.7873644828796387,0.012491827830672264,0.9875081181526184
Mouse_Brain_E18_MISAR,Mouse brain E18,atac,ACGGAGGCCCGAGAAT-1,21.0,26.0,Cartilage-2,0.6012671589851379,0.39873284101486206,0.5400469899177551,0.4599530100822449,0.1134771853685379,0.8865228295326233,0.013380966149270535,0.9866190552711487
Mouse_Brain_E18_MISAR,Mouse brain E18,atac,TGAGTCTGAACCTGCG-1,23.0,50.0,Cartilage-2,0.7038456797599792,0.29615435004234314,0.46204060316085815,0.5379594564437866,0.10045922547578812,0.8995407819747925,0.06865731626749039,0.9313426613807678
Mouse_Brain_E18_MISAR,Mouse brain E18,atac,CTAAGAGAGACCTTGA-1,31.0,9.0,Mesenchyme,0.5010331273078918,0.49896687269210815,0.5942997932434082,0.4057001769542694,0.2029504030942917,0.7970495820045471,0.018394052982330322,0.9816059470176697
Mouse_Brain_E18_MISAR,Mouse brain E18,atac,GCAGGTCCGCTAACTT-1,40.0,48.0,Diencephalonand hindbrain,0.4866753816604614,0.5133246183395386,0.4168008267879486,0.5831992030143738,0.3773469030857086,0.6226531267166138,0.010977283120155334,0.9890227317810059
Mouse_Brain_E18_MISAR,Mouse brain E18,atac,GATACGGAGAAGATCG-1,11.0,43.0,Cartilage-2,0.7164272665977478,0.2835727632045746,0.5109480023384094,0.48905202746391296,0.4999616742134094,0.5000383257865906,0.026530614122748375,0.9734694361686707
Mouse_Brain_E18_MISAR,Mouse brain E18,atac,ATCATATTGATCTTAC-1,15.0,24.0,Subpallium-1,0.4085211455821991,0.5914788246154785,0.5359656810760498,0.4640343189239502,0.11527712643146515,0.884722888469696,0.04321581870317459,0.956784188747406
Mouse_Brain_E18_MISAR,Mouse brain E18,atac,GCGTTGGACTTGCGCC-1,28.0,14.0,Diencephalonand hindbrain,0.555295467376709,0.44470450282096863,0.5605767965316772,0.43942317366600037,0.09666745364665985,0.903332531452179,0.00647673150524497,0.9935232400894165
Mouse_Brain_E18_MISAR,Mouse brain E18,atac,AGAACGTCCCGAGAAT-1,38.0,26.0,Mesenchyme,0.3992416262626648,0.6007583737373352,0.473990797996521,0.526009202003479,0.2955397069454193,0.7044602632522583,0.01937352865934372,0.9806264042854309
Mouse_Brain_E18_MISAR,Mouse brain E18,atac,TTATTCATCAACCGCT-1,18.0,8.0,Cartilage-2,0.6023238897323608,0.39767616987228394,0.5925431251525879,0.4074568748474121,0.3700670003890991,0.6299330592155457,0.0037505929358303547,0.9962493777275085
Mouse_Brain_E18_MISAR,Mouse brain E18,atac,CTAAGAGAAGAGAAGG-1,31.0,46.0,Diencephalonand hindbrain,0.6119803786277771,0.3880196213722229,0.5495275259017944,0.45047247409820557,0.32063063979148865,0.6793693900108337,0.004730651620775461,0.9952693581581116
Mouse_Brain_E18_MISAR,Mouse brain E18,atac,ACTTAACCAGAGCTAT-1,44.0,19.0,Cartilage-2,0.5829247832298279,0.4170752465724945,0.5800458192825317,0.41995418071746826,0.3655722141265869,0.6344277858734131,0.002256843028590083,0.9977431297302246
Mouse_Brain_E18_MISAR,Mouse brain E18,atac,ACTCAATATGAGTCTG-1,30.0,28.0,Diencephalonand hindbrain,0.5559238791465759,0.4440761208534241,0.5276294946670532,0.4723704755306244,0.4162621796131134,0.583737850189209,0.03612907975912094,0.9638708829879761
Mouse_Brain_E18_MISAR,Mouse brain E18,atac,ACGGAGGCGCTAACTT-1,21.0,48.0,Cartilage-2,0.5092024803161621,0.4907975494861603,0.5050469636917114,0.49495306611061096,0.14286963641643524,0.8571303486824036,0.04383764788508415,0.9561623334884644
Mouse_Brain_E18_MISAR,Mouse brain E18,atac,TGAGTCTGCTAAGAGA-1,23.0,20.0,Diencephalonand hindbrain,0.38010916113853455,0.6198908090591431,0.6219961047172546,0.378003865480423,0.4055769443511963,0.5944230556488037,0.06866727024316788,0.9313327074050903
Mouse_Brain_E18_MISAR,Mouse brain E18,atac,TAGATCTAAGAACGTC-1,20.0,13.0,Subpallium-1,0.48429733514785767,0.5157027244567871,0.43842002749443054,0.5615799427032471,0.3362128436565399,0.6637871861457825,0.028884517028927803,0.9711154699325562
Mouse_Brain_E18_MISAR,Mouse brain E18,atac,AATTAAGAACGGAGGC-1,19.0,30.0,Mesenchyme,0.5687755942344666,0.43122440576553345,0.4911012649536133,0.5088987350463867,0.7113820910453796,0.2886178493499756,0.01702411100268364,0.9829759001731873
Mouse_Brain_E18_MISAR,Mouse brain E18,atac,TGGTCAGCTTATCCGG-1,14.0,41.0,DPallm,0.5624984502792358,0.43750157952308655,0.4795213043689728,0.5204786658287048,0.9673976898193359,0.03260236233472824,0.0010014018043875694,0.9989985823631287
Mouse_Brain_E18_MISAR,Mouse brain E18,atac,AAGAAGCTAGAACGTC-1,7.0,13.0,DPallm,0.6901564598083496,0.3098435699939728,0.6373581886291504,0.3626417815685272,0.8165882229804993,0.18341176211833954,0.01421665120869875,0.9857833385467529
Mouse_Brain_E18_MISAR,Mouse brain E18,atac,CGAACGCCTGAGTCTG-1,49.0,28.0,Diencephalonand hindbrain,0.644059956073761,0.355940043926239,0.5158780813217163,0.4841219484806061,0.5941188931465149,0.4058811366558075,0.014714628458023071,0.9852853417396545
Mouse_Brain_E18_MISAR,Mouse brain E18,atac,TGCCGGCAACTATGCA-1,17.0,38.0,DPallv,0.5409321188926697,0.4590678811073303,0.684541642665863,0.31545835733413696,0.9039860367774963,0.09601394087076187,0.004654235206544399,0.9953457713127136
Mouse_Brain_E18_MISAR,Mouse brain E18,atac,TTATTCATCGACGCGA-1,18.0,39.0,DPallv,0.3489825427532196,0.6510174870491028,0.5469953417778015,0.4530046880245209,0.9142873287200928,0.08571267873048782,0.0063490052707493305,0.9936509728431702
Mouse_Brain_E18_MISAR,Mouse brain E18,atac,GGCTGAGCTTATCCGG-1,48.0,41.0,Diencephalonand hindbrain,0.5174323916435242,0.48256754875183105,0.5398246645927429,0.4601753354072571,0.4883037507534027,0.5116962194442749,0.030694231390953064,0.9693058133125305
Mouse_Brain_E18_MISAR,Mouse brain E18,atac,GGTATGCTCTTGCGCC-1,2.0,14.0,Cartilage-3,0.6380942463874817,0.3619057834148407,0.788827657699585,0.21117235720157623,0.0640435442328453,0.9359564781188965,0.002705561462789774,0.9972944855690002
Mouse_Brain_E18_MISAR,Mouse brain E18,atac,TTATTCATCTAAGAGA-1,18.0,20.0,Subpallium-1,0.511827290058136,0.488172709941864,0.4165830910205841,0.5834168791770935,0.11005079746246338,0.8899492025375366,0.04904362931847572,0.950956404209137
Mouse_Brain_E18_MISAR,Mouse brain E18,atac,CCGAGAATGCAGGTCC-1,25.0,11.0,Diencephalonand hindbrain,0.4054495394229889,0.5945504903793335,0.4752308130264282,0.5247691869735718,0.28703683614730835,0.7129631638526917,0.13656538724899292,0.8634345531463623
Mouse_Brain_E18_MISAR,Mouse brain E18,atac,ATCATATTAATTAAGA-1,15.0,32.0,DPallv,0.5821589827537537,0.4178410470485687,0.5426015257835388,0.4573984444141388,0.912081241607666,0.08791881799697876,0.005417305510491133,0.9945827126502991
Mouse_Brain_E18_MISAR,Mouse brain E18,atac,TCCGGCCTCTTGCGCC-1,6.0,14.0,DPallm,0.7825944423675537,0.2174054980278015,0.5706720352172852,0.42932796478271484,0.7303006052970886,0.2696993947029114,0.04520691558718681,0.9547930955886841
Mouse_Brain_E18_MISAR,Mouse brain E18,atac,TCTGATACTTACCGAG-1,9.0,35.0,DPallm,0.5050272941589355,0.49497276544570923,0.5340085625648499,0.46599140763282776,0.881120502948761,0.1188795194029808,0.0030690752901136875,0.9969308972358704
Mouse_Brain_E18_MISAR,Mouse brain E18,atac,TGGTCAGCGGTACTGC-1,14.0,15.0,Subpallium-1,0.5384150743484497,0.4615848958492279,0.4613579213619232,0.5386420488357544,0.1721668392419815,0.8278331756591797,0.03631597012281418,0.9636840224266052
Mouse_Brain_E18_MISAR,Mouse brain E18,atac,ACTATGCATTATCCGG-1,13.0,41.0,DPallm,0.6054518222808838,0.3945481777191162,0.4941529333591461,0.5058470368385315,0.9146872758865356,0.08531269431114197,0.0012638085754588246,0.9987362027168274
Mouse_Brain_E18_MISAR,Mouse brain E18,atac,GACCTTGAAACCTGCG-1,42.0,50.0,Diencephalonand hindbrain,0.5627128481864929,0.43728718161582947,0.5423553586006165,0.45764461159706116,0.3227013051509857,0.6772987246513367,0.0039475527592003345,0.9960523843765259
Mouse_Brain_E18_MISAR,Mouse brain E18,atac,CCGAGAATACTATGCA-1,25.0,38.0,Mesenchyme,0.5672653913497925,0.4327346682548523,0.48793402314186096,0.5120660066604614,0.6816280484199524,0.31837198138237,0.01143721491098404,0.988562822341919
Mouse_Brain_E18_MISAR,Mouse brain E18,atac,GCAGGTCCTTACCGAG-1,40.0,35.0,Diencephalonand hindbrain,0.6964424252510071,0.3035575747489929,0.4688035547733307,0.5311964154243469,0.5295021533966064,0.47049790620803833,0.058503661304712296,0.9414963126182556
Mouse_Brain_E18_MISAR,Mouse brain E18,atac,TCGGCCTTTGAGTCTG-1,39.0,28.0,Cartilage-2,0.714295506477356,0.28570449352264404,0.4417254626750946,0.558274507522583,0.5527430176734924,0.4472569525241852,0.01617939956486225,0.9838205575942993
Mouse_Brain_E18_MISAR,Mouse brain E18,atac,GCAGGTCCTGAGTCTG-1,40.0,28.0,Diencephalonand hindbrain,0.5164185762405396,0.4835814833641052,0.480939120054245,0.5190608501434326,0.6195741891860962,0.3804257810115814,0.0162181556224823,0.9837818145751953
Mouse_Brain_E18_MISAR,Mouse brain E18,atac,ACCGCCAAGCCGCAAC-1,46.0,27.0,Diencephalonand hindbrain,0.5733115077018738,0.4266885221004486,0.4607597887516022,0.5392402410507202,0.5399314165115356,0.4600685238838196,0.014771626330912113,0.985228419303894
Mouse_Brain_E18_MISAR,Mouse brain E18,atac,ACCGCCAATTATTCAT-1,46.0,33.0,Diencephalonand hindbrain,0.6821013689041138,0.317898690700531,0.5948622226715088,0.4051377773284912,0.42561495304107666,0.5743849873542786,0.013758927583694458,0.9862411022186279
Mouse_Brain_E18_MISAR,Mouse brain E18,atac,CTGATGGTAACCTGCG-1,26.0,50.0,Cartilage-2,0.5382481813430786,0.4617518186569214,0.4538990557193756,0.546100914478302,0.2997622489929199,0.7002377510070801,0.022164098918437958,0.9778359532356262
Mouse_Brain_E18_MISAR,Mouse brain E18,atac,ACTCAATAGGTATGCT-1,30.0,49.0,Diencephalonand hindbrain,0.6445716023445129,0.35542842745780945,0.46796557307243347,0.5320343971252441,0.5478426814079285,0.45215731859207153,0.032513730227947235,0.9674862623214722
Mouse_Brain_E18_MISAR,Mouse brain E18,atac,ACTCAATAATCATATT-1,30.0,36.0,Diencephalonand hindbrain,0.5799590945243835,0.42004096508026123,0.42839834094047546,0.5716016888618469,0.2994200885295868,0.7005799412727356,0.006584819871932268,0.993415117263794
Mouse_Brain_E18_MISAR,Mouse brain E18,atac,CCGATTCCTCCGGCCT-1,47.0,45.0,Midbrain,0.6733456254005432,0.3266543745994568,0.5288988947868347,0.47110116481781006,0.4425050616264343,0.5574948787689209,0.0308570247143507,0.9691429734230042
Mouse_Brain_E18_MISAR,Mouse brain E18,atac,CTAAGAGACATACTCC-1,31.0,47.0,Diencephalonand hindbrain,0.443147212266922,0.5568528175354004,0.6184930801391602,0.38150694966316223,0.24300038814544678,0.7569996118545532,0.0077195377089083195,0.9922804832458496
Mouse_Brain_E18_MISAR,Mouse brain E18,atac,CATACTCCAGAGCTAT-1,4.0,19.0,DPallm,0.5316739678382874,0.46832603216171265,0.5659424066543579,0.4340576231479645,0.9427406191825867,0.05725938081741333,0.013808664865791798,0.9861913919448853
Mouse_Brain_E18_MISAR,Mouse brain E18,atac,GGTACTGCTAGAGTAA-1,36.0,10.0,Cartilage-1,0.37762144207954407,0.6223785877227783,0.4170747995376587,0.5829252004623413,0.2568091154098511,0.7431908845901489,0.0033964896574616432,0.9966034889221191
Mouse_Brain_E18_MISAR,Mouse brain E18,atac,CTGATGGTGCCATTCT-1,26.0,17.0,Diencephalonand hindbrain,0.46224161982536316,0.5377583503723145,0.5516055226325989,0.44839444756507874,0.3052078187465668,0.6947921514511108,0.024659190326929092,0.9753408432006836
Mouse_Brain_E18_MISAR,Mouse brain E18,atac,ACTATGCAGCCGCAAC-1,13.0,27.0,DPallv,0.4777872562408447,0.5222127437591553,0.4136728346347809,0.5863271951675415,0.8420321345329285,0.15796782076358795,0.005618107505142689,0.9943819642066956
Mouse_Brain_E18_MISAR,Mouse brain E18,atac,CCGAGAATTTACCGAG-1,25.0,35.0,Thalamus,0.4886041283607483,0.5113958120346069,0.5700715780258179,0.4299284517765045,0.8346849679946899,0.16531507670879364,0.029536910355091095,0.9704630374908447
Mouse_Brain_E18_MISAR,Mouse brain E18,atac,CTTGCGCCAGAACGTC-1,37.0,13.0,Cartilage-1,0.4018361568450928,0.5981638431549072,0.6598535180091858,0.340146541595459,0.16783742606639862,0.8321625590324402,0.0028124055825173855,0.9971875548362732
Mouse_Brain_E18_MISAR,Mouse brain E18,atac,GGCTGAGCGCCGCAAC-1,48.0,27.0,Diencephalonand hindbrain,0.45907023549079895,0.5409297943115234,0.6536427736282349,0.3463572561740875,0.4514615535736084,0.5485383868217468,0.009235433302819729,0.9907644987106323
Mouse_Brain_E18_MISAR,Mouse brain E18,atac,ACGGAGGCACTCAATA-1,21.0,21.0,Diencephalonand hindbrain,0.5794000625610352,0.42059993743896484,0.5913733839988708,0.4086265563964844,0.3741336464881897,0.6258663535118103,0.022885510697960854,0.9771144986152649
Mouse_Brain_E18_MISAR,Mouse brain E18,atac,GACCTTGAGCTAACTT-1,42.0,48.0,Diencephalonand hindbrain,0.563838541507721,0.43616151809692383,0.4825383722782135,0.5174615979194641,0.16139259934425354,0.8386073708534241,0.005561371333897114,0.994438648223877
Mouse_Brain_E18_MISAR,Mouse brain E18,atac,TAGAATTATTGACTTC-1,35.0,18.0,Mesenchyme,0.4824897348880768,0.5175102353096008,0.48824864625930786,0.5117512941360474,0.11805661767721176,0.88194340467453,0.00995351281017065,0.9900464415550232
Mouse_Brain_E18_MISAR,Mouse brain E18,atac,CCGAGAATCCGAGAAT-1,25.0,26.0,Diencephalonand hindbrain,0.49266746640205383,0.5073325634002686,0.4492610991001129,0.5507388710975647,0.2639092206954956,0.7360907793045044,0.01673736236989498,0.9832626581192017
Mouse_Brain_E18_MISAR,Mouse brain E18,atac,TTATTCATTGCCGGCA-1,18.0,34.0,DPallm,0.4893980026245117,0.5106019377708435,0.4626164734363556,0.537383496761322,0.8883063197135925,0.11169364303350449,0.012586181983351707,0.9874138832092285
Mouse_Brain_E18_MISAR,Mouse brain E18,atac,ATCATATTAGAACGTC-1,15.0,13.0,Subpallium-1,0.43669965863227844,0.563300371170044,0.48107805848121643,0.518921971321106,0.27414318919181824,0.7258567810058594,0.0343678742647171,0.9656322002410889
Mouse_Brain_E18_MISAR,Mouse brain E18,atac,ACTCAATATCTGATAC-1,30.0,42.0,Diencephalonand hindbrain,0.5157675743103027,0.48423245549201965,0.5095008611679077,0.4904990792274475,0.5764339566230774,0.4235660135746002,0.023297235369682312,0.9767027497291565
Mouse_Brain_E18_MISAR,Mouse brain E18,atac,AATTAAGAGATCTTAC-1,19.0,24.0,Subpallium-1,0.49353325366973877,0.5064667463302612,0.6152429580688477,0.38475701212882996,0.15390020608901978,0.8460997939109802,0.02807752601802349,0.9719223976135254
Mouse_Brain_E18_MISAR,Mouse brain E18,atac,TGAGTCTGACCGCCAA-1,23.0,5.0,Cartilage-4,0.5400797724723816,0.459920197725296,0.4639347493648529,0.5360652208328247,0.1901397556066513,0.8098601698875427,0.0031431422103196383,0.9968568086624146
Mouse_Brain_E18_MISAR,Mouse brain E18,atac,CCAGTTCCACTATGCA-1,45.0,38.0,Diencephalonand hindbrain,0.5315616130828857,0.46843841671943665,0.5276759266853333,0.472324013710022,0.6103710532188416,0.38962897658348083,0.009468336589634418,0.9905316829681396
Mouse_Brain_E18_MISAR,Mouse brain E18,atac,ACTCAATAAAGAAGCT-1,30.0,44.0,Diencephalonand hindbrain,0.5063109397888184,0.49368909001350403,0.5484017729759216,0.45159825682640076,0.43645432591438293,0.5635457038879395,0.04866481199860573,0.9513351321220398
Mouse_Brain_E18_MISAR,Mouse brain E18,atac,AGAGAAGGTTGACTTC-1,5.0,18.0,DPallm,0.5405915379524231,0.4594084620475769,0.4402477443218231,0.5597522258758545,0.7858287692070007,0.21417121589183807,0.025904785841703415,0.9740952253341675
Mouse_Brain_E18_MISAR,Mouse brain E18,atac,AAGAAGCTACTATGCA-1,7.0,38.0,Cartilage-2,0.44109368324279785,0.5589063167572021,0.4679209589958191,0.5320790410041809,0.6054612994194031,0.3945387005805969,0.03148222342133522,0.9685178399085999
Mouse_Brain_E18_MISAR,Mouse brain E18,atac,TCCTACCAGCCGCAAC-1,29.0,27.0,Diencephalonand hindbrain,0.6006617546081543,0.3993381857872009,0.5802299380302429,0.41977012157440186,0.5177266597747803,0.48227331042289734,0.04254299774765968,0.9574569463729858
Mouse_Brain_E18_MISAR,Mouse brain E18,atac,GGTACTGCTCCTACCA-1,36.0,22.0,Mesenchyme,0.5825420618057251,0.4174579679965973,0.5008927583694458,0.499107301235199,0.24337711930274963,0.756622850894928,0.008154613897204399,0.991845428943634
Mouse_Brain_E18_MISAR,Mouse brain E18,atac,AGAACGTCGACCTTGA-1,38.0,9.0,Cartilage-2,0.6109614968299866,0.3890385031700134,0.7233516573905945,0.27664828300476074,0.27782511711120605,0.722174882888794,0.014659508131444454,0.9853405356407166
Mouse_Brain_E18_MISAR,Mouse brain E18,atac,CCAGTTCCGCCGCAAC-1,45.0,27.0,Diencephalonand hindbrain,0.49172672629356384,0.5082732439041138,0.43629708886146545,0.5637028813362122,0.3022526502609253,0.6977474093437195,0.01420744601637125,0.9857925772666931
Mouse_Brain_E18_MISAR,Mouse brain E18,atac,GCCGCAACCTAAGAGA-1,24.0,20.0,Diencephalonand hindbrain,0.7893788814544678,0.21062110364437103,0.6220657229423523,0.3779342770576477,0.7031445503234863,0.29685544967651367,0.04665198549628258,0.9533479809761047
Mouse_Brain_E18_MISAR,Mouse brain E18,atac,CCAGTTCCACGGAGGC-1,45.0,30.0,Diencephalonand hindbrain,0.7839846014976501,0.21601535379886627,0.420265793800354,0.579734206199646,0.8210195302963257,0.1789804995059967,0.04468676820397377,0.9553132057189941
Mouse_Brain_E18_MISAR,Mouse brain E18,atac,CATACTCCTCCTACCA-1,4.0,22.0,DPallm,0.4511339068412781,0.5488660931587219,0.4972507059574127,0.5027493238449097,0.967286229133606,0.03271372988820076,0.0027722532395273447,0.9972277283668518
Mouse_Brain_E18_MISAR,Mouse brain E18,atac,AGAGAAGGTGCCGGCA-1,5.0,34.0,Mesenchyme,0.8327683210372925,0.16723161935806274,0.5501319169998169,0.4498680830001831,0.33241555094718933,0.6675844788551331,0.03826944902539253,0.9617305397987366
Mouse_Brain_E18_MISAR,Mouse brain E18,atac,ATAAGGAGTCTGATAC-1,50.0,42.0,Diencephalonand hindbrain,0.450681209564209,0.549318790435791,0.5055567622184753,0.49444323778152466,0.7540015578269958,0.24599845707416534,0.017934350296854973,0.9820656180381775
Mouse_Brain_E18_MISAR,Mouse brain E18,atac,TTGACTTCTCTGATAC-1,33.0,42.0,Diencephalonand hindbrain,0.5089092254638672,0.4910907745361328,0.3372859060764313,0.6627140641212463,0.3571654260158539,0.6428345441818237,0.04619753360748291,0.9538024663925171
Mouse_Brain_E18_MISAR,Mouse brain E18,atac,CTTGCGCCTTATTCAT-1,37.0,33.0,Diencephalonand hindbrain,0.7049941420555115,0.2950058877468109,0.4366533160209656,0.5633466839790344,0.35927706956863403,0.6407228708267212,0.03106756880879402,0.9689323902130127
Mouse_Brain_E18_MISAR,Mouse brain E18,atac,TGGTCAGCTGCCGGCA-1,14.0,34.0,DPallv,0.5114172101020813,0.4885827898979187,0.5388599634170532,0.4611400365829468,0.8703584671020508,0.1296415776014328,0.006252935156226158,0.9937471151351929
Mouse_Brain_E18_MISAR,Mouse brain E18,atac,GCCATTCTACGGAGGC-1,34.0,30.0,Diencephalonand hindbrain,0.8385628461837769,0.16143718361854553,0.6109005808830261,0.38909944891929626,0.7860642671585083,0.2139357328414917,0.023440219461917877,0.9765596985816956
Mouse_Brain_E18_MISAR,Mouse brain E18,atac,TCCTACCATGGTCAGC-1,29.0,37.0,Diencephalonand hindbrain,0.6968746781349182,0.3031253516674042,0.4394369125366211,0.5605630874633789,0.4465121328830719,0.5534878969192505,0.01918851211667061,0.9808114767074585
Mouse_Brain_E18_MISAR,Mouse brain E18,atac,TCCTACCATGCGGACC-1,29.0,29.0,Diencephalonand hindbrain,0.6440717577934265,0.3559282720088959,0.4785091280937195,0.5214908719062805,0.4234429895877838,0.5765569806098938,0.0197956170886755,0.9802044034004211
Mouse_Brain_E18_MISAR,Mouse brain E18,atac,ATCATATTTTATCCGG-1,15.0,41.0,DPallm,0.5904297232627869,0.40957024693489075,0.5131632089614868,0.4868367612361908,0.9755896925926208,0.024410324171185493,0.001880328985862434,0.9981196522712708
Mouse_Brain_E18_MISAR,Mouse brain E18,atac,AGAGAAGGCCAGTTCC-1,5.0,6.0,Cartilage-3,0.5253831148147583,0.4746169447898865,0.5527737140655518,0.44722628593444824,0.25488442182540894,0.7451155781745911,0.0022860688623040915,0.9977139234542847
Mouse_Brain_E18_MISAR,Mouse brain E18,atac,TTATCCGGGCCATTCT-1,10.0,17.0,Subpallium-1,0.6107977032661438,0.3892022371292114,0.5169520974159241,0.48304787278175354,0.12635914981365204,0.8736408948898315,0.028534526005387306,0.9714654684066772
Mouse_Brain_E18_MISAR,Mouse brain E18,atac,TTACCGAGCCGAGAAT-1,16.0,26.0,Subpallium-1,0.4364403486251831,0.5635596513748169,0.4811100959777832,0.518889844417572,0.16664999723434448,0.8333500027656555,0.023969005793333054,0.9760310053825378
Mouse_Brain_E18_MISAR,Mouse brain E18,atac,TTACCGAGCTTGCGCC-1,16.0,14.0,Subpallium-1,0.4905136823654175,0.5094862580299377,0.5234570503234863,0.4765428900718689,0.24498656392097473,0.7550134062767029,0.03050519898533821,0.9694948196411133
Mouse_Brain_E18_MISAR,Mouse brain E18,atac,GATCTTACTAGAATTA-1,27.0,16.0,Diencephalonand hindbrain,0.5203893184661865,0.4796106815338135,0.5380651354789734,0.4619348645210266,0.27393829822540283,0.7260617613792419,0.03634557127952576,0.9636544585227966
Mouse_Brain_E18_MISAR,Mouse brain E18,atac,CTTGCGCCTCGGCCTT-1,37.0,12.0,Cartilage-1,0.4232126474380493,0.5767873525619507,0.7309890389442444,0.2690109312534332,0.22109319269657135,0.7789067625999451,0.003263977123424411,0.9967359900474548
Mouse_Brain_E18_MISAR,Mouse brain E18,atac,AGAGCTATTTGACTTC-1,32.0,18.0,Cartilage-2,0.35831359028816223,0.6416863799095154,0.5436595678329468,0.4563404321670532,0.3161084055900574,0.6838915944099426,0.021245665848255157,0.9787543416023254
Mouse_Brain_E18_MISAR,Mouse brain E18,atac,AGAACGTCTCTGATAC-1,38.0,42.0,Diencephalonand hindbrain,0.4988011419773102,0.5011988282203674,0.5215873122215271,0.4784126877784729,0.5629022717475891,0.4370977580547333,0.018526656553149223,0.9814733862876892
Mouse_Brain_E18_MISAR,Mouse brain E18,atac,TCTGATACGATACGGA-1,9.0,40.0,Cartilage-2,0.5969310998916626,0.4030689299106598,0.5432558655738831,0.45674410462379456,0.5373277068138123,0.46267229318618774,0.0364564023911953,0.9635436534881592
Mouse_Brain_E18_MISAR,Mouse brain E18,atac,AGAACGTCAATTAAGA-1,38.0,32.0,Cartilage-2,0.5842235088348389,0.4157765209674835,0.5459033250808716,0.4540967047214508,0.1954292356967926,0.8045707941055298,0.031136544421315193,0.9688634872436523
Mouse_Brain_E18_MISAR,Mouse brain E18,atac,CAACCGCTCTGATGGT-1,43.0,25.0,Mesenchyme,0.7564926743507385,0.24350731074810028,0.5027506351470947,0.4972493350505829,0.21358440816402435,0.7864156365394592,0.061753761023283005,0.9382461905479431
Mouse_Brain_E18_MISAR,Mouse brain E18,atac,GCCATTCTATCATATT-1,34.0,36.0,Diencephalonand hindbrain,0.5438048243522644,0.456195205450058,0.4208448827266693,0.5791551470756531,0.42854058742523193,0.5714594125747681,0.017970416694879532,0.9820296168327332
Mouse_Brain_E18_MISAR,Mouse brain E18,atac,AATTAAGATGCGGACC-1,19.0,29.0,Mesenchyme,0.4848248362541199,0.5151751041412354,0.4884355068206787,0.5115644931793213,0.7574809789657593,0.2425190657377243,0.021811118349432945,0.9781888127326965
Mouse_Brain_E18_MISAR,Mouse brain E18,atac,CCGAGAATGCCATTCT-1,25.0,17.0,Diencephalonand hindbrain,0.5630239248275757,0.4369761347770691,0.5050491690635681,0.4949508011341095,0.27954012155532837,0.7204599380493164,0.07207853347063065,0.92792147397995
Mouse_Brain_E18_MISAR,Mouse brain E18,atac,TCGGCCTTTGCCGGCA-1,39.0,34.0,Diencephalonand hindbrain,0.8565794229507446,0.14342063665390015,0.38543975353240967,0.6145601868629456,0.5910942554473877,0.4089057445526123,0.11560742557048798,0.8843926191329956
Mouse_Brain_E18_MISAR,Mouse brain E18,atac,TTACCGAGTGGTCAGC-1,16.0,37.0,DPallv,0.4665766954421997,0.5334232449531555,0.5741472244262695,0.4258527457714081,0.9228801727294922,0.07711976766586304,0.00872709508985281,0.9912728667259216
Mouse_Brain_E18_MISAR,Mouse brain E18,atac,GCTAACTTTAGAATTA-1,3.0,16.0,DPallm,0.3769807815551758,0.6230191588401794,0.5449613332748413,0.45503872632980347,0.44910040497779846,0.5508996248245239,0.03691962733864784,0.9630803465843201
Mouse_Brain_E18_MISAR,Mouse brain E18,atac,GGCTGAGCAGAGAAGG-1,48.0,46.0,Midbrain,0.3422982096672058,0.657701849937439,0.4119586944580078,0.5880413055419922,0.4185947775840759,0.5814052224159241,0.02998112514615059,0.9700189232826233
Mouse_Brain_E18_MISAR,Mouse brain E18,atac,GCCATTCTCCAGTTCC-1,34.0,6.0,Cartilage-4,0.432533860206604,0.567466139793396,0.5894666910171509,0.4105333089828491,0.3844338059425354,0.6155662536621094,0.003024148289114237,0.9969758987426758
Mouse_Brain_E18_MISAR,Mouse brain E18,atac,TCCTACCACCAGTTCC-1,29.0,6.0,Cartilage-1,0.49654313921928406,0.5034568905830383,0.6177762746810913,0.3822237253189087,0.2510768473148346,0.7489231824874878,0.002955441363155842,0.9970445036888123
Mouse_Brain_E18_MISAR,Mouse brain E18,atac,TTATTCATACTATGCA-1,18.0,38.0,DPallv,0.5437012910842896,0.4562987685203552,0.588787317276001,0.4112127125263214,0.8831039667129517,0.11689607053995132,0.006532725412398577,0.9934672713279724
Mouse_Brain_E18_MISAR,Mouse brain E18,atac,GATCTTACCCGAGAAT-1,27.0,26.0,Diencephalonand hindbrain,0.5219347476959229,0.47806528210639954,0.5280376672744751,0.4719623327255249,0.31307727098464966,0.6869227290153503,0.01549979206174612,0.9845001697540283
Mouse_Brain_E18_MISAR,Mouse brain E18,atac,GATCTTACTGAGTCTG-1,27.0,28.0,Diencephalonand hindbrain,0.6271883845329285,0.37281158566474915,0.5427237153053284,0.45727625489234924,0.4658453166484833,0.5341546535491943,0.03217334300279617,0.9678267240524292
Mouse_Brain_E18_MISAR,Mouse brain E18,atac,TTATCCGGTTATTCAT-1,10.0,33.0,DPallm,0.6231358051300049,0.37686416506767273,0.4573798179626465,0.5426201820373535,0.9664179086685181,0.033582042902708054,0.0037333143409341574,0.9962666630744934
Mouse_Brain_E18_MISAR,Mouse brain E18,atac,TGCCGGCAGACCTTGA-1,17.0,9.0,Subpallium-1,0.6237769722938538,0.37622299790382385,0.6228396892547607,0.37716031074523926,0.3975745141506195,0.6024255156517029,0.008180429227650166,0.9918196201324463
Mouse_Brain_E18_MISAR,Mouse brain E18,atac,CTAAGAGAGCAGGTCC-1,31.0,11.0,Mesenchyme,0.5820444226264954,0.41795557737350464,0.5502387285232544,0.4497613310813904,0.5184757113456726,0.4815243184566498,0.0036373897455632687,0.9963626265525818
Mouse_Brain_E18_MISAR,Mouse brain E18,atac,CCGAGAATGCTAACTT-1,25.0,48.0,Mesenchyme,0.380271852016449,0.619728147983551,0.4477130174636841,0.5522869229316711,0.34059974551200867,0.6594002842903137,0.05927659943699837,0.9407233595848083
Mouse_Brain_E18_MISAR,Mouse brain E18,atac,GATCTTACAGAACGTC-1,27.0,13.0,Diencephalonand hindbrain,0.41403526067733765,0.5859647393226624,0.542637050151825,0.45736294984817505,0.2695659399032593,0.730434000492096,0.03090501017868519,0.9690949320793152
Mouse_Brain_E18_MISAR,Mouse brain E18,atac,GCCGCAACTTACCGAG-1,24.0,35.0,Diencephalonand hindbrain,0.9015355706214905,0.0984644815325737,0.5582655072212219,0.44173452258110046,0.8980024456977844,0.10199753940105438,0.04173172265291214,0.9582683444023132
Mouse_Brain_E18_MISAR,Mouse brain E18,atac,GCCATTCTGCTAACTT-1,34.0,48.0,Diencephalonand hindbrain,0.5853760242462158,0.4146239459514618,0.4636797606945038,0.5363202095031738,0.3507840931415558,0.6492158770561218,0.03269457072019577,0.9673054218292236
Mouse_Brain_E18_MISAR,Mouse brain E18,atac,CTTGCGCCACGGAGGC-1,37.0,30.0,Cartilage-2,0.705928385257721,0.2940715551376343,0.5148908495903015,0.4851091802120209,0.565951943397522,0.434048056602478,0.009593754075467587,0.9904062151908875
Mouse_Brain_E18_MISAR,Mouse brain E18,atac,GCAGGTCCTGCCGGCA-1,40.0,34.0,Diencephalonand hindbrain,0.5047109723091125,0.4952890872955322,0.463144987821579,0.5368549823760986,0.7104224562644958,0.28957751393318176,0.04371143877506256,0.9562885165214539
Mouse_Brain_E18_MISAR,Mouse brain E18,atac,GGCTGAGCGGTACTGC-1,48.0,15.0,Cartilage-4,0.5197898149490356,0.48021018505096436,0.43412694334983826,0.5658730268478394,0.3250974118709564,0.6749025583267212,0.0030473857186734676,0.9969526529312134
Mouse_Brain_E18_MISAR,Mouse brain E18,atac,GATCTTACTCCGGCCT-1,27.0,45.0,Diencephalonand hindbrain,0.7922930121421814,0.20770695805549622,0.5219477415084839,0.4780522584915161,0.09133197367191315,0.908668041229248,0.04576641693711281,0.9542335271835327
Mouse_Brain_E18_MISAR,Mouse brain E18,atac,GGTACTGCTCTGATAC-1,36.0,42.0,Diencephalonand hindbrain,0.5325729250907898,0.4674270749092102,0.5944308638572693,0.4055691063404083,0.7094148397445679,0.2905851900577545,0.009000936523079872,0.9909991025924683
Mouse_Brain_E18_MISAR,Mouse brain E18,atac,ACTATGCATGCCGGCA-1,13.0,34.0,DPallm,0.5322905778884888,0.46770942211151123,0.5771610736846924,0.42283889651298523,0.9372624754905701,0.06273747980594635,0.006673724856227636,0.9933263063430786
Mouse_Brain_E18_MISAR,Mouse brain E18,atac,AGAGCTATTCTGATAC-1,32.0,42.0,Diencephalonand hindbrain,0.5369470715522766,0.463052898645401,0.6130832433700562,0.38691678643226624,0.500450611114502,0.49954935908317566,0.052653051912784576,0.9473469853401184
Mouse_Brain_E18_MISAR,Mouse brain E18,atac,TGAGTCTGGACCTTGA-1,23.0,9.0,Subpallium-1,0.6230191588401794,0.37698087096214294,0.5528578758239746,0.447142094373703,0.7006889581680298,0.2993110716342926,0.007254424970597029,0.992745578289032
Mouse_Brain_E18_MISAR,Mouse brain E18,atac,GCCGCAACAACCTGCG-1,24.0,50.0,Muscle,0.4579005539417267,0.5420994758605957,0.5195489525794983,0.4804511070251465,0.13727782666683197,0.8627221584320068,0.07509207725524902,0.924907922744751
Mouse_Brain_E18_MISAR,Mouse brain E18,atac,TTACCGAGGACCTTGA-1,16.0,9.0,Subpallium-1,0.5852802991867065,0.41471967101097107,0.5434226393699646,0.4565773010253906,0.4099775552749634,0.5900225043296814,0.006501056253910065,0.9934989213943481
Mouse_Brain_E18_MISAR,Mouse brain E18,atac,CAACCGCTGCGTTGGA-1,43.0,23.0,Cartilage-4,0.652432918548584,0.3475671112537384,0.6161936521530151,0.38380637764930725,0.43240833282470703,0.5675916075706482,0.02795857936143875,0.9720414876937866
Mouse_Brain_E18_MISAR,Mouse brain E18,atac,GGCTGAGCAATTAAGA-1,48.0,32.0,Diencephalonand hindbrain,0.49705770611763,0.5029423236846924,0.4959888458251953,0.5040111541748047,0.4683818221092224,0.5316182374954224,0.012038009241223335,0.9879619479179382
Mouse_Brain_E18_MISAR,Mouse brain E18,atac,CTAAGAGAACTCAATA-1,31.0,21.0,Diencephalonand hindbrain,0.6604578495025635,0.3395421504974365,0.4888573884963989,0.5111426115036011,0.2536347210407257,0.7463653087615967,0.010927220806479454,0.9890727400779724
Mouse_Brain_E18_MISAR,Mouse brain E18,atac,CAACCGCTCCGAGAAT-1,43.0,26.0,Diencephalonand hindbrain,0.6910698413848877,0.30893009901046753,0.5134050250053406,0.4865950047969818,0.3234855830669403,0.6765144467353821,0.012045787647366524,0.9879542589187622
Mouse_Brain_E18_MISAR,Mouse brain E18,atac,ACCGCCAAAGAGCTAT-1,46.0,19.0,Mesenchyme,0.5166533589363098,0.4833466410636902,0.43227824568748474,0.5677217841148376,0.6883482933044434,0.31165173649787903,0.0053442311473190784,0.9946557283401489
Mouse_Brain_E18_MISAR,Mouse brain E18,atac,TGGTCAGCACTCAATA-1,14.0,21.0,Subpallium-1,0.5231150388717651,0.47688499093055725,0.47181209921836853,0.5281879305839539,0.0783466175198555,0.9216533899307251,0.057638704776763916,0.9423612952232361
Mouse_Brain_E18_MISAR,Mouse brain E18,atac,ACTCAATAAACCTGCG-1,30.0,50.0,Diencephalonand hindbrain,0.4959876239299774,0.5040123462677002,0.5040349364280701,0.49596503376960754,0.32527458667755127,0.6747254729270935,0.04361487552523613,0.9563851356506348
Mouse_Brain_E18_MISAR,Mouse brain E18,atac,ACTATGCATTATTCAT-1,13.0,33.0,DPallv,0.5600849390029907,0.43991512060165405,0.6284458637237549,0.3715541362762451,0.9428020119667053,0.05719803646206856,0.009661954827606678,0.9903380274772644
Mouse_Brain_E18_MISAR,Mouse brain E18,atac,TGCGGACCTGGTCAGC-1,22.0,37.0,DPallm,0.4379502236843109,0.5620497465133667,0.5116569995880127,0.4883430004119873,0.8741803765296936,0.1258196234703064,0.012043647468090057,0.9879563450813293
Mouse_Brain_E18_MISAR,Mouse brain E18,atac,CTTGCGCCACTATGCA-1,37.0,38.0,Diencephalonand hindbrain,0.6130951642990112,0.3869048058986664,0.5889649391174316,0.41103506088256836,0.503216564655304,0.49678340554237366,0.009318984113633633,0.990680992603302
Mouse_Brain_E18_MISAR,Mouse brain E18,atac,CATACTCCCTAAGAGA-1,4.0,20.0,DPallm,0.5729305744171143,0.42706945538520813,0.5080930590629578,0.49190694093704224,0.9404282569885254,0.05957173928618431,0.007467079907655716,0.9925328493118286
Mouse_Brain_E18_MISAR,Mouse brain E18,atac,AGAGAAGGGCCATTCT-1,5.0,17.0,DPallm,0.5484868884086609,0.4515131413936615,0.5626965165138245,0.43730345368385315,0.534600019454956,0.46540001034736633,0.024812007322907448,0.9751879572868347
Mouse_Brain_E18_MISAR,Mouse brain E18,atac,ACTCAATAGCAGGTCC-1,30.0,11.0,Cartilage-4,0.5633479356765747,0.4366520941257477,0.6040633320808411,0.39593663811683655,0.5153619050979614,0.4846380949020386,0.004303249530494213,0.9956967830657959
Mouse_Brain_E18_MISAR,Mouse brain E18,atac,TAGAGTAACGACGCGA-1,41.0,39.0,Diencephalonand hindbrain,0.48664671182632446,0.5133532285690308,0.6005237102508545,0.3994762897491455,0.5538601875305176,0.4461398422718048,0.011531475931406021,0.9884684681892395
Mouse_Brain_E18_MISAR,Mouse brain E18,atac,GCTAACTTGATCTTAC-1,3.0,24.0,Cartilage-2,0.6238821148872375,0.37611791491508484,0.5753971338272095,0.4246028959751129,0.7575731873512268,0.242426797747612,0.013570246286690235,0.9864296913146973
Mouse_Brain_E18_MISAR,Mouse brain E18,atac,ACCGCCAAAGAGAAGG-1,46.0,46.0,Midbrain,0.45659705996513367,0.5434029698371887,0.45608484745025635,0.5439151525497437,0.17002485692501068,0.8299751877784729,0.0056472825817763805,0.9943526983261108
Mouse_Brain_E18_MISAR,Mouse brain E18,atac,ACTTAACCATCATATT-1,44.0,36.0,Diencephalonand hindbrain,0.5654311180114746,0.4345689117908478,0.5023503303527832,0.497649610042572,0.45981359481811523,0.5401864051818848,0.013508337549865246,0.9864916205406189
Mouse_Brain_E18_MISAR,Mouse brain E18,atac,CGAACGCCATCATATT-1,49.0,36.0,Diencephalonand hindbrain,0.5521625280380249,0.4478375017642975,0.5529261827468872,0.4470738470554352,0.49520745873451233,0.5047925114631653,0.011512321420013905,0.9884876608848572
Mouse_Brain_E18_MISAR,Mouse brain E18,atac,TAGAGTAAGCCATTCT-1,41.0,17.0,Cartilage-2,0.6343902945518494,0.365609735250473,0.6700692176818848,0.32993078231811523,0.09861607849597931,0.9013839364051819,0.003217467572540045,0.9967825412750244
Mouse_Brain_E18_MISAR,Mouse brain E18,atac,TCTGATACTGCGGACC-1,9.0,29.0,DPallm,0.5048047304153442,0.4951952397823334,0.49048131704330444,0.5095186829566956,0.975990355014801,0.024009648710489273,0.07516906410455704,0.924830973148346
Mouse_Brain_E18_MISAR,Mouse brain E18,atac,AGAACGTCAGAGCTAT-1,38.0,19.0,Cartilage-3,0.5733366012573242,0.4266633689403534,0.405605286359787,0.5943946838378906,0.26617828011512756,0.73382169008255,0.01502360962331295,0.9849764108657837
Mouse_Brain_E18_MISAR,Mouse brain E18,atac,AATTAAGAGGTATGCT-1,19.0,49.0,Cartilage-2,0.4645741581916809,0.5354258418083191,0.40799152851104736,0.5920085310935974,0.38916459679603577,0.6108353734016418,0.05582320690155029,0.9441768527030945
Mouse_Brain_E18_MISAR,Mouse brain E18,atac,TTGACTTCTTATCCGG-1,33.0,41.0,Diencephalonand hindbrain,0.3370186686515808,0.6629812717437744,0.5934203863143921,0.4065796434879303,0.49251922965049744,0.507480800151825,0.04751862213015556,0.9524813294410706
Mouse_Brain_E18_MISAR,Mouse brain E18,atac,TTATCCGGCCGAGAAT-1,10.0,26.0,DPallv,0.415365606546402,0.5846344232559204,0.5610849261283875,0.43891510367393494,0.8974461555480957,0.10255387425422668,0.018158050253987312,0.9818419218063354
Mouse_Brain_E18_MISAR,Mouse brain E18,atac,CCGATTCCGCTAACTT-1,47.0,48.0,Midbrain,0.5103816986083984,0.4896182715892792,0.5003200769424438,0.49967992305755615,0.10179560631513596,0.8982043266296387,0.006104035768657923,0.993895947933197
Mouse_Brain_E18_MISAR,Mouse brain E18,atac,TTGACTTCCAACCGCT-1,33.0,8.0,Cartilage-1,0.5288047194480896,0.4711953103542328,0.5527278780937195,0.4472721219062805,0.27194657921791077,0.7280533909797668,0.00828772597014904,0.9917123317718506
Mouse_Brain_E18_MISAR,Mouse brain E18,atac,CTAAGAGACTAAGAGA-1,31.0,20.0,Mesenchyme,0.4582776725292206,0.541722297668457,0.5639005899429321,0.4360993802547455,0.1634242683649063,0.8365758061408997,0.025557851418852806,0.9744421243667603
Mouse_Brain_E18_MISAR,Mouse brain E18,atac,GGTACTGCTGGTCAGC-1,36.0,37.0,Diencephalonand hindbrain,0.5652498006820679,0.43475016951560974,0.4644833505153656,0.535516619682312,0.6432014107704163,0.35679861903190613,0.03677155077457428,0.9632284045219421
Mouse_Brain_E18_MISAR,Mouse brain E18,atac,TAGAATTAGACCTTGA-1,35.0,9.0,Cartilage-1,0.48830559849739075,0.5116943717002869,0.6820569634437561,0.3179430365562439,0.16933347284793854,0.8306665420532227,0.0029701865278184414,0.9970297813415527
Mouse_Brain_E18_MISAR,Mouse brain E18,atac,TTATTCATGATACGGA-1,18.0,40.0,DPallv,0.4844711720943451,0.5155288577079773,0.6355783343315125,0.36442166566848755,0.9018266201019287,0.09817343205213547,0.010773025453090668,0.9892269372940063
Mouse_Brain_E18_MISAR,Mouse brain E18,atac,GCTAACTTCCGAGAAT-1,3.0,26.0,Cartilage-3,0.5512691140174866,0.4487309157848358,0.5179534554481506,0.48204654455184937,0.2320818305015564,0.7679182291030884,0.007394945714622736,0.9926050901412964
Mouse_Brain_E18_MISAR,Mouse brain E18,atac,GATCTTACATCATATT-1,27.0,36.0,Diencephalonand hindbrain,0.5876439809799194,0.41235601902008057,0.4755242168903351,0.5244758129119873,0.80338454246521,0.19661542773246765,0.02436716854572296,0.9756327867507935
Mouse_Brain_E18_MISAR,Mouse brain E18,atac,AAGAAGCTTAGATCTA-1,7.0,31.0,DPallm,0.5544883012771606,0.44551175832748413,0.5492822527885437,0.4507176876068115,0.9528672695159912,0.04713275656104088,0.0025934898294508457,0.997406542301178
Mouse_Brain_E18_MISAR,Mouse brain E18,atac,ATCATATTTTATTCAT-1,15.0,33.0,DPallv,0.531427800655365,0.4685721695423126,0.5959077477455139,0.4040922224521637,0.9117558598518372,0.08824412524700165,0.0039018276147544384,0.9960981607437134
Mouse_Brain_E18_MISAR,Mouse brain E18,atac,TCTGATACGCAGGTCC-1,9.0,11.0,Diencephalonand hindbrain,0.7055638432502747,0.29443612694740295,0.6227181553840637,0.37728187441825867,0.6444210410118103,0.3555789589881897,0.0034719028044492006,0.9965280890464783
Mouse_Brain_E18_MISAR,Mouse brain E18,atac,TCCGGCCTACTATGCA-1,6.0,38.0,Cartilage-2,0.7700607180595398,0.22993925213813782,0.5530803799629211,0.44691964983940125,0.7296059727668762,0.2703939974308014,0.024985313415527344,0.9750146865844727
Mouse_Brain_E18_MISAR,Mouse brain E18,atac,TTATCCGGTGCGGACC-1,10.0,29.0,DPallm,0.5150102972984314,0.4849897623062134,0.5218496322631836,0.47815030813217163,0.9611344933509827,0.03886548429727554,0.05556660518050194,0.9444334506988525
Mouse_Brain_E18_MISAR,Mouse brain E18,atac,AGAACGTCACTCAATA-1,38.0,21.0,Mesenchyme,0.4550606608390808,0.5449393391609192,0.5664095878601074,0.4335904121398926,0.42744460701942444,0.5725553631782532,0.04293616861104965,0.9570638537406921
Mouse_Brain_E18_MISAR,Mouse brain E18,atac,TTACCGAGGATCTTAC-1,16.0,24.0,Subpallium-1,0.4666007161140442,0.5333992838859558,0.49485939741134644,0.5051406025886536,0.12870872020721436,0.8712912797927856,0.046287234872579575,0.9537128210067749
Mouse_Brain_E18_MISAR,Mouse brain E18,atac,GGTACTGCGAAGATCG-1,36.0,43.0,Diencephalonand hindbrain,0.561464786529541,0.438535213470459,0.47052034735679626,0.5294796228408813,0.5143986940383911,0.4856012761592865,0.031159264966845512,0.9688407778739929
Mouse_Brain_E18_MISAR,Mouse brain E18,atac,TTACCGAGTAGAATTA-1,16.0,16.0,Subpallium-1,0.5476771593093872,0.4523228704929352,0.6051053404808044,0.39489468932151794,0.1580476015806198,0.8419524431228638,0.029752152040600777,0.9702478647232056
Mouse_Brain_E18_MISAR,Mouse brain E18,atac,TGGTCAGCTGGTCAGC-1,14.0,37.0,DPallm,0.536695122718811,0.46330487728118896,0.5484821796417236,0.451517790555954,0.9832567572593689,0.016743218526244164,0.007309276610612869,0.9926907420158386
Mouse_Brain_E18_MISAR,Mouse brain E18,atac,TAGAGTAAATCATATT-1,41.0,36.0,Diencephalonand hindbrain,0.5912676453590393,0.4087323546409607,0.4369848072528839,0.5630152225494385,0.5251314043998718,0.4748685657978058,0.010594388470053673,0.9894055724143982
Mouse_Brain_E18_MISAR,Mouse brain E18,atac,AAGAAGCTCCGAGAAT-1,7.0,26.0,DPallm,0.43883830308914185,0.5611616373062134,0.4739423096179962,0.5260577201843262,0.977760910987854,0.022239118814468384,0.008031519129872322,0.9919684529304504
Mouse_Brain_E18_MISAR,Mouse brain E18,atac,AACCTGCGTAGAGTAA-1,1.0,10.0,Cartilage-3,0.3222041428089142,0.6777958869934082,0.6199590563774109,0.3800409138202667,0.18276523053646088,0.8172348141670227,0.0017869267612695694,0.9982130527496338
Mouse_Brain_E18_MISAR,Mouse brain E18,atac,GCCATTCTTTACCGAG-1,34.0,35.0,Diencephalonand hindbrain,0.4369182288646698,0.5630817413330078,0.49345123767852783,0.5065487623214722,0.5214053988456726,0.4785946309566498,0.01679317280650139,0.9832068681716919
Mouse_Brain_E18_MISAR,Mouse brain E18,atac,ACTATGCATAGAATTA-1,13.0,16.0,Subpallium-1,0.352760374546051,0.647239625453949,0.45271533727645874,0.547284722328186,0.2003154307603836,0.7996845841407776,0.030542468652129173,0.9694575071334839
Mouse_Brain_E18_MISAR,Mouse brain E18,atac,CGAACGCCTTACCGAG-1,49.0,35.0,Diencephalonand hindbrain,0.5019696354866028,0.4980303645133972,0.556136965751648,0.44386303424835205,0.38314101099967957,0.616858959197998,0.018694180995225906,0.9813057780265808
Mouse_Brain_E18_MISAR,Mouse brain E18,atac,GGCTGAGCACGGAGGC-1,48.0,30.0,Diencephalonand hindbrain,0.8729058504104614,0.12709416449069977,0.5510835647583008,0.4489164352416992,0.3664451241493225,0.6335549354553223,0.036264337599277496,0.9637356996536255
Mouse_Brain_E18_MISAR,Mouse brain E18,atac,GGTATGCTTCGGCCTT-1,2.0,12.0,Cartilage-3,0.7292369604110718,0.2707630693912506,0.6562647223472595,0.3437352478504181,0.15844206511974335,0.8415579199790955,0.002144864294677973,0.9978551268577576
Mouse_Brain_E18_MISAR,Mouse brain E18,atac,ATAAGGAGAACCTGCG-1,50.0,50.0,Cartilage-2,0.5769109129905701,0.4230891168117523,0.5168191194534302,0.4831808805465698,0.23773261904716492,0.7622674107551575,0.016972431913018227,0.9830275774002075
Mouse_Brain_E18_MISAR,Mouse brain E18,atac,GCGTTGGACGACGCGA-1,28.0,39.0,Diencephalonand hindbrain,0.5624249577522278,0.4375750422477722,0.5127926468849182,0.4872073829174042,0.7069163918495178,0.2930836081504822,0.017775535583496094,0.9822244048118591
Mouse_Brain_E18_MISAR,Mouse brain E18,atac,TAGATCTAGCCGCAAC-1,20.0,27.0,DPallv,0.45471125841140747,0.5452886819839478,0.5579497814178467,0.4420502185821533,0.40818697214126587,0.5918130278587341,0.01770736277103424,0.9822925925254822
Mouse_Brain_E18_MISAR,Mouse brain E18,atac,AGAGAAGGCTTGCGCC-1,5.0,14.0,DPallm,0.5490582585334778,0.45094168186187744,0.5276992321014404,0.47230079770088196,0.8433337807655334,0.15666626393795013,0.01190151646733284,0.9880984425544739
Mouse_Brain_E18_MISAR,Mouse brain E18,atac,ATAAGGAGTTACCGAG-1,50.0,35.0,Diencephalonand hindbrain,0.4740968644618988,0.5259031057357788,0.46426764130592346,0.5357323884963989,0.34918978810310364,0.6508102416992188,0.024359168484807014,0.9756408929824829
Mouse_Brain_E18_MISAR,Mouse brain E18,atac,AACCTGCGACTCAATA-1,1.0,21.0,Cartilage-2,0.6079107522964478,0.39208921790122986,0.5249271392822266,0.47507283091545105,0.5368320345878601,0.4631679356098175,0.021886717528104782,0.9781133532524109
Mouse_Brain_E18_MISAR,Mouse brain E18,atac,CCGAGAATTCGGCCTT-1,25.0,12.0,Diencephalonand hindbrain,0.418052613735199,0.581947386264801,0.5925056338310242,0.40749433636665344,0.39599183201789856,0.6040081977844238,0.09780757874250412,0.9021924734115601
Mouse_Brain_E18_MISAR,Mouse brain E18,atac,GGTACTGCATCATATT-1,36.0,36.0,Diencephalonand hindbrain,0.630618691444397,0.369381308555603,0.47985589504241943,0.5201441049575806,0.637228786945343,0.362771213054657,0.01007921528071165,0.9899208545684814
Mouse_Brain_E18_MISAR,Mouse brain E18,atac,AGAGCTATTGCCGGCA-1,32.0,34.0,Diencephalonand hindbrain,0.4758978486061096,0.5241021513938904,0.5594989657402039,0.4405010938644409,0.8121429085731506,0.18785706162452698,0.019207192584872246,0.9807928204536438
Mouse_Brain_E18_MISAR,Mouse brain E18,atac,GCTAACTTACCGCCAA-1,3.0,5.0,Cartilage-3,0.6332700252532959,0.3667300045490265,0.5457925796508789,0.4542073905467987,0.3743388056755066,0.6256612539291382,0.0015911668306216598,0.998408854007721
Mouse_Brain_E18_MISAR,Mouse brain E18,atac,TAGATCTAGATACGGA-1,20.0,40.0,DPallv,0.4674123227596283,0.5325877070426941,0.5315437912940979,0.4684562385082245,0.9210748076438904,0.07892514020204544,0.004530227277427912,0.9954698085784912
Mouse_Brain_E18_MISAR,Mouse brain E18,atac,TCCGGCCTGACCTTGA-1,6.0,9.0,Cartilage-4,0.4515073299407959,0.5484926700592041,0.41297727823257446,0.5870226621627808,0.3628327250480652,0.6371672749519348,0.002191606443375349,0.9978083968162537
Mouse_Brain_E18_MISAR,Mouse brain E18,atac,TGCGGACCAACCTGCG-1,22.0,50.0,Cartilage-2,0.5006995797157288,0.49930039048194885,0.512703001499176,0.4872969388961792,0.13344155251979828,0.8665584325790405,0.07205905765295029,0.9279409050941467
Mouse_Brain_E18_MISAR,Mouse brain E18,atac,ACTCAATATAGAATTA-1,30.0,16.0,Diencephalonand hindbrain,0.5727621912956238,0.4272378087043762,0.5359982848167419,0.46400168538093567,0.3691158890724182,0.630884051322937,0.008673385716974735,0.991326630115509
Mouse_Brain_E18_MISAR,Mouse brain E18,atac,AATTAAGAACTTAACC-1,19.0,7.0,Cartilage-3,0.48974835872650146,0.5102517008781433,0.6607173085212708,0.33928272128105164,0.09004615992307663,0.9099538326263428,0.0017638542922213674,0.9982361793518066
Mouse_Brain_E18_MISAR,Mouse brain E18,atac,TTATTCATCTGATGGT-1,18.0,25.0,Subpallium-1,0.5053784251213074,0.49462151527404785,0.4669014513492584,0.533098578453064,0.16707924008369446,0.8329207301139832,0.01486751064658165,0.9851324558258057
Mouse_Brain_E18_MISAR,Mouse brain E18,atac,GCCATTCTTCGGCCTT-1,34.0,12.0,Cartilage-3,0.5521683692932129,0.4478316307067871,0.4896734058856964,0.510326623916626,0.4970216751098633,0.5029783248901367,0.010594488121569157,0.9894054532051086
Mouse_Brain_E18_MISAR,Mouse brain E18,atac,AAGAAGCTTGAGTCTG-1,7.0,28.0,DPallm,0.4418436288833618,0.5581563711166382,0.546837329864502,0.45316267013549805,0.9567156434059143,0.043284349143505096,0.011150394566357136,0.9888495802879333
Mouse_Brain_E18_MISAR,Mouse brain E18,atac,GATACGGATCTGATAC-1,11.0,42.0,Cartilage-2,0.5609466433525085,0.43905332684516907,0.3744271695613861,0.6255728602409363,0.3697347939014435,0.6302651762962341,0.10186167806386948,0.8981382846832275
Mouse_Brain_E18_MISAR,Mouse brain E18,atac,TCCTACCAACTTAACC-1,29.0,7.0,Cartilage-1,0.36631155014038086,0.6336884498596191,0.6069822311401367,0.3930177688598633,0.3303179144859314,0.6696820855140686,0.006848481483757496,0.9931515455245972
Mouse_Brain_E18_MISAR,Mouse brain E18,atac,GCCATTCTCTTGCGCC-1,34.0,14.0,Mesenchyme,0.5655543208122253,0.43444567918777466,0.5442203283309937,0.45577970147132874,0.3641701936721802,0.6358298063278198,0.0027694692835211754,0.9972304701805115
Mouse_Brain_E18_MISAR,Mouse brain E18,atac,TAGAATTAGCGTTGGA-1,35.0,23.0,Mesenchyme,0.46746882796287537,0.532531201839447,0.5597290396690369,0.44027096033096313,0.5128856897354126,0.4871143102645874,0.00924342218786478,0.9907565712928772
Mouse_Brain_E18_MISAR,Mouse brain E18,atac,CCGATTCCCTAAGAGA-1,47.0,20.0,Cartilage-2,0.4795089364051819,0.5204910635948181,0.4789000153541565,0.5210999846458435,0.4936063587665558,0.5063936114311218,0.015373785980045795,0.9846262335777283
Mouse_Brain_E18_MISAR,Mouse brain E18,atac,GGCTGAGCTAGATCTA-1,48.0,31.0,Diencephalonand hindbrain,0.5864641070365906,0.4135359227657318,0.5924511551856995,0.4075489044189453,0.30090489983558655,0.6990950703620911,0.02275337092578411,0.9772466421127319
Mouse_Brain_E18_MISAR,Mouse brain E18,atac,TCGGCCTTGGTACTGC-1,39.0,15.0,Cartilage-1,0.4219823181629181,0.5780176520347595,0.5696876049041748,0.4303123950958252,0.05324840173125267,0.946751594543457,0.0008069202303886414,0.9991931319236755
Mouse_Brain_E18_MISAR,Mouse brain E18,atac,GATACGGATGCGGACC-1,11.0,29.0,DPallv,0.496416300535202,0.5035837292671204,0.6777685284614563,0.3222315013408661,0.9359757900238037,0.06402426213026047,0.021517250686883926,0.9784827828407288
Mouse_Brain_E18_MISAR,Mouse brain E18,atac,CTAAGAGATGAGTCTG-1,31.0,28.0,Diencephalonand hindbrain,0.5815331935882568,0.41846680641174316,0.43172910809516907,0.5682708621025085,0.389710932970047,0.6102890372276306,0.03375184163451195,0.9662481546401978
Mouse_Brain_E18_MISAR,Mouse brain E18,atac,CTAAGAGATCTGATAC-1,31.0,42.0,Diencephalonand hindbrain,0.45156362652778625,0.5484363436698914,0.6066418290138245,0.39335817098617554,0.6104262471199036,0.38957372307777405,0.047945208847522736,0.9520547986030579
Mouse_Brain_E18_MISAR,Mouse brain E18,atac,ACCGCCAATAGATCTA-1,46.0,31.0,Diencephalonand hindbrain,0.6890193819999695,0.31098058819770813,0.5289028882980347,0.47109708189964294,0.6852445602416992,0.31475546956062317,0.022899728268384933,0.9771002531051636
Mouse_Brain_E18_MISAR,Mouse brain E18,atac,TCGGCCTTCTGATGGT-1,39.0,25.0,Mesenchyme,0.650881826877594,0.349118173122406,0.536167323589325,0.46383270621299744,0.6788923144340515,0.3211076855659485,0.00963822565972805,0.9903618097305298
Mouse_Brain_E18_MISAR,Mouse brain E18,atac,TTATCCGGTAGATCTA-1,10.0,31.0,DPallm,0.5672436356544495,0.43275630474090576,0.4658803641796112,0.5341196060180664,0.9835870862007141,0.016412975266575813,0.025270283222198486,0.9747297167778015
Mouse_Brain_E18_MISAR,Mouse brain E18,atac,ACCGCCAACTGATGGT-1,46.0,25.0,Diencephalonand hindbrain,0.6097261309623718,0.3902738690376282,0.513587236404419,0.48641282320022583,0.3576743006706238,0.6423256993293762,0.022289972752332687,0.9777100086212158
Mouse_Brain_E18_MISAR,Mouse brain E18,atac,GGCTGAGCCATACTCC-1,48.0,47.0,Midbrain,0.5146242380142212,0.4853757619857788,0.4475538432598114,0.5524461269378662,0.20899182558059692,0.7910082340240479,0.009523237124085426,0.9904767274856567
Mouse_Brain_E18_MISAR,Mouse brain E18,atac,CGACGCGATTATTCAT-1,12.0,33.0,DPallm,0.6643654108047485,0.33563458919525146,0.5814659595489502,0.4185340106487274,0.9560549855232239,0.04394497349858284,0.013403885997831821,0.9865960478782654
Mouse_Brain_E18_MISAR,Mouse brain E18,atac,CTGATGGTCCGAGAAT-1,26.0,26.0,Diencephalonand hindbrain,0.40654364228248596,0.5934563875198364,0.6113847494125366,0.38861528038978577,0.4877185821533203,0.5122814178466797,0.018376970663666725,0.9816230535507202
Mouse_Brain_E18_MISAR,Mouse brain E18,atac,TGCGGACCCCAGTTCC-1,22.0,6.0,Muscle,0.6851670742034912,0.3148328959941864,0.5669732689857483,0.4330267012119293,0.24260729551315308,0.7573927044868469,0.04296363517642021,0.9570364356040955
Mouse_Brain_E18_MISAR,Mouse brain E18,atac,TGCCGGCATCCTACCA-1,17.0,22.0,Subpallium-1,0.5302848219871521,0.4697151780128479,0.539495587348938,0.4605043828487396,0.20359322428703308,0.7964067459106445,0.055039599537849426,0.944960355758667
Mouse_Brain_E18_MISAR,Mouse brain E18,atac,TCGGCCTTTAGAGTAA-1,39.0,10.0,Cartilage-2,0.7253080606460571,0.2746918797492981,0.6566569805145264,0.34334298968315125,0.2611786127090454,0.7388214468955994,0.018540091812610626,0.9814599752426147
Mouse_Brain_E18_MISAR,Mouse brain E18,atac,AGAACGTCTTATCCGG-1,38.0,41.0,Diencephalonand hindbrain,0.6399053335189819,0.36009466648101807,0.5885888934135437,0.4114110767841339,0.45547255873680115,0.5445274114608765,0.01792472042143345,0.9820752739906311
Mouse_Brain_E18_MISAR,Mouse brain E18,atac,ATCATATTGCCGCAAC-1,15.0,27.0,Subpallium-1,0.49325186014175415,0.5067481398582458,0.49970749020576477,0.5002924799919128,0.10814139246940613,0.8918585777282715,0.023391786962747574,0.9766082763671875
Mouse_Brain_E18_MISAR,Mouse brain E18,atac,GCCATTCTTCTGATAC-1,34.0,42.0,Diencephalonand hindbrain,0.8274927139282227,0.17250724136829376,0.6151203513145447,0.3848796486854553,0.5127008557319641,0.48729920387268066,0.07200926542282104,0.9279907941818237
Mouse_Brain_E18_MISAR,Mouse brain E18,atac,AGAGCTATCCAGTTCC-1,32.0,6.0,Cartilage-3,0.44268855452537537,0.557311475276947,0.6324039101600647,0.3675960898399353,0.38909199833869934,0.6109079718589783,0.011945357546210289,0.9880546927452087
Mouse_Brain_E18_MISAR,Mouse brain E18,atac,TGAGTCTGGAAGATCG-1,23.0,43.0,DPallm,0.4285504221916199,0.5714495778083801,0.5635943412780762,0.43640562891960144,0.9664689302444458,0.033531107008457184,0.017237816005945206,0.9827621579170227
Mouse_Brain_E18_MISAR,Mouse brain E18,atac,AGAACGTCGGTACTGC-1,38.0,15.0,Cartilage-1,0.42293524742126465,0.5770647525787354,0.5732831954956055,0.42671680450439453,0.06938572227954865,0.9306142330169678,0.0007347241044044495,0.9992652535438538
Mouse_Brain_E18_MISAR,Mouse brain E18,atac,TTATCCGGCTGATGGT-1,10.0,25.0,DPallv,0.5689573287963867,0.4310426712036133,0.4873690903186798,0.5126308798789978,0.7791720628738403,0.2208278924226761,0.019536485895514488,0.9804635643959045
Mouse_Brain_E18_MISAR,Mouse brain E18,atac,TTATTCATTTATCCGG-1,18.0,41.0,DPallv,0.534347414970398,0.46565261483192444,0.4877184331417084,0.512281596660614,0.8695904016494751,0.1304096132516861,0.013822931796312332,0.9861771464347839
Mouse_Brain_E18_MISAR,Mouse brain E18,atac,TGAGTCTGTTGACTTC-1,23.0,18.0,Diencephalonand hindbrain,0.42526349425315857,0.574736475944519,0.4459337592124939,0.5540662407875061,0.39906206727027893,0.6009379625320435,0.09755752235651016,0.902442455291748
Mouse_Brain_E18_MISAR,Mouse brain E18,atac,TTATTCATTGGTCAGC-1,18.0,37.0,DPallv,0.48928412795066833,0.510715901851654,0.5015808343887329,0.4984191656112671,0.8534931540489197,0.14650683104991913,0.007575495168566704,0.992424488067627
Mouse_Brain_E18_MISAR,Mouse brain E18,atac,CATACTCCACCGCCAA-1,4.0,5.0,Cartilage-3,0.6193660497665405,0.3806339204311371,0.4050633907318115,0.5949365496635437,0.3596174120903015,0.6403825283050537,0.0011261994950473309,0.998873770236969
Mouse_Brain_E18_MISAR,Mouse brain E18,atac,TCGGCCTTAGAGCTAT-1,39.0,19.0,Cartilage-1,0.4741417467594147,0.5258582234382629,0.5783253312110901,0.4216746389865875,0.07876013964414597,0.9212397933006287,0.005811795592308044,0.9941881895065308
Mouse_Brain_E18_MISAR,Mouse brain E18,atac,TCCTACCATTATTCAT-1,29.0,33.0,Diencephalonand hindbrain,0.6857675909996033,0.31423237919807434,0.4539646804332733,0.5460352897644043,0.7040072083473206,0.29599282145500183,0.017963996157050133,0.9820359349250793
Mouse_Brain_E18_MISAR,Mouse brain E18,atac,GGTACTGCTGAGTCTG-1,36.0,28.0,Mesenchyme,0.6883702278137207,0.3116298317909241,0.43852221965789795,0.561477780342102,0.5994312763214111,0.40056872367858887,0.019613565877079964,0.9803864359855652
Mouse_Brain_E18_MISAR,Mouse brain E18,atac,GAAGATCGAGAGCTAT-1,8.0,19.0,DPallv,0.8084210157394409,0.19157899916172028,0.5709192752838135,0.4290807843208313,0.7290250062942505,0.2709749639034271,0.03587019070982933,0.9641298055648804
Mouse_Brain_E18_MISAR,Mouse brain E18,atac,CGACGCGATTACCGAG-1,12.0,35.0,DPallm,0.5651978850364685,0.4348021447658539,0.4392126798629761,0.5607873201370239,0.9851694107055664,0.01483064703643322,0.011097448877990246,0.9889025092124939
Mouse_Brain_E18_MISAR,Mouse brain E18,atac,ACGGAGGCTAGAATTA-1,21.0,16.0,Subpallium-1,0.41222721338272095,0.587772786617279,0.49802759289741516,0.5019723773002625,0.2653469741344452,0.7346530556678772,0.02215501107275486,0.9778450727462769
Mouse_Brain_E18_MISAR,Mouse brain E18,atac,TGCGGACCAAGAAGCT-1,22.0,44.0,DPallm,0.43854278326034546,0.5614572167396545,0.5216494202613831,0.47835060954093933,0.9555805921554565,0.04441940784454346,0.01235851738601923,0.987641453742981
Mouse_Brain_E18_MISAR,Mouse brain E18,atac,GGTACTGCGCGTTGGA-1,36.0,23.0,Mesenchyme,0.5940980911254883,0.4059019386768341,0.5091431140899658,0.4908568859100342,0.40833935141563416,0.5916606783866882,0.009238475002348423,0.9907614588737488
Mouse_Brain_E18_MISAR,Mouse brain E18,atac,ACGGAGGCCTGATGGT-1,21.0,25.0,Diencephalonand hindbrain,0.4648921489715576,0.5351079106330872,0.49279260635375977,0.5072073936462402,0.3797725439071655,0.6202273964881897,0.01986154541373253,0.9801384210586548
Mouse_Brain_E18_MISAR,Mouse brain E18,atac,CGAACGCCGCCGCAAC-1,49.0,27.0,Diencephalonand hindbrain,0.5191900730133057,0.48080989718437195,0.5646024346351624,0.43539753556251526,0.4201663136482239,0.5798336863517761,0.014233822003006935,0.9857661724090576
Mouse_Brain_E18_MISAR,Mouse brain E18,atac,CCGAGAATGATACGGA-1,25.0,40.0,DPallm,0.4233992099761963,0.5766007900238037,0.5076421499252319,0.49235785007476807,0.8987972736358643,0.10120277851819992,0.0039330702275037766,0.9960669875144958
Mouse_Brain_E18_MISAR,Mouse brain E18,atac,AATTAAGAATCATATT-1,19.0,36.0,DPallm,0.44716086983680725,0.5528391003608704,0.5367385149002075,0.46326151490211487,0.8308153748512268,0.16918465495109558,0.009351450018584728,0.9906485676765442
Mouse_Brain_E18_MISAR,Mouse brain E18,atac,GCAGGTCCTTATCCGG-1,40.0,41.0,Diencephalonand hindbrain,0.5463275909423828,0.4536724388599396,0.48187723755836487,0.5181227922439575,0.6718707084655762,0.32812929153442383,0.024428680539131165,0.97557133436203
Mouse_Brain_E18_MISAR,Mouse brain E18,atac,GGTATGCTCAACCGCT-1,2.0,8.0,Cartilage-3,0.5574593544006348,0.44254061579704285,0.7127945423126221,0.2872054874897003,0.21555712819099426,0.7844429016113281,0.0009142886847257614,0.9990856647491455
Mouse_Brain_E18_MISAR,Mouse brain E18,atac,AGAACGTCTCGGCCTT-1,38.0,12.0,Cartilage-2,0.6825961470603943,0.31740379333496094,0.6529510021209717,0.3470490276813507,0.21416960656642914,0.7858304381370544,0.0066345916129648685,0.9933653473854065
Mouse_Brain_E18_MISAR,Mouse brain E18,atac,TGAGTCTGGCCGCAAC-1,23.0,27.0,Diencephalonand hindbrain,0.48209553956985474,0.5179044604301453,0.5089129209518433,0.4910871088504791,0.14216892421245575,0.8578310608863831,0.026098327711224556,0.9739017486572266
Mouse_Brain_E18_MISAR,Mouse brain E18,atac,CTAAGAGAGCTAACTT-1,31.0,48.0,Diencephalonand hindbrain,0.6240058541297913,0.37599411606788635,0.5494143962860107,0.45058563351631165,0.40781792998313904,0.5921820998191833,0.008296512998640537,0.9917035102844238
Mouse_Brain_E18_MISAR,Mouse brain E18,atac,TGCGGACCGATACGGA-1,22.0,40.0,DPallv,0.5440852642059326,0.455914705991745,0.5377084016799927,0.46229156851768494,0.8923019170761108,0.10769809782505035,0.005996968597173691,0.9940029978752136
Mouse_Brain_E18_MISAR,Mouse brain E18,atac,GACCTTGATGCGGACC-1,42.0,29.0,Diencephalonand hindbrain,0.44143253564834595,0.558567464351654,0.5591909289360046,0.4408090114593506,0.6460660099983215,0.3539339303970337,0.025470292195677757,0.9745297431945801
Mouse_Brain_E18_MISAR,Mouse brain E18,atac,GCAGGTCCAGAGCTAT-1,40.0,19.0,Cartilage-1,0.5186233520507812,0.48137661814689636,0.48543626070022583,0.5145637392997742,0.12550832331180573,0.8744916915893555,0.0037758061662316322,0.9962241649627686
Mouse_Brain_E18_MISAR,Mouse brain E18,atac,TTATCCGGTGGTCAGC-1,10.0,37.0,DPallm,0.6828855872154236,0.3171144425868988,0.5082561373710632,0.49174389243125916,0.8167295455932617,0.18327048420906067,0.0060582393780350685,0.9939417839050293
Mouse_Brain_E18_MISAR,Mouse brain E18,atac,TGGTCAGCGAAGATCG-1,14.0,43.0,Cartilage-2,0.7331582903862,0.26684173941612244,0.5536729693412781,0.4463270306587219,0.6729262471199036,0.32707372307777405,0.016102639958262444,0.9838973879814148
Mouse_Brain_E18_MISAR,Mouse brain E18,atac,ACCGCCAATTGACTTC-1,46.0,18.0,Mesenchyme,0.56908118724823,0.4309188723564148,0.450755774974823,0.549244225025177,0.5164556503295898,0.48354434967041016,0.006945916451513767,0.9930540919303894
Mouse_Brain_E18_MISAR,Mouse brain E18,atac,GAAGATCGCTGATGGT-1,8.0,25.0,DPallm,0.5334785580635071,0.4665214717388153,0.5145252346992493,0.48547476530075073,0.9646632075309753,0.03533674404025078,0.03806372731924057,0.9619362950325012
Mouse_Brain_E18_MISAR,Mouse brain E18,atac,ACCGCCAATCCTACCA-1,46.0,22.0,Cartilage-2,0.4451398551464081,0.5548601150512695,0.5828723311424255,0.41712766885757446,0.2240069955587387,0.7759929299354553,0.0032158379908651114,0.9967842102050781
Mouse_Brain_E18_MISAR,Mouse brain E18,atac,GATCTTACACGGAGGC-1,27.0,30.0,Diencephalonand hindbrain,0.5983569025993347,0.4016430675983429,0.572211503982544,0.42778849601745605,0.5819053649902344,0.41809460520744324,0.0359659343957901,0.9640340805053711
Mouse_Brain_E18_MISAR,Mouse brain E18,atac,ACTCAATATTACCGAG-1,30.0,35.0,Diencephalonand hindbrain,0.5365198254585266,0.4634801149368286,0.5401389002799988,0.45986106991767883,0.4824422299861908,0.5175577998161316,0.023200929164886475,0.9767990708351135
Mouse_Brain_E18_MISAR,Mouse brain E18,atac,TAGAGTAATAGAATTA-1,41.0,16.0,Cartilage-2,0.37748584151268005,0.6225141882896423,0.5379325151443481,0.46206751465797424,0.0928722620010376,0.9071276783943176,0.00623332941904664,0.9937666654586792
Mouse_Brain_E18_MISAR,Mouse brain E18,atac,TAGAATTATCCTACCA-1,35.0,22.0,Mesenchyme,0.5722405314445496,0.4277594983577728,0.486543744802475,0.5134562849998474,0.35822582244873047,0.6417741775512695,0.011142149567604065,0.9888578653335571
Mouse_Brain_E18_MISAR,Mouse brain E18,atac,CAACCGCTGAAGATCG-1,43.0,43.0,Diencephalonand hindbrain,0.6308175325393677,0.36918243765830994,0.398583322763443,0.6014167070388794,0.3370073437690735,0.6629927158355713,0.03129441663622856,0.9687055945396423
Mouse_Brain_E18_MISAR,Mouse brain E18,atac,GCCGCAACTCGGCCTT-1,24.0,12.0,Diencephalonand hindbrain,0.6227445602416992,0.3772554099559784,0.4881986975669861,0.5118013024330139,0.2601725161075592,0.7398275136947632,0.08328429609537125,0.9167157411575317
Mouse_Brain_E18_MISAR,Mouse brain E18,atac,TTGACTTCACGGAGGC-1,33.0,30.0,Diencephalonand hindbrain,0.7084766030311584,0.29152339696884155,0.44697967171669006,0.5530202984809875,0.70658940076828,0.2934105694293976,0.025032438337802887,0.9749675393104553
Mouse_Brain_E18_MISAR,Mouse brain E18,atac,AAGAAGCTTCGGCCTT-1,7.0,12.0,DPallm,0.6784399151802063,0.3215600550174713,0.3895336091518402,0.6104664206504822,0.8461316823959351,0.15386834740638733,0.007903114892542362,0.9920969009399414
Mouse_Brain_E18_MISAR,Mouse brain E18,atac,TGCCGGCATTACCGAG-1,17.0,35.0,DPallv,0.47002747654914856,0.5299725532531738,0.5780389904975891,0.42196106910705566,0.8612045645713806,0.13879545032978058,0.009086806327104568,0.9909131526947021
Mouse_Brain_E18_MISAR,Mouse brain E18,atac,TTATTCATAGAACGTC-1,18.0,13.0,Subpallium-1,0.4155483543872833,0.5844516754150391,0.4034477174282074,0.5965522527694702,0.25844380259513855,0.7415561676025391,0.022602269425988197,0.9773977398872375
Mouse_Brain_E18_MISAR,Mouse brain E18,atac,TTGACTTCCATACTCC-1,33.0,47.0,Diencephalonand hindbrain,0.5374510288238525,0.46254897117614746,0.5374543070793152,0.4625457525253296,0.3376564681529999,0.6623435616493225,0.010004272684454918,0.9899957180023193
Mouse_Brain_E18_MISAR,Mouse brain E18,atac,TCGGCCTTTCCTACCA-1,39.0,22.0,Mesenchyme,0.43254658579826355,0.5674533843994141,0.5071372985839844,0.49286264181137085,0.28129181265830994,0.7187081575393677,0.009397498331964016,0.9906024932861328
Mouse_Brain_E18_MISAR,Mouse brain E18,atac,GGTACTGCGGTATGCT-1,36.0,49.0,Diencephalonand hindbrain,0.5949685573577881,0.4050314128398895,0.3988640010356903,0.6011359691619873,0.34259721636772156,0.657402753829956,0.010316899046301842,0.9896830320358276
Mouse_Brain_E18_MISAR,Mouse brain E18,atac,CTTGCGCCCGACGCGA-1,37.0,39.0,Diencephalonand hindbrain,0.6203911900520325,0.3796088397502899,0.5025913715362549,0.49740859866142273,0.4713568687438965,0.5286431312561035,0.007198138628154993,0.9928019046783447
Mouse_Brain_E18_MISAR,Mouse brain E18,atac,TCGGCCTTTTATTCAT-1,39.0,33.0,Diencephalonand hindbrain,0.6636310815811157,0.3363689184188843,0.4241306185722351,0.5758693218231201,0.6949945688247681,0.30500540137290955,0.018950842320919037,0.9810491800308228
Mouse_Brain_E18_MISAR,Mouse brain E18,atac,TTACCGAGGCCGCAAC-1,16.0,27.0,Subpallium-1,0.5800873041152954,0.4199126660823822,0.5293514728546143,0.47064852714538574,0.12174536287784576,0.8782546520233154,0.027286410331726074,0.9727135896682739
Mouse_Brain_E18_MISAR,Mouse brain E18,atac,TAGATCTAGAAGATCG-1,20.0,43.0,DPallm,0.5004693269729614,0.4995306432247162,0.5585405230522156,0.4414595067501068,0.8416287302970886,0.15837128460407257,0.007509926799684763,0.9924899935722351
Mouse_Brain_E18_MISAR,Mouse brain E18,atac,TCTGATACATCATATT-1,9.0,36.0,Cartilage-2,0.5751620531082153,0.42483794689178467,0.6254252195358276,0.37457484006881714,0.448347806930542,0.5516521334648132,0.013401901349425316,0.9865981340408325
Mouse_Brain_E18_MISAR,Mouse brain E18,atac,GACCTTGAGAAGATCG-1,42.0,43.0,Diencephalonand hindbrain,0.5073396563529968,0.4926602840423584,0.42845475673675537,0.5715452432632446,0.5972268581390381,0.4027731716632843,0.014597353525459766,0.9854027032852173
Mouse_Brain_E18_MISAR,Mouse brain E18,atac,TCTGATACCCGAGAAT-1,9.0,26.0,DPallm,0.5002688765525818,0.4997310936450958,0.5513554811477661,0.4486444890499115,0.9450979232788086,0.0549020990729332,0.03678659349679947,0.9632133841514587
Mouse_Brain_E18_MISAR,Mouse brain E18,atac,GCTAACTTTCGGCCTT-1,3.0,12.0,Cartilage-2,0.778113603591919,0.22188638150691986,0.5475085377693176,0.45249143242836,0.25144141912460327,0.7485585808753967,0.00582888862118125,0.9941710829734802
Mouse_Brain_E18_MISAR,Mouse brain E18,atac,TTACCGAGGCGTTGGA-1,16.0,23.0,Subpallium-1,0.6284465789794922,0.3715534508228302,0.46305617690086365,0.5369438529014587,0.08836088329553604,0.9116391539573669,0.09629298001527786,0.9037070274353027
Mouse_Brain_E18_MISAR,Mouse brain E18,atac,GATACGGATAGATCTA-1,11.0,31.0,DPallm,0.6149381995201111,0.3850618600845337,0.5415955781936646,0.45840439200401306,0.9783014059066772,0.02169855311512947,0.025016771629452705,0.9749831557273865
Mouse_Brain_E18_MISAR,Mouse brain E18,atac,GCGTTGGATTACCGAG-1,28.0,35.0,Diencephalonand hindbrain,0.4366491436958313,0.5633508563041687,0.47128915786743164,0.5287107825279236,0.6398307681083679,0.3601692318916321,0.04038252308964729,0.9596174359321594
Mouse_Brain_E18_MISAR,Mouse brain E18,atac,GCAGGTCCTCGGCCTT-1,40.0,12.0,Cartilage-2,0.7364196181297302,0.2635803818702698,0.5332486033439636,0.4667513966560364,0.30131009221076965,0.6986899375915527,0.015863634645938873,0.9841363430023193
Mouse_Brain_E18_MISAR,Mouse brain E18,atac,TGAGTCTGAGAGAAGG-1,23.0,46.0,Cartilage-2,0.7611406445503235,0.23885932564735413,0.5400196313858032,0.459980309009552,0.21287088096141815,0.7871291041374207,0.0030191736295819283,0.9969808459281921
Mouse_Brain_E18_MISAR,Mouse brain E18,atac,ACTATGCATAGAGTAA-1,13.0,10.0,DPallm,0.7662229537963867,0.23377706110477448,0.5562965273857117,0.4437035024166107,0.49793457984924316,0.5020654201507568,0.14090809226036072,0.8590918779373169
Mouse_Brain_E18_MISAR,Mouse brain E18,atac,ACGGAGGCAGAGAAGG-1,21.0,46.0,Cartilage-2,0.5960450172424316,0.40395498275756836,0.5043403506278992,0.4956597089767456,0.4773492217063904,0.5226507782936096,0.011292923241853714,0.9887070655822754
Mouse_Brain_E18_MISAR,Mouse brain E18,atac,CGACGCGACCGATTCC-1,12.0,4.0,Cartilage-3,0.7410492897033691,0.25895076990127563,0.6373836994171143,0.3626163601875305,0.11887814104557037,0.8811218738555908,0.002150152111425996,0.9978498220443726
Mouse_Brain_E18_MISAR,Mouse brain E18,atac,GAAGATCGTTATTCAT-1,8.0,33.0,DPallm,0.5108199715614319,0.4891800582408905,0.5386302471160889,0.4613697826862335,0.9536429047584534,0.04635712131857872,0.0010307197226211429,0.998969316482544
Mouse_Brain_E18_MISAR,Mouse brain E18,atac,ATCATATTCAACCGCT-1,15.0,8.0,Cartilage-2,0.6015045046806335,0.39849555492401123,0.6405333280563354,0.35946667194366455,0.3024332523345947,0.6975667476654053,0.0025464892387390137,0.997453510761261
Mouse_Brain_E18_MISAR,Mouse brain E18,atac,GATCTTACCAACCGCT-1,27.0,8.0,Cartilage-4,0.4354093670845032,0.5645906925201416,0.41891512274742126,0.5810848474502563,0.6284363269805908,0.3715636432170868,0.001284141791984439,0.998715877532959
Mouse_Brain_E18_MISAR,Mouse brain E18,atac,TGCCGGCAGAAGATCG-1,17.0,43.0,DPallm,0.4997035562992096,0.500296413898468,0.466810405254364,0.533189594745636,0.9716975092887878,0.028302479535341263,0.002061680890619755,0.997938334941864
Mouse_Brain_E18_MISAR,Mouse brain E18,atac,ACGGAGGCGGTACTGC-1,21.0,15.0,Subpallium-1,0.5240251421928406,0.4759748876094818,0.4889732897281647,0.5110267400741577,0.34642502665519714,0.6535749435424805,0.01245549414306879,0.9875445365905762
Mouse_Brain_E18_MISAR,Mouse brain E18,atac,ACCGCCAAAAGAAGCT-1,46.0,44.0,Diencephalonand hindbrain,0.6006399393081665,0.3993600308895111,0.5120173096656799,0.48798272013664246,0.4409562945365906,0.5590437650680542,0.02566494792699814,0.9743350744247437
Mouse_Brain_E18_MISAR,Mouse brain E18,atac,TCTGATACGGTACTGC-1,9.0,15.0,DPallm,0.5549675226211548,0.44503253698349,0.5590696930885315,0.4409302771091461,0.7919262051582336,0.20807385444641113,0.02558036893606186,0.9744195938110352
Mouse_Brain_E18_MISAR,Mouse brain E18,atac,TAGATCTATCTGATAC-1,20.0,42.0,DPallv,0.4192740321159363,0.5807260274887085,0.6472616791725159,0.35273829102516174,0.917585015296936,0.08241495490074158,0.005576536990702152,0.9944234490394592
Mouse_Brain_E18_MISAR,Mouse brain E18,atac,TTATTCATGGTACTGC-1,18.0,15.0,Subpallium-1,0.4764387607574463,0.5235612392425537,0.42208507657051086,0.5779149532318115,0.1927173137664795,0.8072827458381653,0.020580703392624855,0.9794193506240845
Mouse_Brain_E18_MISAR,Mouse brain E18,atac,AGAGAAGGTGAGTCTG-1,5.0,28.0,DPallm,0.43306100368499756,0.5669389963150024,0.5939954519271851,0.40600454807281494,0.910771369934082,0.08922862261533737,0.0046876342967152596,0.9953123331069946
Mouse_Brain_E18_MISAR,Mouse brain E18,atac,TGCCGGCACTTGCGCC-1,17.0,14.0,Subpallium-1,0.5101667642593384,0.4898332357406616,0.47808265686035156,0.5219173431396484,0.21881148219108582,0.7811885476112366,0.021283378824591637,0.9787166714668274
Mouse_Brain_E18_MISAR,Mouse brain E18,atac,CCGATTCCAGAACGTC-1,47.0,13.0,Cartilage-4,0.48316678404808044,0.5168331861495972,0.5263637900352478,0.4736361801624298,0.39978137612342834,0.600218653678894,0.008782507851719856,0.9912174940109253
Mouse_Brain_E18_MISAR,Mouse brain E18,atac,CATACTCCTTATTCAT-1,4.0,33.0,Mesenchyme,0.6637973189353943,0.3362026810646057,0.4972411096096039,0.5027589201927185,0.6993814706802368,0.3006184697151184,0.019736293703317642,0.9802637696266174
Mouse_Brain_E18_MISAR,Mouse brain E18,atac,GACCTTGAATCATATT-1,42.0,36.0,Diencephalonand hindbrain,0.5295006632804871,0.4704993665218353,0.42314156889915466,0.576858401298523,0.655062198638916,0.344937801361084,0.005780608393251896,0.9942194223403931
Mouse_Brain_E18_MISAR,Mouse brain E18,atac,TGCCGGCAGCGTTGGA-1,17.0,23.0,Subpallium-1,0.5241174101829529,0.4758826196193695,0.6040152311325073,0.3959847390651703,0.10717806965112686,0.8928219079971313,0.04962624981999397,0.9503737688064575
Mouse_Brain_E18_MISAR,Mouse brain E18,atac,GATACGGATTGACTTC-1,11.0,18.0,Subpallium-1,0.534719705581665,0.4652802646160126,0.5160862803459167,0.48391374945640564,0.08680491149425507,0.9131950736045837,0.02118833176791668,0.9788116812705994
Mouse_Brain_E18_MISAR,Mouse brain E18,atac,TCCGGCCTACGGAGGC-1,6.0,30.0,DPallm,0.5935989022254944,0.406401127576828,0.5783974528312683,0.4216025173664093,0.9387848973274231,0.06121509149670601,0.005555443931370974,0.9944445490837097
Mouse_Brain_E18_MISAR,Mouse brain E18,atac,TGCGGACCAGAGAAGG-1,22.0,46.0,Cartilage-2,0.3995510935783386,0.6004488468170166,0.38725546002388,0.6127445101737976,0.497826486825943,0.5021734833717346,0.006686240900307894,0.993313729763031
Mouse_Brain_E18_MISAR,Mouse brain E18,atac,CATACTCCGCCATTCT-1,4.0,17.0,DPallm,0.5038357973098755,0.4961642324924469,0.5729338526725769,0.4270660877227783,0.5748549699783325,0.4251450300216675,0.015282525680959225,0.9847174286842346
Mouse_Brain_E18_MISAR,Mouse brain E18,atac,ATCATATTTGCGGACC-1,15.0,29.0,Subpallium-2,0.5182977914810181,0.4817022681236267,0.5349021553993225,0.4650978446006775,0.7073221802711487,0.2926778793334961,0.009711571969091892,0.990288496017456
Mouse_Brain_E18_MISAR,Mouse brain E18,atac,AGAGAAGGCTAAGAGA-1,5.0,20.0,DPallm,0.4526364803314209,0.5473635196685791,0.5807895660400391,0.41921043395996094,0.9415329694747925,0.05846702307462692,0.005886707454919815,0.9941132664680481
Mouse_Brain_E18_MISAR,Mouse brain E18,atac,GATACGGACGACGCGA-1,11.0,39.0,DPallm,0.4974919855594635,0.5025080442428589,0.5024011731147766,0.4975988566875458,0.8012569546699524,0.19874310493469238,0.008710037916898727,0.9912899732589722
Mouse_Brain_E18_MISAR,Mouse brain E18,atac,GCCATTCTTGCGGACC-1,34.0,29.0,Diencephalonand hindbrain,0.7802817225456238,0.21971827745437622,0.4691254794597626,0.5308745503425598,0.7779057621955872,0.22209426760673523,0.02531622350215912,0.9746837615966797
Mouse_Brain_E18_MISAR,Mouse brain E18,atac,TGCCGGCAGGTACTGC-1,17.0,15.0,Subpallium-1,0.4932844936847687,0.5067154765129089,0.5117158889770508,0.48828405141830444,0.15862947702407837,0.8413705229759216,0.021202918142080307,0.9787970781326294
Mouse_Brain_E18_MISAR,Mouse brain E18,atac,TGCCGGCATCGGCCTT-1,17.0,12.0,Subpallium-1,0.498894065618515,0.5011059641838074,0.481845498085022,0.518154501914978,0.45065778493881226,0.5493422150611877,0.018803324550390244,0.9811967015266418
Mouse_Brain_E18_MISAR,Mouse brain E18,atac,TGGTCAGCTTATTCAT-1,14.0,33.0,DPallv,0.6037600040435791,0.3962399661540985,0.6521056890487671,0.3478943407535553,0.9126357436180115,0.08736425638198853,0.004240813665091991,0.9957591891288757
Mouse_Brain_E18_MISAR,Mouse brain E18,atac,TAGATCTAGATCTTAC-1,20.0,24.0,Subpallium-1,0.5775735378265381,0.4224264621734619,0.5815862417221069,0.4184137284755707,0.19943587481975555,0.8005641102790833,0.02996750921010971,0.9700324535369873
Mouse_Brain_E18_MISAR,Mouse brain E18,atac,GATACGGACTTGCGCC-1,11.0,14.0,DPallm,0.53326016664505,0.46673986315727234,0.5238000750541687,0.4761999547481537,0.7019949555397034,0.298005074262619,0.026373179629445076,0.9736267924308777
Mouse_Brain_E18_MISAR,Mouse brain E18,atac,CCGAGAATCGACGCGA-1,25.0,39.0,DPallm,0.5027819275856018,0.4972180128097534,0.5480631589889526,0.45193684101104736,0.9145401120185852,0.08545992523431778,0.0017669255612418056,0.9982330799102783
Mouse_Brain_E18_MISAR,Mouse brain E18,atac,GCCGCAACGATACGGA-1,24.0,40.0,DPallm,0.44680413603782654,0.5531958937644958,0.5311246514320374,0.46887531876564026,0.927825927734375,0.0721740573644638,0.004798094276338816,0.9952019453048706
Mouse_Brain_E18_MISAR,Mouse brain E18,atac,TAGAGTAACCGAGAAT-1,41.0,26.0,Cartilage-2,0.6755896210670471,0.3244103491306305,0.5169984698295593,0.4830015301704407,0.40293359756469727,0.5970664024353027,0.022219814360141754,0.9777801632881165
Mouse_Brain_E18_MISAR,Mouse brain E18,atac,AGAGCTATACGGAGGC-1,32.0,30.0,Diencephalonand hindbrain,0.5191903710365295,0.48080962896347046,0.4757117033004761,0.5242883563041687,0.8705366849899292,0.12946337461471558,0.024697937071323395,0.9753020405769348
Mouse_Brain_E18_MISAR,Mouse brain E18,atac,TGGTCAGCACGGAGGC-1,14.0,30.0,DPallv,0.5285329818725586,0.471466988325119,0.4803098738193512,0.5196901559829712,0.9052605032920837,0.09473951160907745,0.007963196374475956,0.9920368194580078
Mouse_Brain_E18_MISAR,Mouse brain E18,atac,TTATTCATAGAGCTAT-1,18.0,19.0,Subpallium-1,0.5355235934257507,0.46447640657424927,0.5310779809951782,0.4689219892024994,0.14627978205680847,0.8537202477455139,0.042647894471883774,0.9573521018028259
Mouse_Brain_E18_MISAR,Mouse brain E18,atac,TGCCGGCACGACGCGA-1,17.0,39.0,DPallv,0.5063319206237793,0.4936680793762207,0.597986102104187,0.4020138382911682,0.9176822900772095,0.08231768012046814,0.009156513959169388,0.9908435344696045
Mouse_Brain_E18_MISAR,Mouse brain E18,atac,GAAGATCGGCCGCAAC-1,8.0,27.0,DPallm,0.42072659730911255,0.5792734026908875,0.4829007387161255,0.5170992612838745,0.9677935242652893,0.03220644220709801,0.029061967507004738,0.970937967300415
Mouse_Brain_E18_MISAR,Mouse brain E18,atac,TAGATCTACAACCGCT-1,20.0,8.0,Cartilage-2,0.5769463777542114,0.4230536222457886,0.5864108204841614,0.413589209318161,0.4318429231643677,0.5681571364402771,0.0019862481858581305,0.9980137348175049
Mouse_Brain_E18_MISAR,Mouse brain E18,atac,CGACGCGACCGAGAAT-1,12.0,26.0,DPallv,0.5562731623649597,0.4437268078327179,0.42452284693717957,0.5754771828651428,0.8222151398658752,0.17778487503528595,0.006307743955403566,0.9936922788619995
Mouse_Brain_E18_MISAR,Mouse brain E18,atac,CGACGCGAGATACGGA-1,12.0,40.0,DPallm,0.46075478196144104,0.5392451882362366,0.4743373692035675,0.5256626009941101,0.855230450630188,0.144769549369812,0.0016377128195017576,0.9983622431755066
Mouse_Brain_E18_MISAR,Mouse brain E18,atac,CTTGCGCCGATACGGA-1,37.0,40.0,Diencephalonand hindbrain,0.5834288001060486,0.41657117009162903,0.5158624053001404,0.4841375946998596,0.6054034233093262,0.3945966064929962,0.011315364390611649,0.9886845946311951
Mouse_Brain_E18_MISAR,Mouse brain E18,atac,TTACCGAGCTAAGAGA-1,16.0,20.0,Subpallium-1,0.4689314067363739,0.5310685634613037,0.4414438009262085,0.5585561990737915,0.20323430001735687,0.7967656850814819,0.13602596521377563,0.8639740347862244
Mouse_Brain_E18_MISAR,Mouse brain E18,atac,ACTCAATAAGAGAAGG-1,30.0,46.0,Diencephalonand hindbrain,0.6328463554382324,0.3671536445617676,0.5346643328666687,0.4653356671333313,0.35629552602767944,0.6437044143676758,0.010537823662161827,0.9894621968269348
Mouse_Brain_E18_MISAR,Mouse brain E18,atac,ACTCAATACATACTCC-1,30.0,47.0,Diencephalonand hindbrain,0.4274194538593292,0.5725805759429932,0.5715367794036865,0.4284632205963135,0.26210200786590576,0.737898051738739,0.00950797088444233,0.990492045879364
Mouse_Brain_E18_MISAR,Mouse brain E18,atac,TCCTACCATCCTACCA-1,29.0,22.0,Mesenchyme,0.5205920338630676,0.4794079065322876,0.5233215093612671,0.4766785204410553,0.3716509938240051,0.6283490657806396,0.025139331817626953,0.974860668182373
Mouse_Brain_E18_MISAR,Mouse brain E18,atac,TTGACTTCTGGTCAGC-1,33.0,37.0,Diencephalonand hindbrain,0.505484402179718,0.494515597820282,0.46926751732826233,0.5307325124740601,0.4158250093460083,0.5841749906539917,0.019710641354322433,0.9802893996238708
Mouse_Brain_E18_MISAR,Mouse brain E18,atac,AGAACGTCGCCATTCT-1,38.0,17.0,Cartilage-1,0.4044314920902252,0.5955684781074524,0.6135386228561401,0.3864613473415375,0.052826229482889175,0.9471738338470459,0.0019124955870211124,0.998087465763092
Mouse_Brain_E18_MISAR,Mouse brain E18,atac,ATCATATTGCCATTCT-1,15.0,17.0,Subpallium-1,0.4253227710723877,0.5746772289276123,0.4779403507709503,0.5220596790313721,0.1240638867020607,0.8759360909461975,0.034220218658447266,0.9657798409461975
Mouse_Brain_E18_MISAR,Mouse brain E18,atac,GACCTTGATGCCGGCA-1,42.0,34.0,Diencephalonand hindbrain,0.39227521419525146,0.6077248454093933,0.4868302345275879,0.5131697654724121,0.7727441787719727,0.22725580632686615,0.014115001074969769,0.9858850240707397
Mouse_Brain_E18_MISAR,Mouse brain E18,atac,ACTTAACCAGAGAAGG-1,44.0,46.0,Mesenchyme,0.611778974533081,0.38822105526924133,0.5244576930999756,0.4755423069000244,0.11753882467746735,0.8824611902236938,0.007473355624824762,0.992526650428772
Mouse_Brain_E18_MISAR,Mouse brain E18,atac,GCAGGTCCTGCGGACC-1,40.0,29.0,Diencephalonand hindbrain,0.47538691759109497,0.524613082408905,0.4926067292690277,0.5073932409286499,0.4630766808986664,0.5369232892990112,0.013084319420158863,0.9869157075881958
Mouse_Brain_E18_MISAR,Mouse brain E18,atac,GAAGATCGTGCGGACC-1,8.0,29.0,DPallm,0.43932536244392395,0.5606746673583984,0.5198599100112915,0.4801401197910309,0.9760510325431824,0.02394903264939785,0.035593703389167786,0.9644062519073486
Mouse_Brain_E18_MISAR,Mouse brain E18,atac,TTATCCGGAATTAAGA-1,10.0,32.0,DPallm,0.4557592570781708,0.5442407727241516,0.48351553082466125,0.5164844393730164,0.984420895576477,0.015579121187329292,0.009658359922468662,0.9903416633605957
Mouse_Brain_E18_MISAR,Mouse brain E18,atac,TTATCCGGCTAAGAGA-1,10.0,20.0,Subpallium-1,0.6769461631774902,0.32305383682250977,0.5769853591918945,0.42301467061042786,0.3813008666038513,0.6186990737915039,0.05153415724635124,0.948465883731842
Mouse_Brain_E18_MISAR,Mouse brain E18,atac,TAGAATTAGGTATGCT-1,35.0,49.0,Diencephalonand hindbrain,0.6102573871612549,0.3897426128387451,0.5180138945579529,0.48198607563972473,0.46155714988708496,0.538442850112915,0.024885574355721474,0.9751144051551819
Mouse_Brain_E18_MISAR,Mouse brain E18,atac,CTGATGGTTCCTACCA-1,26.0,22.0,Mesenchyme,0.6575502753257751,0.34244978427886963,0.49084019660949707,0.5091598033905029,0.38793766498565674,0.6120623350143433,0.0355747789144516,0.9644252061843872
Mouse_Brain_E18_MISAR,Mouse brain E18,atac,GAAGATCGAATTAAGA-1,8.0,32.0,DPallm,0.5194708704948425,0.4805290997028351,0.5582296848297119,0.4417703151702881,0.9669654369354248,0.033034518361091614,0.0010990059236064553,0.9989010095596313
Mouse_Brain_E18_MISAR,Mouse brain E18,atac,TAGATCTAAAGAAGCT-1,20.0,44.0,DPallm,0.5822694301605225,0.41773051023483276,0.4976327121257782,0.5023673176765442,0.9317353367805481,0.06826469302177429,0.007110169157385826,0.9928897619247437
Mouse_Brain_E18_MISAR,Mouse brain E18,atac,TTATTCATTCGGCCTT-1,18.0,12.0,Subpallium-1,0.4860062301158905,0.5139937996864319,0.40455392003059387,0.5954460501670837,0.3733070492744446,0.6266928911209106,0.02180604264140129,0.9781939387321472
Mouse_Brain_E18_MISAR,Mouse brain E18,atac,GGTATGCTAGAACGTC-1,2.0,13.0,Cartilage-3,0.6001119017601013,0.39988812804222107,0.6577879786491394,0.342212051153183,0.0727590024471283,0.9272409677505493,0.0012126484652981162,0.9987873435020447
Mouse_Brain_E18_MISAR,Mouse brain E18,atac,TTATCCGGGATCTTAC-1,10.0,24.0,DPallv,0.5491140484809875,0.45088592171669006,0.580284833908081,0.41971516609191895,0.6792793273925781,0.32072070240974426,0.013850915245711803,0.9861490726470947
Mouse_Brain_E18_MISAR,Mouse brain E18,atac,AGAGAAGGAGAGCTAT-1,5.0,19.0,DPallm,0.5438112020492554,0.45618873834609985,0.6571210622787476,0.34287896752357483,0.8789594769477844,0.12104058265686035,0.010685548186302185,0.9893144369125366
Mouse_Brain_E18_MISAR,Mouse brain E18,atac,ATCATATTACTCAATA-1,15.0,21.0,Subpallium-1,0.5833740830421448,0.4166259169578552,0.47766321897506714,0.5223368406295776,0.11944860219955444,0.8805513978004456,0.07208183407783508,0.9279181361198425
Mouse_Brain_E18_MISAR,Mouse brain E18,atac,AATTAAGATCGGCCTT-1,19.0,12.0,Subpallium-1,0.34123215079307556,0.658767819404602,0.5030339956283569,0.4969659745693207,0.406950443983078,0.5930495858192444,0.025924941524863243,0.9740750789642334
Mouse_Brain_E18_MISAR,Mouse brain E18,atac,CGAACGCCGGTATGCT-1,49.0,49.0,Diencephalonand hindbrain,0.42720723152160645,0.5727927684783936,0.527014434337616,0.47298556566238403,0.10017766058444977,0.8998222947120667,0.009018080309033394,0.9909818768501282
Mouse_Brain_E18_MISAR,Mouse brain E18,atac,TAGAATTACCGAGAAT-1,35.0,26.0,Mesenchyme,0.5002247095108032,0.49977535009384155,0.5212429165840149,0.4787571132183075,0.584424614906311,0.41557541489601135,0.004038108512759209,0.9959619641304016
Mouse_Brain_E18_MISAR,Mouse brain E18,atac,TAGAATTACAACCGCT-1,35.0,8.0,Cartilage-1,0.39093658328056335,0.609063446521759,0.6804581880569458,0.3195418417453766,0.0537908710539341,0.946209192276001,0.003007188206538558,0.996992826461792
Mouse_Brain_E18_MISAR,Mouse brain E18,atac,TTGACTTCGCTAACTT-1,33.0,48.0,Diencephalonand hindbrain,0.6631731986999512,0.33682677149772644,0.46722710132598877,0.5327728986740112,0.22809694707393646,0.7719029784202576,0.005453939083963633,0.9945460557937622
Mouse_Brain_E18_MISAR,Mouse brain E18,atac,AAGAAGCTGATCTTAC-1,7.0,24.0,DPallm,0.5511937141418457,0.4488062560558319,0.5216730833053589,0.4783269166946411,0.9751951098442078,0.02480483613908291,0.03067939355969429,0.9693205952644348
Mouse_Brain_E18_MISAR,Mouse brain E18,atac,GAAGATCGTAGAGTAA-1,8.0,10.0,Cartilage-3,0.5022587776184082,0.4977412223815918,0.5402299165725708,0.4597701132297516,0.5421038269996643,0.4578962028026581,0.0025024954229593277,0.9974974989891052
Mouse_Brain_E18_MISAR,Mouse brain E18,atac,ATAAGGAGTCCGGCCT-1,50.0,45.0,Midbrain,0.46545085310935974,0.5345491170883179,0.4232606291770935,0.5767393708229065,0.5874911546707153,0.41250884532928467,0.02305443212389946,0.9769456386566162
Mouse_Brain_E18_MISAR,Mouse brain E18,atac,TTACCGAGAAGAAGCT-1,16.0,44.0,Mesenchyme,0.604455828666687,0.3955442011356354,0.4291125535964966,0.5708874464035034,0.7028704881668091,0.2971295118331909,0.013745244592428207,0.9862548112869263
Mouse_Brain_E18_MISAR,Mouse brain E18,atac,GGTATGCTCTAAGAGA-1,2.0,20.0,Cartilage-2,0.7335845828056335,0.26641544699668884,0.6656194925308228,0.33438050746917725,0.7250931262969971,0.2749069035053253,0.007782211527228355,0.9922177791595459
Mouse_Brain_E18_MISAR,Mouse brain E18,atac,GGTACTGCGCCGCAAC-1,36.0,27.0,Mesenchyme,0.5540912747383118,0.4459087550640106,0.5722314715385437,0.4277685582637787,0.39648962020874023,0.6035103797912598,0.006389264948666096,0.993610680103302
Mouse_Brain_E18_MISAR,Mouse brain E18,atac,CCGATTCCTGCGGACC-1,47.0,29.0,Diencephalonand hindbrain,0.5726003646850586,0.4273996651172638,0.4901939034461975,0.5098060965538025,0.6416658759117126,0.35833412408828735,0.02688060887157917,0.9731193780899048
Mouse_Brain_E18_MISAR,Mouse brain E18,atac,TGGTCAGCGCGTTGGA-1,14.0,23.0,Subpallium-1,0.5307663083076477,0.4692336618900299,0.4404164254665375,0.5595836043357849,0.12970684468746185,0.8702932000160217,0.15188443660736084,0.8481156229972839
Mouse_Brain_E18_MISAR,Mouse brain E18,atac,ACTATGCAAATTAAGA-1,13.0,32.0,DPallv,0.6393214464187622,0.3606785237789154,0.518195629119873,0.48180440068244934,0.9228667616844177,0.07713326066732407,0.028405457735061646,0.971594512462616
Mouse_Brain_E18_MISAR,Mouse brain E18,atac,TCCGGCCTAATTAAGA-1,6.0,32.0,Cartilage-2,0.6356347799301147,0.36436519026756287,0.5820263028144836,0.4179736375808716,0.6041492819786072,0.39585068821907043,0.013530156575143337,0.9864698052406311
Mouse_Brain_E18_MISAR,Mouse brain E18,atac,GATACGGATGGTCAGC-1,11.0,37.0,DPallm,0.48608413338661194,0.5139158964157104,0.5163534283638,0.4836465120315552,0.965349018573761,0.034650932997465134,0.0006362879066728055,0.9993637204170227
Mouse_Brain_E18_MISAR,Mouse brain E18,atac,AATTAAGACTTGCGCC-1,19.0,14.0,Subpallium-1,0.44180265069007874,0.5581973791122437,0.44938644766807556,0.5506135821342468,0.25183698534965515,0.7481630444526672,0.022113226354122162,0.9778867363929749
Mouse_Brain_E18_MISAR,Mouse brain E18,atac,TAGAGTAATCCGGCCT-1,41.0,45.0,Diencephalonand hindbrain,0.5750473737716675,0.4249526560306549,0.5762955546379089,0.4237043857574463,0.5235798954963684,0.4764201045036316,0.0042058611288666725,0.9957941770553589
Mouse_Brain_E18_MISAR,Mouse brain E18,atac,TAGAATTAGGTACTGC-1,35.0,15.0,Mesenchyme,0.5438390970230103,0.4561609625816345,0.6394038796424866,0.36059609055519104,0.12028679251670837,0.8797131776809692,0.053598467260599136,0.9464015364646912
Mouse_Brain_E18_MISAR,Mouse brain E18,atac,ATAAGGAGGGTACTGC-1,50.0,15.0,Cartilage-4,0.5161277055740356,0.48387226462364197,0.5522469282150269,0.44775304198265076,0.40130186080932617,0.5986981987953186,0.0029119981918483973,0.9970880150794983
Mouse_Brain_E18_MISAR,Mouse brain E18,atac,GATCTTACGCAGGTCC-1,27.0,11.0,Diencephalonand hindbrain,0.4912218153476715,0.5087782144546509,0.40985238552093506,0.5901476144790649,0.40213286876678467,0.5978671312332153,0.025971941649913788,0.9740280508995056
Mouse_Brain_E18_MISAR,Mouse brain E18,atac,GATACGGATCCTACCA-1,11.0,22.0,Subpallium-1,0.5446759462356567,0.45532405376434326,0.5049965977668762,0.4950034022331238,0.20952588319778442,0.7904741168022156,0.024147985503077507,0.9758519530296326
Mouse_Brain_E18_MISAR,Mouse brain E18,atac,TGCCGGCATTGACTTC-1,17.0,18.0,Subpallium-1,0.41779205203056335,0.5822079181671143,0.5642486810684204,0.43575137853622437,0.15204064548015594,0.8479593396186829,0.02743319794535637,0.9725667238235474
Mouse_Brain_E18_MISAR,Mouse brain E18,atac,AATTAAGAACTCAATA-1,19.0,21.0,Subpallium-1,0.47638821601867676,0.5236117839813232,0.4966263771057129,0.5033736228942871,0.13990633189678192,0.8600936532020569,0.012512381188571453,0.9874876737594604
Mouse_Brain_E18_MISAR,Mouse brain E18,atac,GATCTTACTTATCCGG-1,27.0,41.0,Diencephalonand hindbrain,0.7978569865226746,0.20214302837848663,0.5574482083320618,0.44255176186561584,0.6039446592330933,0.39605531096458435,0.018264200538396835,0.9817357659339905
Mouse_Brain_E18_MISAR,Mouse brain E18,atac,AAGAAGCTCTGATGGT-1,7.0,25.0,DPallm,0.5901238322257996,0.40987616777420044,0.512596607208252,0.48740333318710327,0.9675361514091492,0.03246389701962471,0.019231600686907768,0.9807683825492859
Mouse_Brain_E18_MISAR,Mouse brain E18,atac,TGGTCAGCGATCTTAC-1,14.0,24.0,Subpallium-1,0.5198407173156738,0.48015928268432617,0.5581278800964355,0.44187211990356445,0.15200960636138916,0.8479903340339661,0.11455633491277695,0.8854436278343201
Mouse_Brain_E18_MISAR,Mouse brain E18,atac,GAAGATCGGCGTTGGA-1,8.0,23.0,DPallm,0.5642820000648499,0.4357180595397949,0.6609612703323364,0.3390386998653412,0.8662077784538269,0.1337922215461731,0.039498113095760345,0.9605019092559814
Mouse_Brain_E18_MISAR,Mouse brain E18,atac,GACCTTGACTGATGGT-1,42.0,25.0,Mesenchyme,0.5692151188850403,0.4307848811149597,0.506625771522522,0.4933742582798004,0.21763001382350922,0.7823699116706848,0.09074155986309052,0.9092584252357483
Mouse_Brain_E18_MISAR,Mouse brain E18,atac,TAGAGTAAAACCTGCG-1,41.0,50.0,Diencephalonand hindbrain,0.869472861289978,0.1305270940065384,0.5089643001556396,0.49103567004203796,0.32036083936691284,0.6796391606330872,0.008981569670140743,0.9910184144973755
Mouse_Brain_E18_MISAR,Mouse brain E18,atac,CCAGTTCCGCGTTGGA-1,45.0,23.0,Cartilage-2,0.683647871017456,0.31635212898254395,0.5517685413360596,0.4482314884662628,0.38695141673088074,0.6130485534667969,0.00477167684584856,0.9952282905578613
Mouse_Brain_E18_MISAR,Mouse brain E18,atac,CTGATGGTTTACCGAG-1,26.0,35.0,Thalamus,0.4431704878807068,0.5568295121192932,0.5553715229034424,0.44462850689888,0.814269483089447,0.18573054671287537,0.03232172504067421,0.9676783084869385
Mouse_Brain_E18_MISAR,Mouse brain E18,atac,CCAGTTCCTTACCGAG-1,45.0,35.0,Diencephalonand hindbrain,0.5297319293022156,0.4702680706977844,0.6166512370109558,0.3833487331867218,0.5113699436187744,0.4886300563812256,0.05107908695936203,0.9489209055900574
Mouse_Brain_E18_MISAR,Mouse brain E18,atac,ATAAGGAGCCGAGAAT-1,50.0,26.0,Diencephalonand hindbrain,0.5514102578163147,0.4485897421836853,0.5533643364906311,0.44663572311401367,0.3326582610607147,0.6673417091369629,0.028107745572924614,0.971892237663269
Mouse_Brain_E18_MISAR,Mouse brain E18,atac,GATACGGAGCGTTGGA-1,11.0,23.0,DPallv,0.5562787055969238,0.44372129440307617,0.42137137055397034,0.5786285996437073,0.17718225717544556,0.8228177428245544,0.018151812255382538,0.9818481206893921
Mouse_Brain_E18_MISAR,Mouse brain E18,atac,CTTGCGCCGCCATTCT-1,37.0,17.0,Cartilage-3,0.5571781992912292,0.44282180070877075,0.587121307849884,0.41287875175476074,0.05565417930483818,0.9443458318710327,0.0025825691409409046,0.9974174499511719
Mouse_Brain_E18_MISAR,Mouse brain E18,atac,CTAAGAGAAAGAAGCT-1,31.0,44.0,Diencephalonand hindbrain,0.5731507539749146,0.42684927582740784,0.3995117247104645,0.6004882454872131,0.4680265486240387,0.5319734215736389,0.10103157162666321,0.8989684581756592
Mouse_Brain_E18_MISAR,Mouse brain E18,atac,CTTGCGCCAGAGAAGG-1,37.0,46.0,Diencephalonand hindbrain,0.5255346298217773,0.47446539998054504,0.6402944922447205,0.35970547795295715,0.4037473201751709,0.5962527394294739,0.016499150544404984,0.9835008382797241
Mouse_Brain_E18_MISAR,Mouse brain E18,atac,TTATTCATGCCGCAAC-1,18.0,27.0,Subpallium-2,0.5857464075088501,0.4142535924911499,0.3891493082046509,0.6108506321907043,0.4508815407752991,0.5491184592247009,0.019913576543331146,0.9800864458084106
Mouse_Brain_E18_MISAR,Mouse brain E18,atac,GCTAACTTAGAGCTAT-1,3.0,19.0,DPallm,0.48685362935066223,0.5131464004516602,0.5206552743911743,0.4793447256088257,0.8241307735443115,0.1758691668510437,0.02948616072535515,0.9705138206481934
Mouse_Brain_E18_MISAR,Mouse brain E18,atac,ACTTAACCTGGTCAGC-1,44.0,37.0,Diencephalonand hindbrain,0.5455620288848877,0.4544379711151123,0.5325518250465393,0.4674481749534607,0.26931530237197876,0.7306846976280212,0.0117825111374259,0.9882175326347351
Mouse_Brain_E18_MISAR,Mouse brain E18,atac,TTATTCATGAAGATCG-1,18.0,43.0,DPallm,0.528501570224762,0.4714984893798828,0.4491795003414154,0.550820529460907,0.9712859392166138,0.028714032843708992,0.005321497563272715,0.9946784973144531
Mouse_Brain_E18_MISAR,Mouse brain E18,atac,ACTATGCATGGTCAGC-1,13.0,37.0,DPallm,0.44557949900627136,0.554420530796051,0.4909610152244568,0.5090389847755432,0.9856652021408081,0.014334779232740402,0.006460389122366905,0.9935396313667297
Mouse_Brain_E18_MISAR,Mouse brain E18,atac,TCCTACCAAGAGCTAT-1,29.0,19.0,Diencephalonand hindbrain,0.6927704215049744,0.30722957849502563,0.4900246858596802,0.5099753141403198,0.364428848028183,0.6355711221694946,0.03993332013487816,0.9600667357444763
Mouse_Brain_E18_MISAR,Mouse brain E18,atac,TGCCGGCAAGAGCTAT-1,17.0,19.0,Subpallium-1,0.5663461089134216,0.43365389108657837,0.5839998126029968,0.41600021719932556,0.20559149980545044,0.7944085001945496,0.08650416880846024,0.9134957790374756
Mouse_Brain_E18_MISAR,Mouse brain E18,atac,CCGATTCCTTATTCAT-1,47.0,33.0,Diencephalonand hindbrain,0.596466064453125,0.4035339653491974,0.6202691197395325,0.37973085045814514,0.5143001079559326,0.485699862241745,0.014421485364437103,0.9855785369873047
Mouse_Brain_E18_MISAR,Mouse brain E18,atac,CTGATGGTACTATGCA-1,26.0,38.0,Mesenchyme,0.6174442172050476,0.38255584239959717,0.509121835231781,0.4908781349658966,0.6612692475318909,0.33873072266578674,0.044299110770225525,0.9557008743286133
Mouse_Brain_E18_MISAR,Mouse brain E18,atac,CGAACGCCTTGACTTC-1,49.0,18.0,Cartilage-4,0.5922271013259888,0.4077729284763336,0.47788748145103455,0.5221124887466431,0.174004927277565,0.8259950876235962,0.0042304545640945435,0.9957696199417114
Mouse_Brain_E18_MISAR,Mouse brain E18,atac,GATCTTACGATACGGA-1,27.0,40.0,Diencephalonand hindbrain,0.84232097864151,0.1576789915561676,0.49013057351112366,0.509869396686554,0.7563104033470154,0.24368959665298462,0.011232607066631317,0.9887674450874329
Mouse_Brain_E18_MISAR,Mouse brain E18,atac,ATCATATTTCCGGCCT-1,15.0,45.0,Cartilage-2,0.7104783654212952,0.28952163457870483,0.5018086433410645,0.49819135665893555,0.49831458926200867,0.5016854405403137,0.027240097522735596,0.9727599620819092
Mouse_Brain_E18_MISAR,Mouse brain E18,atac,CAACCGCTCGACGCGA-1,43.0,39.0,Diencephalonand hindbrain,0.5688536763191223,0.4311462938785553,0.6376357674598694,0.3623642325401306,0.4079248309135437,0.5920752286911011,0.022260582074522972,0.9777393937110901
Mouse_Brain_E18_MISAR,Mouse brain E18,atac,CCGAGAATGGTATGCT-1,25.0,49.0,Cartilage-3,0.5349046587944031,0.4650953710079193,0.5334219932556152,0.46657800674438477,0.22624988853931427,0.7737501263618469,0.04084309935569763,0.9591569304466248
Mouse_Brain_E18_MISAR,Mouse brain E18,atac,TCCGGCCTTGGTCAGC-1,6.0,37.0,Cartilage-2,0.5141273140907288,0.48587265610694885,0.5026193261146545,0.49738064408302307,0.6133038997650146,0.38669607043266296,0.04849362000823021,0.9515064358711243
Mouse_Brain_E18_MISAR,Mouse brain E18,atac,TAGATCTATGCCGGCA-1,20.0,34.0,Mesenchyme,0.4862337112426758,0.5137662887573242,0.4493168592453003,0.5506831407546997,0.6455330848693848,0.35446697473526,0.023665139451622963,0.9763349294662476
Mouse_Brain_E18_MISAR,Mouse brain E18,atac,TGAGTCTGGGTACTGC-1,23.0,15.0,Diencephalonand hindbrain,0.46165570616722107,0.5383443236351013,0.5517896413803101,0.44821035861968994,0.4016711115837097,0.5983288884162903,0.02089788019657135,0.9791020750999451
Mouse_Brain_E18_MISAR,Mouse brain E18,atac,ACTTAACCTCTGATAC-1,44.0,42.0,Diencephalonand hindbrain,0.5514945387840271,0.4485054910182953,0.47076931595802307,0.5292306542396545,0.3936501145362854,0.6063498854637146,0.01495838537812233,0.9850415587425232
Mouse_Brain_E18_MISAR,Mouse brain E18,atac,TTATCCGGATCATATT-1,10.0,36.0,DPallm,0.5359837412834167,0.46401622891426086,0.5941600203514099,0.4058400094509125,0.9522148370742798,0.04778518155217171,0.001395762781612575,0.9986042380332947
Mouse_Brain_E18_MISAR,Mouse brain E18,atac,GGCTGAGCGATACGGA-1,48.0,40.0,Diencephalonand hindbrain,0.8213161826133728,0.17868384718894958,0.589342474937439,0.41065752506256104,0.6031752228736877,0.39682477712631226,0.01807454042136669,0.9819254875183105
Mouse_Brain_E18_MISAR,Mouse brain E18,atac,TGCGGACCAATTAAGA-1,22.0,32.0,Mesenchyme,0.44339823722839355,0.5566017627716064,0.5013284683227539,0.4986715614795685,0.479184627532959,0.5208153128623962,0.00875273160636425,0.9912472367286682
Mouse_Brain_E18_MISAR,Mouse brain E18,atac,TGAGTCTGTGCCGGCA-1,23.0,34.0,Cartilage-2,0.6538196802139282,0.3461803197860718,0.5422571301460266,0.45774292945861816,0.7207574844360352,0.27924248576164246,0.022504674270749092,0.9774953722953796
Mouse_Brain_E18_MISAR,Mouse brain E18,atac,TCCTACCAGCCATTCT-1,29.0,17.0,Diencephalonand hindbrain,0.49365466833114624,0.5063453316688538,0.5134087204933167,0.4865912199020386,0.3909379839897156,0.6090620756149292,0.013359107077121735,0.9866408705711365
Mouse_Brain_E18_MISAR,Mouse brain E18,atac,AATTAAGATGCCGGCA-1,19.0,34.0,Mesenchyme,0.43737882375717163,0.5626211166381836,0.39537471532821655,0.6046252250671387,0.8201524615287781,0.17984750866889954,0.014283505268394947,0.9857164621353149
Mouse_Brain_E18_MISAR,Mouse brain E18,atac,TAGAATTATGAGTCTG-1,35.0,28.0,Mesenchyme,0.506101131439209,0.49389883875846863,0.4701366126537323,0.5298633575439453,0.7288973331451416,0.2711026668548584,0.03596945479512215,0.9640305042266846
Mouse_Brain_E18_MISAR,Mouse brain E18,atac,TAGATCTAACCGCCAA-1,20.0,5.0,Muscle,0.6810842156410217,0.3189157545566559,0.48867282271385193,0.5113271474838257,0.22282138466835022,0.7771786451339722,0.0911281630396843,0.9088718295097351
Mouse_Brain_E18_MISAR,Mouse brain E18,atac,AAGAAGCTTGCGGACC-1,7.0,29.0,DPallm,0.4778059422969818,0.5221940875053406,0.60812908411026,0.39187091588974,0.9709959626197815,0.029004056006669998,0.005557406693696976,0.9944426417350769
Mouse_Brain_E18_MISAR,Mouse brain E18,atac,TGGTCAGCGATACGGA-1,14.0,40.0,DPallm,0.5837824940681458,0.41621753573417664,0.5195413827896118,0.4804586172103882,0.9735180139541626,0.026481986045837402,0.0011790941935032606,0.9988208413124084
Mouse_Brain_E18_MISAR,Mouse brain E18,atac,TAGAATTAGATCTTAC-1,35.0,24.0,Mesenchyme,0.5274016261100769,0.4725983142852783,0.4958374500274658,0.504162609577179,0.7350320816040039,0.2649678885936737,0.003836470190435648,0.9961634874343872
Mouse_Brain_E18_MISAR,Mouse brain E18,atac,TGAGTCTGACTTAACC-1,23.0,7.0,Cartilage-2,0.4425576627254486,0.557442307472229,0.6171411275863647,0.38285890221595764,0.09644971787929535,0.9035503268241882,0.04727393016219139,0.9527260661125183
Mouse_Brain_E18_MISAR,Mouse brain E18,atac,ACTTAACCTCCTACCA-1,44.0,22.0,Cartilage-2,0.45691314339637756,0.5430868268013,0.6312500834465027,0.3687499165534973,0.1770084947347641,0.8229915499687195,0.010371029376983643,0.9896289706230164
Mouse_Brain_E18_MISAR,Mouse brain E18,atac,GGTACTGCAGAACGTC-1,36.0,13.0,Cartilage-1,0.3739760220050812,0.6260240077972412,0.5654470324516296,0.43455296754837036,0.23529475927352905,0.764705240726471,0.004762114491313696,0.9952378273010254
Mouse_Brain_E18_MISAR,Mouse brain E18,atac,TTACCGAGTAGATCTA-1,16.0,31.0,DPallv,0.5461225509643555,0.45387744903564453,0.4549361765384674,0.545063853263855,0.8302363753318787,0.16976362466812134,0.01237841509282589,0.9876216053962708
Mouse_Brain_E18_MISAR,Mouse brain E18,atac,CCGATTCCACTCAATA-1,47.0,21.0,Cartilage-2,0.42901191115379333,0.5709880590438843,0.47701725363731384,0.5229827165603638,0.23200014233589172,0.7679998278617859,0.012605852447450161,0.9873940944671631
Mouse_Brain_E18_MISAR,Mouse brain E18,atac,GCCATTCTCATACTCC-1,34.0,47.0,Diencephalonand hindbrain,0.6078563928604126,0.3921435475349426,0.6012259721755981,0.39877399802207947,0.33107882738113403,0.6689211130142212,0.01922658458352089,0.980773389339447
Mouse_Brain_E18_MISAR,Mouse brain E18,atac,GCTAACTTCTGATGGT-1,3.0,25.0,Cartilage-2,0.46616554260253906,0.5338344573974609,0.6398847699165344,0.36011525988578796,0.57430499792099,0.4256950318813324,0.017254415899515152,0.9827455878257751
Mouse_Brain_E18_MISAR,Mouse brain E18,atac,AGAGCTATTCGGCCTT-1,32.0,12.0,Mesenchyme,0.6030007004737854,0.396999329328537,0.38766545057296753,0.6123346090316772,0.6370952129364014,0.36290478706359863,0.010173719376325607,0.9898262023925781
Mouse_Brain_E18_MISAR,Mouse brain E18,atac,CGACGCGACAACCGCT-1,12.0,8.0,Cartilage-2,0.469777911901474,0.5302220582962036,0.49513426423072815,0.5048657059669495,0.22325938940048218,0.7767406702041626,0.001368375145830214,0.9986316561698914
Mouse_Brain_E18_MISAR,Mouse brain E18,atac,CTAAGAGAGCCATTCT-1,31.0,17.0,Diencephalonand hindbrain,0.3666944205760956,0.633305549621582,0.4860844612121582,0.5139155387878418,0.27830860018730164,0.721691370010376,0.014445877633988857,0.9855540990829468
Mouse_Brain_E18_MISAR,Mouse brain E18,atac,GGCTGAGCGCGTTGGA-1,48.0,23.0,Cartilage-2,0.6720052361488342,0.3279947340488434,0.5377008318901062,0.4622991383075714,0.33691373467445374,0.6630862951278687,0.002704806160181761,0.9972952008247375
Mouse_Brain_E18_MISAR,Mouse brain E18,atac,CTGATGGTTCTGATAC-1,26.0,42.0,Cartilage-2,0.3434692621231079,0.6565307378768921,0.5386286377906799,0.46137136220932007,0.4717133343219757,0.5282866954803467,0.027576357126235962,0.9724236726760864
Mouse_Brain_E18_MISAR,Mouse brain E18,atac,TGGTCAGCTAGATCTA-1,14.0,31.0,DPallv,0.48440754413604736,0.5155924558639526,0.6973128318786621,0.3026871383190155,0.910205066204071,0.08979499340057373,0.006343410350382328,0.993656575679779
Mouse_Brain_E18_MISAR,Mouse brain E18,atac,TGAGTCTGGCGTTGGA-1,23.0,23.0,Diencephalonand hindbrain,0.5110899209976196,0.488910049200058,0.5340022444725037,0.46599775552749634,0.56602942943573,0.43397057056427,0.012705840170383453,0.9872941374778748
Mouse_Brain_E18_MISAR,Mouse brain E18,atac,GCGTTGGAGGTATGCT-1,28.0,49.0,Mesenchyme,0.8056113719940186,0.19438867270946503,0.5025132298469543,0.49748679995536804,0.3621130585670471,0.6378869414329529,0.05473620072007179,0.9452637434005737
Mouse_Brain_E18_MISAR,Mouse brain E18,atac,TGAGTCTGACTATGCA-1,23.0,38.0,DPallm,0.5248916745185852,0.4751083552837372,0.5622339248657227,0.43776601552963257,0.9204517602920532,0.07954826951026917,0.002934276359155774,0.9970657229423523
Mouse_Brain_E18_MISAR,Mouse brain E18,atac,ACTTAACCGATACGGA-1,44.0,40.0,Diencephalonand hindbrain,0.6632515788078308,0.33674848079681396,0.4722675085067749,0.5277324914932251,0.3709045350551605,0.6290954351425171,0.029099173843860626,0.9709007740020752
Mouse_Brain_E18_MISAR,Mouse brain E18,atac,TCCGGCCTAGAACGTC-1,6.0,13.0,DPallm,0.7369601130485535,0.26303982734680176,0.574795663356781,0.4252043068408966,0.8609837889671326,0.13901619613170624,0.009785096161067486,0.9902149438858032
Mouse_Brain_E18_MISAR,Mouse brain E18,atac,TCCTACCAGAAGATCG-1,29.0,43.0,Diencephalonand hindbrain,0.5189518928527832,0.4810481667518616,0.5117191076278687,0.48828086256980896,0.6727654933929443,0.3272344768047333,0.014813133515417576,0.9851868748664856
Mouse_Brain_E18_MISAR,Mouse brain E18,atac,CTTGCGCCAACCTGCG-1,37.0,50.0,Diencephalonand hindbrain,0.6747459769248962,0.32525405287742615,0.44480016827583313,0.5551998019218445,0.220455139875412,0.7795448303222656,0.006895960308611393,0.9931040406227112
Mouse_Brain_E18_MISAR,Mouse brain E18,atac,GATACGGAACGGAGGC-1,11.0,30.0,DPallm,0.7386300563812256,0.2613699436187744,0.47406005859375,0.5259398818016052,0.9700764417648315,0.029923610389232635,0.028560765087604523,0.9714392423629761
Mouse_Brain_E18_MISAR,Mouse brain E18,atac,CATACTCCTCGGCCTT-1,4.0,12.0,Cartilage-2,0.7307194471359253,0.2692805528640747,0.4889284372329712,0.5110715627670288,0.6790704131126404,0.32092955708503723,0.017588909715414047,0.9824110865592957
Mouse_Brain_E18_MISAR,Mouse brain E18,atac,GGTATGCTGGTACTGC-1,2.0,15.0,Cartilage-3,0.6878629922866821,0.31213703751564026,0.8194503784179688,0.18054962158203125,0.05334803834557533,0.9466519951820374,0.002606426365673542,0.9973936080932617
Mouse_Brain_E18_MISAR,Mouse brain E18,atac,CTTGCGCCTCTGATAC-1,37.0,42.0,Diencephalonand hindbrain,0.5481471419334412,0.4518528878688812,0.45721837878227234,0.5427815914154053,0.47374778985977173,0.5262522101402283,0.011850914917886257,0.988149106502533
Mouse_Brain_E18_MISAR,Mouse brain E18,atac,ACTTAACCCATACTCC-1,44.0,47.0,Cartilage-2,0.812425434589386,0.18757450580596924,0.5223164558410645,0.47768351435661316,0.15501350164413452,0.8449864387512207,0.0037323322612792253,0.9962677359580994
Mouse_Brain_E18_MISAR,Mouse brain E18,atac,ACTCAATAGCCGCAAC-1,30.0,27.0,Diencephalonand hindbrain,0.6184375286102295,0.38156241178512573,0.4955464005470276,0.5044535994529724,0.2394181340932846,0.7605818510055542,0.05245251581072807,0.9475475549697876
Mouse_Brain_E18_MISAR,Mouse brain E18,atac,CCGATTCCGAAGATCG-1,47.0,43.0,Diencephalonand hindbrain,0.3610280454158783,0.6389719843864441,0.5923676490783691,0.40763235092163086,0.7422565817832947,0.2577434480190277,0.03521290421485901,0.9647871255874634
Mouse_Brain_E18_MISAR,Mouse brain E18,atac,GCAGGTCCCGACGCGA-1,40.0,39.0,Diencephalonand hindbrain,0.46948423981666565,0.530515730381012,0.43532097339630127,0.5646790266036987,0.5718356966972351,0.4281642436981201,0.008583984337747097,0.9914160370826721
Mouse_Brain_E18_MISAR,Mouse brain E18,atac,TAGAGTAATGGTCAGC-1,41.0,37.0,Diencephalonand hindbrain,0.5449154376983643,0.45508456230163574,0.6353762149810791,0.3646237254142761,0.6336347460746765,0.3663652837276459,0.006938332226127386,0.9930616021156311
Mouse_Brain_E18_MISAR,Mouse brain E18,atac,AATTAAGAGACCTTGA-1,19.0,9.0,Subpallium-1,0.6365006566047668,0.3634992837905884,0.46227625012397766,0.5377237796783447,0.5621486306190491,0.4378513991832733,0.005244706757366657,0.9947552680969238
Mouse_Brain_E18_MISAR,Mouse brain E18,atac,TCCGGCCTTTATTCAT-1,6.0,33.0,Cartilage-2,0.6710636615753174,0.3289363384246826,0.5728339552879333,0.42716607451438904,0.6076452136039734,0.39235472679138184,0.02746737189590931,0.9725325703620911
Mouse_Brain_E18_MISAR,Mouse brain E18,atac,TTATCCGGACGGAGGC-1,10.0,30.0,DPallm,0.4671040177345276,0.5328959822654724,0.6174201369285583,0.38257986307144165,0.9779368042945862,0.022063221782445908,0.037627726793289185,0.9623722434043884
Mouse_Brain_E18_MISAR,Mouse brain E18,atac,CGACGCGAACTATGCA-1,12.0,38.0,DPallm,0.49399396777153015,0.5060060620307922,0.5794293880462646,0.4205705523490906,0.9647059440612793,0.035294052213430405,0.0007669425685890019,0.9992330074310303
Mouse_Brain_E18_MISAR,Mouse brain E18,atac,ATCATATTGCGTTGGA-1,15.0,23.0,Subpallium-1,0.443717360496521,0.5562825798988342,0.4588901996612549,0.5411098003387451,0.12832628190517426,0.8716737627983093,0.12781165540218353,0.8721883296966553
Mouse_Brain_E18_MISAR,Mouse brain E18,atac,AAGAAGCTTTACCGAG-1,7.0,35.0,Cartilage-2,0.6892046332359314,0.3107953369617462,0.48948875069618225,0.5105112791061401,0.3605630397796631,0.6394369602203369,0.04076093062758446,0.9592390656471252
Mouse_Brain_E18_MISAR,Mouse brain E18,atac,CGAACGCCCCGAGAAT-1,49.0,26.0,Diencephalonand hindbrain,0.7268783450126648,0.27312159538269043,0.5117022395133972,0.48829779028892517,0.3699420988559723,0.6300579309463501,0.015038941986858845,0.9849610328674316
Mouse_Brain_E18_MISAR,Mouse brain E18,atac,CGAACGCCGCTAACTT-1,49.0,48.0,Midbrain,0.46932166814804077,0.530678391456604,0.46397459506988525,0.5360254049301147,0.06499063968658447,0.9350093007087708,0.002821688074618578,0.997178316116333
Mouse_Brain_E18_MISAR,Mouse brain E18,atac,GCGTTGGACCAGTTCC-1,28.0,6.0,Cartilage-1,0.5177414417266846,0.4822585880756378,0.619120717048645,0.38087931275367737,0.36010393500328064,0.639896035194397,0.003319117007777095,0.9966809153556824
Mouse_Brain_E18_MISAR,Mouse brain E18,atac,CCGATTCCTAGATCTA-1,47.0,31.0,Diencephalonand hindbrain,0.7460156083106995,0.2539844512939453,0.5548354983329773,0.4451645314693451,0.4983643591403961,0.5016356110572815,0.053618524223566055,0.9463814496994019
Mouse_Brain_E18_MISAR,Mouse brain E18,atac,TCCGGCCTATCATATT-1,6.0,36.0,Cartilage-2,0.6597126126289368,0.34028738737106323,0.4826924502849579,0.5173075199127197,0.5100542306900024,0.48994579911231995,0.0868932232260704,0.9131067991256714
Mouse_Brain_E18_MISAR,Mouse brain E18,atac,TGCGGACCCTAAGAGA-1,22.0,20.0,Diencephalonand hindbrain,0.5241442918777466,0.47585567831993103,0.5926066040992737,0.4073934257030487,0.26088371872901917,0.7391163110733032,0.04403647407889366,0.9559635519981384
Mouse_Brain_E18_MISAR,Mouse brain E18,atac,CTTGCGCCGACCTTGA-1,37.0,9.0,Cartilage-1,0.6772743463516235,0.32272565364837646,0.7287769913673401,0.27122294902801514,0.28583061695098877,0.7141693830490112,0.005707993637770414,0.9942920207977295
Mouse_Brain_E18_MISAR,Mouse brain E18,atac,GAAGATCGGATACGGA-1,8.0,40.0,Cartilage-2,0.6934565901756287,0.30654340982437134,0.6194635629653931,0.3805364966392517,0.653669536113739,0.3463304936885834,0.00659618666395545,0.9934038519859314
Mouse_Brain_E18_MISAR,Mouse brain E18,atac,TTATCCGGTTGACTTC-1,10.0,18.0,Subpallium-1,0.6027936935424805,0.39720630645751953,0.5682370066642761,0.4317629635334015,0.09298837184906006,0.9070116877555847,0.02265283092856407,0.977347195148468
Mouse_Brain_E18_MISAR,Mouse brain E18,atac,GCAGGTCCACGGAGGC-1,40.0,30.0,Diencephalonand hindbrain,0.8622010350227356,0.1377989947795868,0.5282424688339233,0.47175753116607666,0.3869240880012512,0.613075852394104,0.018462054431438446,0.981537938117981
Mouse_Brain_E18_MISAR,Mouse brain E18,atac,ACCGCCAAGCGTTGGA-1,46.0,23.0,Cartilage-2,0.49857571721076965,0.501424252986908,0.4768979251384735,0.5231020450592041,0.3586554229259491,0.6413445472717285,0.00696263462305069,0.9930374026298523
Mouse_Brain_E18_MISAR,Mouse brain E18,atac,GCCGCAACCTGATGGT-1,24.0,25.0,Diencephalonand hindbrain,0.49372297525405884,0.5062770843505859,0.5435665845870972,0.45643341541290283,0.17286032438278198,0.827139675617218,0.018512587994337082,0.9814873933792114
Mouse_Brain_E18_MISAR,Mouse brain E18,atac,ACTCAATAGCTAACTT-1,30.0,48.0,Diencephalonand hindbrain,0.6215052604675293,0.3784947395324707,0.5335573554039001,0.46644261479377747,0.4057665169239044,0.594233512878418,0.022801505401730537,0.9771984815597534
Mouse_Brain_E18_MISAR,Mouse brain E18,atac,CCGATTCCAAGAAGCT-1,47.0,44.0,Diencephalonand hindbrain,0.6244685053825378,0.37553152441978455,0.5340304970741272,0.4659695029258728,0.6337134838104248,0.3662865161895752,0.03180259093642235,0.9681974649429321
Mouse_Brain_E18_MISAR,Mouse brain E18,atac,TTACCGAGTCGGCCTT-1,16.0,12.0,Diencephalonand hindbrain,0.5464742183685303,0.4535257816314697,0.5945048332214355,0.40549513697624207,0.42745015025138855,0.5725498795509338,0.03829869627952576,0.9617013335227966
Mouse_Brain_E18_MISAR,Mouse brain E18,atac,TCCGGCCTGATCTTAC-1,6.0,24.0,DPallm,0.5348120927810669,0.4651879370212555,0.43629664182662964,0.5637033581733704,0.9697481989860535,0.03025183267891407,0.014541319571435452,0.9854587316513062
Mouse_Brain_E18_MISAR,Mouse brain E18,atac,ATAAGGAGTCCTACCA-1,50.0,22.0,Cartilage-2,0.6975101828575134,0.30248987674713135,0.577052116394043,0.4229479134082794,0.38146090507507324,0.618539035320282,0.016895655542612076,0.9831043481826782
Mouse_Brain_E18_MISAR,Mouse brain E18,atac,GCCATTCTAGAGAAGG-1,34.0,46.0,Diencephalonand hindbrain,0.5874959230422974,0.41250407695770264,0.5743356943130493,0.4256642758846283,0.40336647629737854,0.5966335535049438,0.012476527132093906,0.9875234961509705
Mouse_Brain_E18_MISAR,Mouse brain E18,atac,CTAAGAGAGAAGATCG-1,31.0,43.0,Diencephalonand hindbrain,0.46297353506088257,0.5370264649391174,0.460660457611084,0.539339542388916,0.5780603289604187,0.4219397008419037,0.06492860615253448,0.9350714087486267
Mouse_Brain_E18_MISAR,Mouse brain E18,atac,ACCGCCAATTACCGAG-1,46.0,35.0,Diencephalonand hindbrain,0.5374048948287964,0.462595134973526,0.4799979031085968,0.5200020670890808,0.5714815258979797,0.42851847410202026,0.028794746845960617,0.9712052941322327
Mouse_Brain_E18_MISAR,Mouse brain E18,atac,TGCCGGCAGCCATTCT-1,17.0,17.0,Subpallium-1,0.46086588501930237,0.5391340851783752,0.5375356078147888,0.4624643623828888,0.1789938062429428,0.8210062384605408,0.0268081184476614,0.9731918573379517
Mouse_Brain_E18_MISAR,Mouse brain E18,atac,GACCTTGATGGTCAGC-1,42.0,37.0,Diencephalonand hindbrain,0.5695382952690125,0.43046170473098755,0.5323288440704346,0.4676712155342102,0.5536451935768127,0.44635480642318726,0.005704806186258793,0.9942951798439026
Mouse_Brain_E18_MISAR,Mouse brain E18,atac,TAGAGTAAGATACGGA-1,41.0,40.0,Diencephalonand hindbrain,0.8264396786689758,0.17356033623218536,0.5278438925743103,0.4721560776233673,0.5720332860946655,0.4279667139053345,0.022398948669433594,0.9776010513305664
Mouse_Brain_E18_MISAR,Mouse brain E18,atac,ATAAGGAGAATTAAGA-1,50.0,32.0,Diencephalonand hindbrain,0.6467911005020142,0.35320889949798584,0.5020312666893005,0.49796876311302185,0.5997784733772278,0.4002215266227722,0.013281290419399738,0.9867187142372131
Mouse_Brain_E18_MISAR,Mouse brain E18,atac,TCCGGCCTTCCTACCA-1,6.0,22.0,DPallm,0.618018388748169,0.38198164105415344,0.46540898084640503,0.534591019153595,0.8981017470359802,0.1018982008099556,0.04470476880669594,0.9552952647209167
Mouse_Brain_E18_MISAR,Mouse brain E18,atac,TTGACTTCTAGATCTA-1,33.0,31.0,Diencephalonand hindbrain,0.5440282821655273,0.45597171783447266,0.4537123441696167,0.5462877154350281,0.7427701354026794,0.25722992420196533,0.01968645676970482,0.9803135991096497
Mouse_Brain_E18_MISAR,Mouse brain E18,atac,GATACGGAGCCATTCT-1,11.0,17.0,Subpallium-1,0.3612740635871887,0.6387259364128113,0.5746179223060608,0.4253821074962616,0.12567894160747528,0.8743211030960083,0.01626545377075672,0.9837344884872437
Mouse_Brain_E18_MISAR,Mouse brain E18,atac,ACCGCCAAGCCATTCT-1,46.0,17.0,Cartilage-2,0.44533678889274597,0.5546632409095764,0.5117941498756409,0.48820585012435913,0.24054254591464996,0.7594574689865112,0.005095791071653366,0.9949041604995728
Mouse_Brain_E18_MISAR,Mouse brain E18,atac,GATACGGAACTATGCA-1,11.0,38.0,DPallm,0.5020443797111511,0.4979556202888489,0.5797407627105713,0.42025917768478394,0.9502941966056824,0.04970580339431763,0.0009298897930420935,0.9990701079368591
Mouse_Brain_E18_MISAR,Mouse brain E18,atac,CTTGCGCCTGAGTCTG-1,37.0,28.0,Mesenchyme,0.3811373710632324,0.6188626885414124,0.49691006541252136,0.5030899047851562,0.33466991782188416,0.6653300523757935,0.014787901192903519,0.9852120876312256
Mouse_Brain_E18_MISAR,Mouse brain E18,atac,GAAGATCGTAGAATTA-1,8.0,16.0,DPallm,0.4866543412208557,0.5133456587791443,0.5166170001029968,0.48338302969932556,0.5899900794029236,0.4100099205970764,0.0344773568212986,0.9655225872993469
Mouse_Brain_E18_MISAR,Mouse brain E18,atac,AGAGAAGGGCCGCAAC-1,5.0,27.0,DPallm,0.49519795179367065,0.5048020482063293,0.5966447591781616,0.403355211019516,0.91969895362854,0.08030103147029877,0.005914805456995964,0.9940851926803589
Mouse_Brain_E18_MISAR,Mouse brain E18,atac,CATACTCCGCGTTGGA-1,4.0,23.0,DPallm,0.43058913946151733,0.5694109201431274,0.5498562455177307,0.4501437544822693,0.9544360637664795,0.045563969761133194,0.003314337460324168,0.9966856837272644
Mouse_Brain_E18_MISAR,Mouse brain E18,atac,AAGAAGCTGCCGCAAC-1,7.0,27.0,DPallm,0.43080025911331177,0.5691997408866882,0.4865541458129883,0.5134459137916565,0.942264199256897,0.05773581564426422,0.01690760999917984,0.9830923676490784
Mouse_Brain_E18_MISAR,Mouse brain E18,atac,GATACGGATCGGCCTT-1,11.0,12.0,DPallm,0.8152854442596436,0.18471452593803406,0.5061226487159729,0.4938773810863495,0.6698074340820312,0.33019253611564636,0.0483834408223629,0.9516165256500244
Mouse_Brain_E18_MISAR,Mouse brain E18,atac,AGAGAAGGGATCTTAC-1,5.0,24.0,DPallm,0.5423636436462402,0.45763641595840454,0.47953882813453674,0.5204612016677856,0.9556646347045898,0.04433538764715195,0.0034848148934543133,0.996515154838562
Mouse_Brain_E18_MISAR,Mouse brain E18,atac,GAAGATCGGCCATTCT-1,8.0,17.0,DPallv,0.6694931983947754,0.3305068016052246,0.671464204788208,0.328535795211792,0.38857564330101013,0.6114243865013123,0.08441533148288727,0.9155846834182739
Mouse_Brain_E18_MISAR,Mouse brain E18,atac,TGAGTCTGCCGAGAAT-1,23.0,26.0,Diencephalonand hindbrain,0.674430251121521,0.3255697786808014,0.49440938234329224,0.5055906176567078,0.08953094482421875,0.9104689955711365,0.018632100895047188,0.9813678860664368
Mouse_Brain_E18_MISAR,Mouse brain E18,atac,ACGGAGGCTTATCCGG-1,21.0,41.0,DPallv,0.5000252723693848,0.4999747574329376,0.5034570097923279,0.4965429902076721,0.8825687170028687,0.11743128299713135,0.0043057044968008995,0.9956942796707153
Mouse_Brain_E18_MISAR,Mouse brain E18,atac,TCTGATACCTAAGAGA-1,9.0,20.0,DPallv,0.566849946975708,0.43315011262893677,0.6341000199317932,0.3659000098705292,0.7814086079597473,0.21859143674373627,0.03921790048480034,0.9607821106910706
Mouse_Brain_E18_MISAR,Mouse brain E18,atac,CCGAGAATTTATCCGG-1,25.0,41.0,DPallm,0.5232847929000854,0.47671523690223694,0.5456331968307495,0.4543668031692505,0.8609585762023926,0.13904142379760742,0.004963239189237356,0.995036780834198
Mouse_Brain_E18_MISAR,Mouse brain E18,atac,TGCCGGCAACCGCCAA-1,17.0,5.0,Cartilage-3,0.646308422088623,0.35369157791137695,0.5024717450141907,0.4975282847881317,0.20372791588306427,0.7962720394134521,0.0009067816426977515,0.9990931749343872
Mouse_Brain_E18_MISAR,Mouse brain E18,atac,CAACCGCTAGAGCTAT-1,43.0,19.0,Cartilage-2,0.4112982749938965,0.5887017846107483,0.6657515168190002,0.33424851298332214,0.16588766872882843,0.8341123461723328,0.007622154895216227,0.9923778772354126
Mouse_Brain_E18_MISAR,Mouse brain E18,atac,ACTATGCAGATACGGA-1,13.0,40.0,DPallm,0.4850911796092987,0.5149087905883789,0.5859052538871765,0.41409480571746826,0.969102680683136,0.030897313728928566,0.0004946254193782806,0.9995054006576538
Mouse_Brain_E18_MISAR,Mouse brain E18,atac,TTACCGAGGAAGATCG-1,16.0,43.0,DPallm,0.5665004849433899,0.4334994852542877,0.5245321989059448,0.47546783089637756,0.9730832576751709,0.02691677026450634,0.0009362364071421325,0.9990637898445129
Mouse_Brain_E18_MISAR,Mouse brain E18,atac,CTAAGAGACTTGCGCC-1,31.0,14.0,Cartilage-2,0.6324476003646851,0.36755242943763733,0.4914203882217407,0.5085796117782593,0.2108968049287796,0.7891032099723816,0.012085631489753723,0.9879143834114075
Mouse_Brain_E18_MISAR,Mouse brain E18,atac,TGCCGGCAAAGAAGCT-1,17.0,44.0,DPallm,0.5563551783561707,0.44364476203918457,0.5264603495597839,0.4735396206378937,0.952485978603363,0.04751402512192726,0.0027388869784772396,0.9972610473632812
Mouse_Brain_E18_MISAR,Mouse brain E18,atac,ATCATATTTCTGATAC-1,15.0,42.0,DPallm,0.5214042663574219,0.4785957932472229,0.45154696702957153,0.5484530329704285,0.9759870767593384,0.024012897163629532,0.0007476944592781365,0.9992522597312927
Mouse_Brain_E18_MISAR,Mouse brain E18,atac,ACTCAATACTAAGAGA-1,30.0,20.0,Cartilage-4,0.8231342434883118,0.17686572670936584,0.5494285821914673,0.4505714178085327,0.5202617645263672,0.4797382056713104,0.04595864936709404,0.9540413618087769
Mouse_Brain_E18_MISAR,Mouse brain E18,atac,CAACCGCTTGCGGACC-1,43.0,29.0,Diencephalonand hindbrain,0.4651983082294464,0.534801721572876,0.5420721769332886,0.45792779326438904,0.683724045753479,0.3162759840488434,0.049139656126499176,0.9508603811264038
Mouse_Brain_E18_MISAR,Mouse brain E18,atac,TGGTCAGCTCTGATAC-1,14.0,42.0,DPallm,0.5936659574508667,0.4063340723514557,0.39653390645980835,0.6034660935401917,0.9277668595314026,0.07223314046859741,0.0010502297664061189,0.9989498257637024
Mouse_Brain_E18_MISAR,Mouse brain E18,atac,AATTAAGAGAAGATCG-1,19.0,43.0,DPallm,0.4178570806980133,0.5821429491043091,0.467104434967041,0.5328956246376038,0.938335120677948,0.061664920300245285,0.004803473129868507,0.995196521282196
Mouse_Brain_E18_MISAR,Mouse brain E18,atac,AGAACGTCTGCGGACC-1,38.0,29.0,Mesenchyme,0.5608012676239014,0.43919873237609863,0.4761987626552582,0.5238012075424194,0.7185706496238708,0.28142932057380676,0.007841868326067924,0.9921581745147705
Mouse_Brain_E18_MISAR,Mouse brain E18,atac,GGTACTGCTAGAATTA-1,36.0,16.0,Mesenchyme,0.45920708775520325,0.5407928824424744,0.5167377591133118,0.48326224088668823,0.11773444712162018,0.8822655081748962,0.02053402177989483,0.9794659614562988
Mouse_Brain_E18_MISAR,Mouse brain E18,atac,TCCTACCAACGGAGGC-1,29.0,30.0,Diencephalonand hindbrain,0.39246413111686707,0.6075358390808105,0.44256582856178284,0.5574341416358948,0.6082530617713928,0.3917469084262848,0.01304624043405056,0.9869537949562073
Mouse_Brain_E18_MISAR,Mouse brain E18,atac,TCTGATACTAGATCTA-1,9.0,31.0,DPallm,0.5931509137153625,0.4068491458892822,0.4088577628135681,0.5911421775817871,0.9701414108276367,0.02985857054591179,0.020313451066613197,0.9796864986419678
Mouse_Brain_E18_MISAR,Mouse brain E18,atac,GCTAACTTTTGACTTC-1,3.0,18.0,DPallm,0.4055311977863312,0.5944688320159912,0.5148977637290955,0.48510223627090454,0.7427937388420105,0.2572062611579895,0.013249359093606472,0.9867506623268127
Mouse_Brain_E18_MISAR,Mouse brain E18,atac,TTATCCGGAGAACGTC-1,10.0,13.0,DPallm,0.4773459732532501,0.5226540565490723,0.5645354986190796,0.4354645013809204,0.8229776620864868,0.17702238261699677,0.015893327072262764,0.9841066598892212
Mouse_Brain_E18_MISAR,Mouse brain E18,atac,TTATTCATTAGATCTA-1,18.0,31.0,Mesenchyme,0.6719216108322144,0.32807841897010803,0.4791194796562195,0.5208805203437805,0.7727214097976685,0.22727863490581512,0.008729719556868076,0.9912703037261963
Mouse_Brain_E18_MISAR,Mouse brain E18,atac,GGCTGAGCGCTAACTT-1,48.0,48.0,Midbrain,0.4537143409252167,0.5462856888771057,0.47342970967292786,0.5265702605247498,0.08481296896934509,0.9151870608329773,0.005959455855190754,0.9940405488014221
Mouse_Brain_E18_MISAR,Mouse brain E18,atac,CCGAGAATGAAGATCG-1,25.0,43.0,DPallm,0.47042974829673767,0.5295702815055847,0.5553582310676575,0.4446417987346649,0.9242110252380371,0.07578899711370468,0.004733534995466471,0.9952664375305176
Mouse_Brain_E18_MISAR,Mouse brain E18,atac,CGACGCGATGAGTCTG-1,12.0,28.0,DPallv,0.6738110780715942,0.32618895173072815,0.5001426339149475,0.4998573958873749,0.9092618823051453,0.09073811769485474,0.006637093145400286,0.9933629035949707
Mouse_Brain_E18_MISAR,Mouse brain E18,atac,TAGAGTAATGAGTCTG-1,41.0,28.0,Diencephalonand hindbrain,0.5588266849517822,0.44117334485054016,0.6380924582481384,0.3619075417518616,0.5003204345703125,0.4996795654296875,0.010126223787665367,0.9898737668991089
Mouse_Brain_E18_MISAR,Mouse brain E18,atac,AGAGAAGGACTCAATA-1,5.0,21.0,DPallm,0.52812260389328,0.4718773365020752,0.5736755132675171,0.4263244867324829,0.933691680431366,0.06630831211805344,0.0053967139683663845,0.9946032166481018
Mouse_Brain_E18_MISAR,Mouse brain E18,atac,TCTGATACGCCGCAAC-1,9.0,27.0,DPallm,0.4557747542858124,0.5442252159118652,0.6233251094818115,0.37667492032051086,0.9695010781288147,0.030498893931508064,0.032216936349868774,0.9677830338478088
Mouse_Brain_E18_MISAR,Mouse brain E18,atac,CCGAGAATAAGAAGCT-1,25.0,44.0,Mesenchyme,0.6997458934783936,0.30025410652160645,0.4618928134441376,0.5381072163581848,0.4119762182235718,0.5880237221717834,0.01681133732199669,0.9831886887550354
Mouse_Brain_E18_MISAR,Mouse brain E18,atac,CCAGTTCCTGGTCAGC-1,45.0,37.0,Diencephalonand hindbrain,0.5659326910972595,0.4340673089027405,0.5533892512321472,0.4466107487678528,0.4778883159160614,0.5221116542816162,0.018813129514455795,0.9811868667602539
Mouse_Brain_E18_MISAR,Mouse brain E18,atac,ATCATATTTCGGCCTT-1,15.0,12.0,DPallm,0.6433601379394531,0.3566398322582245,0.46452537178993225,0.5354745984077454,0.6553277373313904,0.34467220306396484,0.023134632036089897,0.9768654108047485
Mouse_Brain_E18_MISAR,Mouse brain E18,atac,ACTCAATACAACCGCT-1,30.0,8.0,Cartilage-4,0.5416749119758606,0.4583250880241394,0.49286702275276184,0.5071330070495605,0.4991461932659149,0.5008537769317627,0.00551910325884819,0.9944808483123779
Mouse_Brain_E18_MISAR,Mouse brain E18,atac,TAGATCTATTGACTTC-1,20.0,18.0,Subpallium-1,0.34213098883628845,0.6578689813613892,0.516541600227356,0.48345839977264404,0.2120053768157959,0.7879946231842041,0.02734716609120369,0.972652792930603
Mouse_Brain_E18_MISAR,Mouse brain E18,atac,CATACTCCGATCTTAC-1,4.0,24.0,DPallm,0.44828546047210693,0.5517145395278931,0.557820200920105,0.442179799079895,0.9564211368560791,0.043578892946243286,0.0036657110322266817,0.9963343143463135
Mouse_Brain_E18_MISAR,Mouse brain E18,atac,CATACTCCTAGAATTA-1,4.0,16.0,DPallm,0.721973717212677,0.2780263125896454,0.5937438011169434,0.40625616908073425,0.40825173258781433,0.5917482376098633,0.041792456060647964,0.9582075476646423
Mouse_Brain_E18_MISAR,Mouse brain E18,atac,ATCATATTACTATGCA-1,15.0,38.0,DPallm,0.543485164642334,0.45651477575302124,0.47468385100364685,0.5253161191940308,0.9538054466247559,0.046194590628147125,0.006315286736935377,0.993684709072113
Mouse_Brain_E18_MISAR,Mouse brain E18,atac,TCCGGCCTTGCGGACC-1,6.0,29.0,DPallm,0.4835129380226135,0.5164870619773865,0.5719964504241943,0.4280035197734833,0.9626599550247192,0.037340085953474045,0.003193443873897195,0.9968066215515137
Mouse_Brain_E18_MISAR,Mouse brain E18,atac,CTGATGGTGGTACTGC-1,26.0,15.0,Diencephalonand hindbrain,0.39160165190696716,0.6083983778953552,0.5445359349250793,0.4554640054702759,0.5290020704269409,0.4709979295730591,0.018347032368183136,0.9816529154777527
Mouse_Brain_E18_MISAR,Mouse brain E18,atac,GGTACTGCCAACCGCT-1,36.0,8.0,Cartilage-3,0.43459653854370117,0.5654034614562988,0.5136902928352356,0.48630964756011963,0.12844915688037872,0.8715508580207825,0.004649865906685591,0.9953501224517822
Mouse_Brain_E18_MISAR,Mouse brain E18,atac,GACCTTGATAGAGTAA-1,42.0,10.0,Muscle,0.5222026109695435,0.47779741883277893,0.4467291235923767,0.5532708764076233,0.0814371407032013,0.9185628294944763,0.0940990000963211,0.9059010148048401
Mouse_Brain_E18_MISAR,Mouse brain E18,atac,TCCGGCCTGCCATTCT-1,6.0,17.0,DPallm,0.4869620203971863,0.5130379796028137,0.5402113795280457,0.45978862047195435,0.6251024007797241,0.37489762902259827,0.06540091335773468,0.9345991015434265
Mouse_Brain_E18_MISAR,Mouse brain E18,atac,TGGTCAGCTGAGTCTG-1,14.0,28.0,DPallv,0.5729232430458069,0.4270767271518707,0.4938386082649231,0.5061613321304321,0.8121930360794067,0.18780702352523804,0.006605297327041626,0.993394672870636
Mouse_Brain_E18_MISAR,Mouse brain E18,atac,TCCGGCCTTTGACTTC-1,6.0,18.0,DPallm,0.4908629059791565,0.5091370940208435,0.522280752658844,0.4777192175388336,0.7411727905273438,0.2588271498680115,0.03954648971557617,0.9604535698890686
Mouse_Brain_E18_MISAR,Mouse brain E18,atac,CGACGCGATCGGCCTT-1,12.0,12.0,DPallm,0.4669123888015747,0.5330876111984253,0.5165634155273438,0.4834365248680115,0.6734409332275391,0.32655906677246094,0.021193692460656166,0.9788063168525696
Mouse_Brain_E18_MISAR,Mouse brain E18,atac,ATAAGGAGACTCAATA-1,50.0,21.0,Cartilage-2,0.5300209522247314,0.4699789881706238,0.4630938470363617,0.5369061827659607,0.26317358016967773,0.7368264198303223,0.014052174985408783,0.985947847366333
Mouse_Brain_E18_MISAR,Mouse brain E18,atac,TCGGCCTTTAGAATTA-1,39.0,16.0,Cartilage-1,0.4013667106628418,0.5986332893371582,0.5424031615257263,0.4575968384742737,0.047369569540023804,0.9526304006576538,0.0011859461665153503,0.9988141059875488
Mouse_Brain_E18_MISAR,Mouse brain E18,atac,TTATCCGGGACCTTGA-1,10.0,9.0,Diencephalonand hindbrain,0.5006922483444214,0.499307781457901,0.4943590462207794,0.505640983581543,0.4863155484199524,0.5136844515800476,0.005213622935116291,0.9947863817214966
Mouse_Brain_E18_MISAR,Mouse brain E18,atac,TAGATCTATCCGGCCT-1,20.0,45.0,DPallm,0.6187258362770081,0.38127416372299194,0.5856813788414001,0.41431865096092224,0.8635584115982056,0.13644163310527802,0.0030458143446594477,0.9969542026519775
Mouse_Brain_E18_MISAR,Mouse brain E18,atac,GGCTGAGCCGACGCGA-1,48.0,39.0,Diencephalonand hindbrain,0.3707481026649475,0.6292519569396973,0.5412731170654297,0.4587268829345703,0.6455651521682739,0.3544347882270813,0.014126438647508621,0.9858735799789429
Mouse_Brain_E18_MISAR,Mouse brain E18,atac,AGAGCTATGACCTTGA-1,32.0,9.0,Cartilage-1,0.5552078485488892,0.44479212164878845,0.594953715801239,0.40504634380340576,0.10903829336166382,0.890961766242981,0.008113307878375053,0.9918866753578186
Mouse_Brain_E18_MISAR,Mouse brain E18,atac,TTGACTTCGATACGGA-1,33.0,40.0,Diencephalonand hindbrain,0.7509375214576721,0.24906250834465027,0.5235238671302795,0.47647610306739807,0.6141663193702698,0.3858337104320526,0.042326174676418304,0.9576738476753235
Mouse_Brain_E18_MISAR,Mouse brain E18,atac,GCGTTGGATTGACTTC-1,28.0,18.0,Diencephalonand hindbrain,0.6028771996498108,0.397122859954834,0.47707679867744446,0.5229232311248779,0.2582700550556183,0.7417299151420593,0.04240015894174576,0.9575998187065125
Mouse_Brain_E18_MISAR,Mouse brain E18,atac,GATACGGAGGTACTGC-1,11.0,15.0,DPallm,0.5269855856895447,0.47301438450813293,0.6277501583099365,0.3722497820854187,0.5477606654167175,0.45223939418792725,0.03181910142302513,0.9681808948516846
Mouse_Brain_E18_MISAR,Mouse brain E18,atac,CCAGTTCCGATACGGA-1,45.0,40.0,Diencephalonand hindbrain,0.5013207793235779,0.4986792206764221,0.5406607389450073,0.4593392312526703,0.3783537745475769,0.6216462254524231,0.026289677247405052,0.9737103581428528
Mouse_Brain_E18_MISAR,Mouse brain E18,atac,TAGAGTAAGAAGATCG-1,41.0,43.0,Diencephalonand hindbrain,0.5989323258399963,0.40106770396232605,0.4555457830429077,0.5444541573524475,0.5049209594726562,0.49507904052734375,0.009894597344100475,0.9901054501533508
Mouse_Brain_E18_MISAR,Mouse brain E18,atac,ATAAGGAGGATACGGA-1,50.0,40.0,Diencephalonand hindbrain,0.7731643915176392,0.22683559358119965,0.5371595025062561,0.4628404974937439,0.4132043123245239,0.5867956876754761,0.04978083446621895,0.9502191543579102
Mouse_Brain_E18_MISAR,Mouse brain E18,atac,CCGATTCCGCCGCAAC-1,47.0,27.0,Diencephalonand hindbrain,0.5657171010971069,0.4342828691005707,0.5117422342300415,0.4882577657699585,0.5666884183883667,0.4333115518093109,0.008986440487205982,0.9910135865211487
Mouse_Brain_E18_MISAR,Mouse brain E18,atac,ATCATATTTTGACTTC-1,15.0,18.0,Subpallium-1,0.3978521525859833,0.6021478176116943,0.5369884371757507,0.46301156282424927,0.1564641296863556,0.843535840511322,0.06206614896655083,0.9379338026046753
Mouse_Brain_E18_MISAR,Mouse brain E18,atac,CTTGCGCCTTACCGAG-1,37.0,35.0,Diencephalonand hindbrain,0.6986196637153625,0.30138030648231506,0.6998265385627747,0.30017349123954773,0.34888583421707153,0.6511141061782837,0.007841355167329311,0.9921586513519287
Mouse_Brain_E18_MISAR,Mouse brain E18,atac,TCCTACCATTATCCGG-1,29.0,41.0,Diencephalonand hindbrain,0.44346144795417786,0.5565385818481445,0.6471806764602661,0.3528193533420563,0.6997151970863342,0.3002847731113434,0.011587697081267834,0.9884123206138611
Mouse_Brain_E18_MISAR,Mouse brain E18,atac,TGGTCAGCCGAACGCC-1,14.0,2.0,Cartilage-3,0.7004937529563904,0.2995062470436096,0.495831161737442,0.5041688084602356,0.4845331311225891,0.5154668688774109,0.002368010114878416,0.9976320266723633
Mouse_Brain_E18_MISAR,Mouse brain E18,atac,ACGGAGGCGAAGATCG-1,21.0,43.0,DPallv,0.45389506220817566,0.546104907989502,0.6338797211647034,0.36612024903297424,0.9385587573051453,0.06144130975008011,0.011019852012395859,0.9889801740646362
Mouse_Brain_E18_MISAR,Mouse brain E18,atac,TGCCGGCACCGAGAAT-1,17.0,26.0,Subpallium-1,0.49669450521469116,0.5033054947853088,0.4882658123970032,0.5117341876029968,0.2031727433204651,0.7968271970748901,0.017283225432038307,0.9827167987823486
Mouse_Brain_E18_MISAR,Mouse brain E18,atac,TCCGGCCTACTTAACC-1,6.0,7.0,Cartilage-4,0.39722293615341187,0.6027770042419434,0.4452337324619293,0.5547662377357483,0.43904662132263184,0.5609533786773682,0.0022094848100095987,0.9977904558181763
Mouse_Brain_E18_MISAR,Mouse brain E18,atac,GGTATGCTACTCAATA-1,2.0,21.0,Cartilage-2,0.5813630223274231,0.4186369776725769,0.5921213030815125,0.40787869691848755,0.5804240703582764,0.419575959444046,0.009828978218138218,0.9901710152626038
Mouse_Brain_E18_MISAR,Mouse brain E18,atac,AAGAAGCTTGGTCAGC-1,7.0,37.0,Cartilage-2,0.6710798740386963,0.3289200961589813,0.5154656767845154,0.484534353017807,0.4353199899196625,0.5646799802780151,0.038911305367946625,0.9610887169837952
Mouse_Brain_E18_MISAR,Mouse brain E18,atac,ACTATGCACCAGTTCC-1,13.0,6.0,Cartilage-3,0.5179635882377625,0.48203644156455994,0.8217043280601501,0.17829564213752747,0.07193207740783691,0.9280678629875183,0.0015002742875367403,0.9984997510910034
Mouse_Brain_E18_MISAR,Mouse brain E18,atac,CCGAGAATACCGCCAA-1,25.0,5.0,Cartilage-4,0.49259984493255615,0.5074001550674438,0.5171007513999939,0.4828992187976837,0.3199727535247803,0.6800272464752197,0.0019930447451770306,0.9980069994926453
Mouse_Brain_E18_MISAR,Mouse brain E18,atac,CGAACGCCACTATGCA-1,49.0,38.0,Diencephalonand hindbrain,0.45817121863365173,0.5418288111686707,0.4766269624233246,0.523373007774353,0.6249890327453613,0.37501099705696106,0.006100952159613371,0.9938989877700806
Mouse_Brain_E18_MISAR,Mouse brain E18,atac,CGACGCGACTAAGAGA-1,12.0,20.0,Subpallium-1,0.5577542185783386,0.4422457814216614,0.4903011918067932,0.509698748588562,0.23203571140766144,0.7679643034934998,0.06567957997322083,0.9343203902244568
Mouse_Brain_E18_MISAR,Mouse brain E18,atac,GACCTTGAGCCATTCT-1,42.0,17.0,Cartilage-2,0.4900948107242584,0.509905219078064,0.5162346363067627,0.4837653636932373,0.14271962642669678,0.8572803139686584,0.002744862576946616,0.9972551465034485
Mouse_Brain_E18_MISAR,Mouse brain E18,atac,CAACCGCTTGAGTCTG-1,43.0,28.0,Diencephalonand hindbrain,0.4822864830493927,0.5177135467529297,0.47805923223495483,0.5219407677650452,0.5270631909370422,0.4729367792606354,0.019525811076164246,0.9804742336273193
Mouse_Brain_E18_MISAR,Mouse brain E18,atac,AAGAAGCTCAACCGCT-1,7.0,8.0,Cartilage-4,0.5823641419410706,0.41763588786125183,0.5630355477333069,0.4369644224643707,0.49792930483818054,0.5020706653594971,0.001977223437279463,0.9980227947235107
Mouse_Brain_E18_MISAR,Mouse brain E18,atac,AATTAAGAGCCGCAAC-1,19.0,27.0,DPallv,0.5962353348731995,0.4037646949291229,0.4696522057056427,0.5303477644920349,0.5010088682174683,0.4989911615848541,0.01842360943555832,0.9815764427185059
Mouse_Brain_E18_MISAR,Mouse brain E18,atac,GATCTTACTTATTCAT-1,27.0,33.0,Thalamus,0.4878697395324707,0.5121302604675293,0.4429239332675934,0.557076096534729,0.711842954158783,0.28815707564353943,0.020815342664718628,0.979184627532959
Mouse_Brain_E18_MISAR,Mouse brain E18,atac,GCGTTGGATAGAGTAA-1,28.0,10.0,Mesenchyme,0.5109131932258606,0.4890868067741394,0.48157036304473877,0.518429696559906,0.4364570379257202,0.563542902469635,0.003346790326759219,0.9966532588005066
Mouse_Brain_E18_MISAR,Mouse brain E18,atac,AATTAAGAAGAGAAGG-1,19.0,46.0,Cartilage-2,0.7231898903846741,0.2768101096153259,0.4367940425872803,0.5632059574127197,0.13378611207008362,0.8662139177322388,0.011835847049951553,0.9881640672683716
Mouse_Brain_E18_MISAR,Mouse brain E18,atac,ACCGCCAATAGAATTA-1,46.0,16.0,Cartilage-2,0.5621165633201599,0.4378834664821625,0.5556802749633789,0.44431978464126587,0.1485358625650406,0.8514641523361206,0.0029970165342092514,0.9970030188560486
Mouse_Brain_E18_MISAR,Mouse brain E18,atac,TCCTACCAGGTACTGC-1,29.0,15.0,Diencephalonand hindbrain,0.6427820324897766,0.3572179675102234,0.5885424017906189,0.41145753860473633,0.19341830909252167,0.8065817356109619,0.006097082514315844,0.9939029216766357
Mouse_Brain_E18_MISAR,Mouse brain E18,atac,AAGAAGCTACCGCCAA-1,7.0,5.0,Cartilage-3,0.5570181012153625,0.44298189878463745,0.4969932734966278,0.5030067563056946,0.2162642478942871,0.7837358117103577,0.001930834143422544,0.9980692267417908
Mouse_Brain_E18_MISAR,Mouse brain E18,atac,TTGACTTCACTCAATA-1,33.0,21.0,Mesenchyme,0.6189670562744141,0.38103291392326355,0.5858016610145569,0.4141983687877655,0.14413468539714813,0.8558652997016907,0.015477156266570091,0.984522819519043
Mouse_Brain_E18_MISAR,Mouse brain E18,atac,GCCATTCTAGAGCTAT-1,34.0,19.0,Mesenchyme,0.7731438279151917,0.22685621678829193,0.513990581035614,0.4860094487667084,0.35111546516418457,0.6488845348358154,0.03728094324469566,0.9627190232276917
Mouse_Brain_E18_MISAR,Mouse brain E18,atac,TTGACTTCTAGAGTAA-1,33.0,10.0,Cartilage-1,0.46307510137557983,0.5369248986244202,0.6063965559005737,0.39360344409942627,0.2134246975183487,0.7865753173828125,0.00785466656088829,0.9921453595161438
Mouse_Brain_E18_MISAR,Mouse brain E18,atac,TTATTCATTCTGATAC-1,18.0,42.0,DPallm,0.4976532757282257,0.5023466944694519,0.39586955308914185,0.6041304469108582,0.960635244846344,0.039364784955978394,0.01272406242787838,0.9872758984565735
Mouse_Brain_E18_MISAR,Mouse brain E18,atac,ATCATATTCTGATGGT-1,15.0,25.0,Subpallium-1,0.4801376163959503,0.5198623538017273,0.37434059381484985,0.6256594657897949,0.13147518038749695,0.8685248494148254,0.014920681715011597,0.985079288482666
Mouse_Brain_E18_MISAR,Mouse brain E18,atac,AATTAAGATTATCCGG-1,19.0,41.0,DPallv,0.4160473346710205,0.5839527249336243,0.6469374299049377,0.35306257009506226,0.9012264013290405,0.09877362847328186,0.007686563301831484,0.9923134446144104
Mouse_Brain_E18_MISAR,Mouse brain E18,atac,TGCGGACCACGGAGGC-1,22.0,30.0,Thalamus,0.5434812903404236,0.45651867985725403,0.5837567448616028,0.4162432849407196,0.7288808822631836,0.2711191177368164,0.021224278956651688,0.9787757396697998
Mouse_Brain_E18_MISAR,Mouse brain E18,atac,CTAAGAGAACTATGCA-1,31.0,38.0,Diencephalonand hindbrain,0.5815637707710266,0.4184362292289734,0.4237922430038452,0.5762077569961548,0.6376704573631287,0.36232951283454895,0.009488352574408054,0.9905115962028503
Mouse_Brain_E18_MISAR,Mouse brain E18,atac,GGTATGCTACTTAACC-1,2.0,7.0,Cartilage-3,0.5552045106887817,0.44479554891586304,0.7373201847076416,0.2626798748970032,0.24062655866146088,0.7593734860420227,0.0006803756696172059,0.9993196725845337
Mouse_Brain_E18_MISAR,Mouse brain E18,atac,CGAACGCCAGAGAAGG-1,49.0,46.0,Midbrain,0.4972814619541168,0.5027185678482056,0.5014296174049377,0.49857038259506226,0.2138167768716812,0.78618323802948,0.02238932065665722,0.9776106476783752
Mouse_Brain_E18_MISAR,Mouse brain E18,atac,TTACCGAGACTATGCA-1,16.0,38.0,DPallv,0.4948473274707794,0.505152702331543,0.6232535243034363,0.3767464756965637,0.9045478701591492,0.09545214474201202,0.005711699835956097,0.9942883253097534
Mouse_Brain_E18_MISAR,Mouse brain E18,atac,TAGAATTAGCCGCAAC-1,35.0,27.0,Mesenchyme,0.4302336573600769,0.5697663426399231,0.5400651097297668,0.45993492007255554,0.542591392993927,0.4574086666107178,0.010723375715315342,0.989276647567749
Mouse_Brain_E18_MISAR,Mouse brain E18,atac,TCGGCCTTGCCATTCT-1,39.0,17.0,Cartilage-1,0.6276938319206238,0.3723061680793762,0.5040321946144104,0.495967835187912,0.04695193096995354,0.953048050403595,0.0015594920841977,0.9984405636787415
Mouse_Brain_E18_MISAR,Mouse brain E18,atac,AGAACGTCCTAAGAGA-1,38.0,20.0,Mesenchyme,0.6775527000427246,0.3224472999572754,0.40549808740615845,0.5945019721984863,0.24836719036102295,0.7516327500343323,0.019289523363113403,0.9807104468345642
Mouse_Brain_E18_MISAR,Mouse brain E18,atac,AGAGAAGGGGTACTGC-1,5.0,15.0,DPallm,0.6908161640167236,0.30918389558792114,0.6275492906570435,0.37245073914527893,0.6552757620811462,0.34472423791885376,0.045017652213573456,0.954982340335846
Mouse_Brain_E18_MISAR,Mouse brain E18,atac,AGAACGTCTTGACTTC-1,38.0,18.0,Cartilage-3,0.4067339599132538,0.5932660698890686,0.5227892994880676,0.47721067070961,0.09743370860815048,0.9025662541389465,0.012076474726200104,0.9879235625267029
Mouse_Brain_E18_MISAR,Mouse brain E18,atac,GATACGGAGCCGCAAC-1,11.0,27.0,DPallv,0.7861368060112,0.21386316418647766,0.5924712419509888,0.407528817653656,0.8607332110404968,0.13926678895950317,0.017143670469522476,0.9828563332557678
Mouse_Brain_E18_MISAR,Mouse brain E18,atac,CCGATTCCCTTGCGCC-1,47.0,14.0,Cartilage-4,0.4307965636253357,0.5692034363746643,0.5388888120651245,0.46111124753952026,0.4330485761165619,0.5669513940811157,0.006022260524332523,0.9939777851104736
Mouse_Brain_E18_MISAR,Mouse brain E18,atac,TGGTCAGCCTGATGGT-1,14.0,25.0,Subpallium-1,0.5583040118217468,0.44169604778289795,0.5983964800834656,0.40160349011421204,0.1920180767774582,0.8079819083213806,0.05167131498456001,0.9483286738395691
Mouse_Brain_E18_MISAR,Mouse brain E18,atac,CTTGCGCCTGCGGACC-1,37.0,29.0,Mesenchyme,0.6907628774642944,0.30923715233802795,0.5756324529647827,0.4243675470352173,0.6740573644638062,0.32594266533851624,0.010074703954160213,0.9899252653121948
Mouse_Brain_E18_MISAR,Mouse brain E18,atac,GCCGCAACGCCATTCT-1,24.0,17.0,Diencephalonand hindbrain,0.5147414207458496,0.4852585792541504,0.5638171434402466,0.43618282675743103,0.20025484263896942,0.7997452020645142,0.15915904939174652,0.8408409953117371
Mouse_Brain_E18_MISAR,Mouse brain E18,atac,ACGGAGGCCCAGTTCC-1,21.0,6.0,Muscle,0.5499838590621948,0.4500161409378052,0.6118400692939758,0.38815993070602417,0.33581337332725525,0.6641865968704224,0.03498789668083191,0.9650121331214905
Mouse_Brain_E18_MISAR,Mouse brain E18,atac,ACTCAATACTGATGGT-1,30.0,25.0,Mesenchyme,0.5746657252311707,0.42533424496650696,0.5933147072792053,0.4066852927207947,0.4261022210121155,0.5738977789878845,0.0419534295797348,0.9580466151237488
Mouse_Brain_E18_MISAR,Mouse brain E18,atac,GATCTTACGGCTGAGC-1,27.0,3.0,Cartilage-4,0.607728898525238,0.39227110147476196,0.5196567177772522,0.4803433120250702,0.5677947998046875,0.4322052597999573,0.0017602854641154408,0.9982397556304932
Mouse_Brain_E18_MISAR,Mouse brain E18,atac,GATACGGAAATTAAGA-1,11.0,32.0,DPallm,0.4148150682449341,0.5851848721504211,0.5496634244918823,0.4503365457057953,0.9775834083557129,0.022416599094867706,0.012770069763064384,0.9872298836708069
Mouse_Brain_E18_MISAR,Mouse brain E18,atac,TCCGGCCTCTAAGAGA-1,6.0,20.0,DPallm,0.5916505455970764,0.4083494544029236,0.4152591824531555,0.5847408771514893,0.9124841094017029,0.08751582354307175,0.021056082099676132,0.978943943977356
Mouse_Brain_E18_MISAR,Mouse brain E18,atac,TGGTCAGCAGAGCTAT-1,14.0,19.0,Subpallium-1,0.4781132936477661,0.5218867063522339,0.413827121257782,0.5861728191375732,0.12409810721874237,0.8759018778800964,0.0931493416428566,0.9068506360054016
Mouse_Brain_E18_MISAR,Mouse brain E18,atac,TGCGGACCCTTGCGCC-1,22.0,14.0,Subpallium-1,0.5272111296653748,0.47278887033462524,0.5043993592262268,0.4956006407737732,0.4164637625217438,0.5835362672805786,0.017662325873970985,0.9823377132415771
Mouse_Brain_E18_MISAR,Mouse brain E18,atac,AGAACGTCTAGATCTA-1,38.0,31.0,Cartilage-2,0.5804504156112671,0.4195495545864105,0.5213946104049683,0.4786054491996765,0.3582436442375183,0.6417563557624817,0.010902492329478264,0.9890974760055542
Mouse_Brain_E18_MISAR,Mouse brain E18,atac,GATACGGAGATACGGA-1,11.0,40.0,Cartilage-2,0.703062891960144,0.29693710803985596,0.561712384223938,0.4382875859737396,0.6887378096580505,0.31126222014427185,0.04382357373833656,0.9561764001846313
Mouse_Brain_E18_MISAR,Mouse brain E18,atac,AGAGCTATTGCGGACC-1,32.0,29.0,Diencephalonand hindbrain,0.4542561173439026,0.5457438826560974,0.5161665081977844,0.4838334918022156,0.7579007148742676,0.24209928512573242,0.02429807558655739,0.9757019281387329
Mouse_Brain_E18_MISAR,Mouse brain E18,atac,TTACCGAGTGCCGGCA-1,16.0,34.0,DPallv,0.5303259491920471,0.4696740210056305,0.5562628507614136,0.4437371492385864,0.8841986060142517,0.11580143868923187,0.005153742153197527,0.9948462247848511
Mouse_Brain_E18_MISAR,Mouse brain E18,atac,TGCCGGCATAGAATTA-1,17.0,16.0,Subpallium-1,0.4836658239364624,0.5163341760635376,0.6494725942611694,0.35052740573883057,0.11261115223169327,0.8873888254165649,0.01819983869791031,0.9818001985549927
Mouse_Brain_E18_MISAR,Mouse brain E18,atac,TAGAATTAAATTAAGA-1,35.0,32.0,Diencephalonand hindbrain,0.6000279784202576,0.39997199177742004,0.5641352534294128,0.4358646869659424,0.7058762907981873,0.29412367939949036,0.024970117956399918,0.9750298857688904
Mouse_Brain_E18_MISAR,Mouse brain E18,atac,ACCGCCAAGAAGATCG-1,46.0,43.0,Diencephalonand hindbrain,0.49635982513427734,0.5036401152610779,0.6131687760353088,0.38683122396469116,0.5548832416534424,0.44511672854423523,0.058966316282749176,0.9410337209701538
Mouse_Brain_E18_MISAR,Mouse brain E18,atac,TAGATCTAACTTAACC-1,20.0,7.0,Cartilage-3,0.6105895638465881,0.3894104063510895,0.5723376870155334,0.42766234278678894,0.2284303605556488,0.7715696096420288,0.004985572770237923,0.9950143694877625
Mouse_Brain_E18_MISAR,Mouse brain E18,atac,ATAAGGAGGCTAACTT-1,50.0,48.0,Midbrain,0.5109425783157349,0.4890574812889099,0.464773952960968,0.535226047039032,0.07819989323616028,0.9218001365661621,0.003661851864308119,0.9963381290435791
Mouse_Brain_E18_MISAR,Mouse brain E18,atac,AATTAAGAAGAGCTAT-1,19.0,19.0,Subpallium-1,0.349547803401947,0.6504522562026978,0.4952584505081177,0.5047415494918823,0.12045567482709885,0.8795443177223206,0.02573218382894993,0.974267840385437
Mouse_Brain_E18_MISAR,Mouse brain E18,atac,TCTGATACTAGAATTA-1,9.0,16.0,DPallv,0.7075777053833008,0.2924223244190216,0.5884442329406738,0.41155576705932617,0.5571393966674805,0.4428606629371643,0.038847051560878754,0.9611529111862183
Mouse_Brain_E18_MISAR,Mouse brain E18,atac,TTATCCGGTGCCGGCA-1,10.0,34.0,DPallm,0.46326687932014465,0.5367331504821777,0.5751961469650269,0.42480388283729553,0.9718741178512573,0.028125857934355736,0.0033654654398560524,0.9966345429420471
Mouse_Brain_E18_MISAR,Mouse brain E18,atac,TGGTCAGCCCAGTTCC-1,14.0,6.0,Cartilage-3,0.547068178653717,0.45293185114860535,0.7306653261184692,0.269334614276886,0.04888216033577919,0.9511178135871887,0.002174095017835498,0.9978259205818176
Mouse_Brain_E18_MISAR,Mouse brain E18,atac,GGCTGAGCCTGATGGT-1,48.0,25.0,Basal plateof hindbrain,0.7044705748558044,0.29552939534187317,0.6008310317993164,0.39916902780532837,0.4669439196586609,0.5330560803413391,0.021912528201937675,0.9780874252319336
Mouse_Brain_E18_MISAR,Mouse brain E18,atac,GGTACTGCGCAGGTCC-1,36.0,11.0,Cartilage-1,0.4378180205821991,0.5621820092201233,0.5097835659980774,0.490216463804245,0.28386032581329346,0.7161396741867065,0.0035917300265282393,0.9964082837104797
Mouse_Brain_E18_MISAR,Mouse brain E18,atac,GCGTTGGAACGGAGGC-1,28.0,30.0,Diencephalonand hindbrain,0.4769294261932373,0.5230705738067627,0.5754936933517456,0.4245063066482544,0.5959174036979675,0.40408262610435486,0.02344644069671631,0.9765535593032837
Mouse_Brain_E18_MISAR,Mouse brain E18,atac,CCAGTTCCAAGAAGCT-1,45.0,44.0,Diencephalonand hindbrain,0.6381483674049377,0.36185166239738464,0.557918131351471,0.44208192825317383,0.3506772220134735,0.6493227481842041,0.02124846540391445,0.9787514805793762
Mouse_Brain_E18_MISAR,Mouse brain E18,atac,TGCGGACCCGACGCGA-1,22.0,39.0,Mesenchyme,0.5492957830429077,0.4507042467594147,0.6259562969207764,0.37404370307922363,0.8768115043640137,0.12318851798772812,0.004444027319550514,0.9955559372901917
Mouse_Brain_E18_MISAR,Mouse brain E18,atac,GACCTTGAACTATGCA-1,42.0,38.0,Diencephalonand hindbrain,0.6447417140007019,0.3552582561969757,0.47977644205093384,0.5202235579490662,0.38801586627960205,0.611984133720398,0.007817834615707397,0.992182195186615
Mouse_Brain_E18_MISAR,Mouse brain E18,atac,AAGAAGCTGCGTTGGA-1,7.0,23.0,DPallm,0.5268210172653198,0.47317901253700256,0.5564631223678589,0.4435368776321411,0.9644669890403748,0.035533033311367035,0.04101306572556496,0.9589869379997253
Mouse_Brain_E18_MISAR,Mouse brain E18,atac,CATACTCCCAACCGCT-1,4.0,8.0,Cartilage-3,0.527151346206665,0.47284865379333496,0.47419559955596924,0.5258044004440308,0.5550333857536316,0.4449666142463684,0.001839823555201292,0.998160183429718
Mouse_Brain_E18_MISAR,Mouse brain E18,atac,AGAACGTCGCTAACTT-1,38.0,48.0,Diencephalonand hindbrain,0.5428377389907837,0.4571623206138611,0.5433974266052246,0.4566025733947754,0.5151963829994202,0.4848036468029022,0.010872293263673782,0.9891276955604553
Mouse_Brain_E18_MISAR,Mouse brain E18,atac,AGAGCTATGCCGCAAC-1,32.0,27.0,Mesenchyme,0.6652816534042358,0.3347183167934418,0.44907689094543457,0.5509231090545654,0.432878315448761,0.567121684551239,0.01578219048678875,0.9842177629470825
Mouse_Brain_E18_MISAR,Mouse brain E18,atac,GATCTTACGCTAACTT-1,27.0,48.0,Mesenchyme,0.4824354648590088,0.517564594745636,0.5357347130775452,0.4642653167247772,0.27987679839134216,0.7201232314109802,0.040058981627225876,0.959941029548645
Mouse_Brain_E18_MISAR,Mouse brain E18,atac,GCAGGTCCGCCATTCT-1,40.0,17.0,Cartilage-1,0.4410898685455322,0.5589101314544678,0.6284886002540588,0.3715113699436188,0.10970167070627213,0.8902983069419861,0.0021568606607615948,0.9978431463241577
Mouse_Brain_E18_MISAR,Mouse brain E18,atac,GCGTTGGAAATTAAGA-1,28.0,32.0,Thalamus,0.45580729842185974,0.5441926717758179,0.4473589062690735,0.5526410937309265,0.6742706298828125,0.3257294297218323,0.04282619431614876,0.9571738243103027
Mouse_Brain_E18_MISAR,Mouse brain E18,atac,ACGGAGGCACGGAGGC-1,21.0,30.0,Mesenchyme,0.6163793206214905,0.3836206793785095,0.5280648469924927,0.4719351828098297,0.6817514896392822,0.3182484805583954,0.01290637906640768,0.9870936274528503
Mouse_Brain_E18_MISAR,Mouse brain E18,atac,GCGTTGGACATACTCC-1,28.0,47.0,Diencephalonand hindbrain,0.5117647051811218,0.4882352650165558,0.509874165058136,0.4901258647441864,0.49490389227867126,0.5050961375236511,0.0172121562063694,0.9827877879142761
Mouse_Brain_E18_MISAR,Mouse brain E18,atac,GCAGGTCCAAGAAGCT-1,40.0,44.0,Diencephalonand hindbrain,0.5896605253219604,0.41033947467803955,0.5144306421279907,0.4855693578720093,0.32137277722358704,0.6786271929740906,0.009085385128855705,0.9909145832061768
Mouse_Brain_E18_MISAR,Mouse brain E18,atac,GATCTTACTAGATCTA-1,27.0,31.0,Diencephalonand hindbrain,0.6744632720947266,0.3255367577075958,0.4639008939266205,0.5360990762710571,0.4294350743293762,0.570564866065979,0.020153701305389404,0.9798462986946106
Mouse_Brain_E18_MISAR,Mouse brain E18,atac,GCGTTGGAGGTACTGC-1,28.0,15.0,Diencephalonand hindbrain,0.5557703971862793,0.4442296028137207,0.49316146969795227,0.5068385004997253,0.18685893714427948,0.8131410479545593,0.029018374159932137,0.9709815979003906
Mouse_Brain_E18_MISAR,Mouse brain E18,atac,AGAGAAGGGCGTTGGA-1,5.0,23.0,DPallm,0.5689438581466675,0.4310561716556549,0.5088953375816345,0.4911046624183655,0.9611430764198303,0.03885691985487938,0.005262015853077173,0.9947380423545837
Mouse_Brain_E18_MISAR,Mouse brain E18,atac,GACCTTGATTATTCAT-1,42.0,33.0,Diencephalonand hindbrain,0.7317058444023132,0.26829415559768677,0.5219064950942993,0.4780935049057007,0.7249939441680908,0.2750059962272644,0.002731209620833397,0.9972687363624573
Mouse_Brain_E18_MISAR,Mouse brain E18,atac,GCGTTGGATAGAATTA-1,28.0,16.0,Diencephalonand hindbrain,0.5139896869659424,0.48601025342941284,0.48627969622612,0.5137202739715576,0.2985234558582306,0.7014765739440918,0.034012455493211746,0.9659875631332397
Mouse_Brain_E18_MISAR,Mouse brain E18,atac,CTTGCGCCAATTAAGA-1,37.0,32.0,Cartilage-2,0.6815252900123596,0.3184747099876404,0.5589417815208435,0.4410582184791565,0.29132598638534546,0.7086740136146545,0.023963401094079018,0.9760366082191467
Mouse_Brain_E18_MISAR,Mouse brain E18,atac,CTAAGAGAGATCTTAC-1,31.0,24.0,Mesenchyme,0.733936071395874,0.26606395840644836,0.6067371964454651,0.39326274394989014,0.20890752971172333,0.7910923957824707,0.026203392073512077,0.9737966060638428
Mouse_Brain_E18_MISAR,Mouse brain E18,atac,ACTATGCAAGAACGTC-1,13.0,13.0,DPallm,0.4778369665145874,0.5221629738807678,0.5332385897636414,0.46676135063171387,0.7843277454376221,0.2156722992658615,0.01296392921358347,0.9870360493659973
Mouse_Brain_E18_MISAR,Mouse brain E18,atac,CCGAGAATACGGAGGC-1,25.0,30.0,Diencephalonand hindbrain,0.5050004720687866,0.49499955773353577,0.5485244989395142,0.45147547125816345,0.7007334232330322,0.2992665767669678,0.012987473979592323,0.9870125651359558
Mouse_Brain_E18_MISAR,Mouse brain E18,atac,CCGATTCCATCATATT-1,47.0,36.0,Diencephalonand hindbrain,0.48705053329467773,0.5129494667053223,0.6152142882347107,0.3847856819629669,0.48452770709991455,0.5154723525047302,0.02584846131503582,0.9741515517234802
Mouse_Brain_E18_MISAR,Mouse brain E18,atac,AACCTGCGCTTGCGCC-1,1.0,14.0,Cartilage-3,0.47786834836006165,0.5221316814422607,0.505746603012085,0.49425339698791504,0.09323251247406006,0.9067675471305847,0.0016790525987744331,0.9983208775520325
Mouse_Brain_E18_MISAR,Mouse brain E18,atac,ATCATATTACGGAGGC-1,15.0,30.0,DPallv,0.4900813400745392,0.5099186301231384,0.4937094449996948,0.5062905550003052,0.84939044713974,0.15060955286026,0.019406747072935104,0.9805933237075806
Mouse_Brain_E18_MISAR,Mouse brain E18,atac,AAGAAGCTCTTGCGCC-1,7.0,14.0,DPallm,0.6766173839569092,0.3233826458454132,0.46215981245040894,0.5378401875495911,0.7620126008987427,0.23798736929893494,0.10574086755514145,0.8942590951919556
Mouse_Brain_E18_MISAR,Mouse brain E18,atac,CTAAGAGAGATACGGA-1,31.0,40.0,Diencephalonand hindbrain,0.5349541306495667,0.46504586935043335,0.5586621165275574,0.441337913274765,0.8058732151985168,0.19412684440612793,0.030968137085437775,0.969031810760498
Mouse_Brain_E18_MISAR,Mouse brain E18,atac,ACTTAACCTGCCGGCA-1,44.0,34.0,Diencephalonand hindbrain,0.6194356083869934,0.380564421415329,0.448140949010849,0.5518590211868286,0.5607939958572388,0.4392060339450836,0.046720393002033234,0.9532796144485474
Mouse_Brain_E18_MISAR,Mouse brain E18,atac,TAGAGTAATTGACTTC-1,41.0,18.0,Cartilage-3,0.4094039797782898,0.590596079826355,0.5750700831413269,0.4249299466609955,0.08211773633956909,0.9178823232650757,0.006007615476846695,0.9939923882484436
Mouse_Brain_E18_MISAR,Mouse brain E18,atac,CCGAGAATCTAAGAGA-1,25.0,20.0,Diencephalonand hindbrain,0.6467837691307068,0.353216290473938,0.5334154963493347,0.46658453345298767,0.7084879875183105,0.29151201248168945,0.026512952521443367,0.9734870791435242
Mouse_Brain_E18_MISAR,Mouse brain E18,atac,GGTACTGCAACCTGCG-1,36.0,50.0,Diencephalonand hindbrain,0.6717902421951294,0.3282097578048706,0.4344478249549866,0.5655521750450134,0.3008260726928711,0.6991739273071289,0.010729855857789516,0.9892701506614685
Mouse_Brain_E18_MISAR,Mouse brain E18,atac,GCCGCAACTGGTCAGC-1,24.0,37.0,DPallm,0.7374956607818604,0.26250436902046204,0.5250489711761475,0.47495096921920776,0.5786001086235046,0.421399861574173,0.024357711896300316,0.9756423234939575
Mouse_Brain_E18_MISAR,Mouse brain E18,atac,TCGGCCTTACTATGCA-1,39.0,38.0,Diencephalonand hindbrain,0.6128469705581665,0.3871529996395111,0.5541971921920776,0.4458027780056,0.3662413954734802,0.6337586045265198,0.01926027610898018,0.9807397127151489
Mouse_Brain_E18_MISAR,Mouse brain E18,atac,TGAGTCTGAAGAAGCT-1,23.0,44.0,DPallm,0.5334190130233765,0.46658095717430115,0.5738872289657593,0.4261128008365631,0.9401885867118835,0.05981140211224556,0.0048559680581092834,0.9951440095901489
Mouse_Brain_E18_MISAR,Mouse brain E18,atac,TTACCGAGTCCGGCCT-1,16.0,45.0,Mesenchyme,0.6891828179359436,0.3108171224594116,0.5036505460739136,0.4963494837284088,0.3638690412044525,0.6361309289932251,0.020543137565255165,0.9794568419456482
Mouse_Brain_E18_MISAR,Mouse brain E18,atac,GCGTTGGAGATACGGA-1,28.0,40.0,Diencephalonand hindbrain,0.810269832611084,0.18973012268543243,0.6052392721176147,0.39476075768470764,0.8573492765426636,0.14265070855617523,0.006192418280988932,0.9938076138496399
Mouse_Brain_E18_MISAR,Mouse brain E18,atac,CCAGTTCCATCATATT-1,45.0,36.0,Diencephalonand hindbrain,0.6923074722290039,0.3076924979686737,0.5855869650840759,0.41441309452056885,0.5509697198867798,0.44903022050857544,0.03909122943878174,0.960908830165863
Mouse_Brain_E18_MISAR,Mouse brain E18,atac,TGCGGACCAGAACGTC-1,22.0,13.0,Subpallium-1,0.555809497833252,0.44419047236442566,0.48265185952186584,0.5173481106758118,0.2825174331665039,0.7174825668334961,0.043794818222522736,0.9562051296234131
Mouse_Brain_E18_MISAR,Mouse brain E18,atac,GATACGGAGCAGGTCC-1,11.0,11.0,DPallm,0.40320727229118347,0.5967926979064941,0.6417514085769653,0.35824859142303467,0.42645394802093506,0.5735460519790649,0.02517649531364441,0.974823534488678
Mouse_Brain_E18_MISAR,Mouse brain E18,atac,AATTAAGATGGTCAGC-1,19.0,37.0,DPallv,0.5273836255073547,0.47261640429496765,0.5707346200942993,0.42926540970802307,0.8164465427398682,0.18355342745780945,0.005298164207488298,0.9947018027305603
Mouse_Brain_E18_MISAR,Mouse brain E18,atac,GCCGCAACAGAGAAGG-1,24.0,46.0,Cartilage-3,0.6496003866195679,0.35039961338043213,0.544749915599823,0.4552500545978546,0.2002580761909485,0.7997419238090515,0.007283499930053949,0.9927164912223816
Mouse_Brain_E18_MISAR,Mouse brain E18,atac,ACTCAATAACTCAATA-1,30.0,21.0,Cartilage-2,0.4345254898071289,0.5654744505882263,0.5660040378570557,0.43399590253829956,0.4500824213027954,0.5499175786972046,0.02553151361644268,0.9744685292243958
Mouse_Brain_E18_MISAR,Mouse brain E18,atac,ACCGCCAAGGTATGCT-1,46.0,49.0,Mesenchyme,0.5865445137023926,0.4134555160999298,0.6258372068405151,0.37416279315948486,0.3918639123439789,0.6081361174583435,0.005446665454655886,0.9945533275604248
Mouse_Brain_E18_MISAR,Mouse brain E18,atac,GCGTTGGAGCCATTCT-1,28.0,17.0,Diencephalonand hindbrain,0.5698781609535217,0.43012186884880066,0.49813979864120483,0.5018602609634399,0.3199911117553711,0.6800088882446289,0.022774934768676758,0.9772250056266785
Mouse_Brain_E18_MISAR,Mouse brain E18,atac,GGCTGAGCCTTGCGCC-1,48.0,14.0,Cartilage-4,0.4716590642929077,0.5283408761024475,0.47550827264785767,0.5244917273521423,0.4256860017776489,0.5743139982223511,0.00194967957213521,0.998050332069397
Mouse_Brain_E18_MISAR,Mouse brain E18,atac,TTGACTTCCCGAGAAT-1,33.0,26.0,Mesenchyme,0.6016830205917358,0.3983169496059418,0.584195077419281,0.4158049523830414,0.6032941937446594,0.3967057764530182,0.03342428058385849,0.9665756821632385
Mouse_Brain_E18_MISAR,Mouse brain E18,atac,CTGATGGTATCATATT-1,26.0,36.0,Diencephalonand hindbrain,0.5825700759887695,0.41742998361587524,0.4602898061275482,0.5397101640701294,0.8691325187683105,0.13086749613285065,0.016407279297709465,0.9835927486419678
Mouse_Brain_E18_MISAR,Mouse brain E18,atac,TTATTCATTAGAATTA-1,18.0,16.0,Subpallium-1,0.4971587061882019,0.5028412938117981,0.4053826332092285,0.5946173071861267,0.07253383100032806,0.9274662137031555,0.024293256923556328,0.9757068157196045
Mouse_Brain_E18_MISAR,Mouse brain E18,atac,GCCATTCTCTAAGAGA-1,34.0,20.0,Mesenchyme,0.5498037934303284,0.4501962661743164,0.5492036938667297,0.45079630613327026,0.253592848777771,0.746407151222229,0.02494949847459793,0.9750505089759827
Mouse_Brain_E18_MISAR,Mouse brain E18,atac,GCCGCAACACTATGCA-1,24.0,38.0,DPallm,0.4590561091899872,0.5409438610076904,0.5317050218582153,0.46829500794410706,0.8240920901298523,0.1759078949689865,0.0024311766028404236,0.9975687861442566
Mouse_Brain_E18_MISAR,Mouse brain E18,atac,ATAAGGAGCTGATGGT-1,50.0,25.0,Diencephalonand hindbrain,0.615206778049469,0.38479316234588623,0.46245649456977844,0.5375434756278992,0.48039567470550537,0.5196043252944946,0.025398656725883484,0.9746013283729553
Mouse_Brain_E18_MISAR,Mouse brain E18,atac,TTATTCATGCGTTGGA-1,18.0,23.0,Subpallium-1,0.6464455127716064,0.35355451703071594,0.47766852378845215,0.5223314762115479,0.22622700035572052,0.7737730145454407,0.09083493053913116,0.90916508436203
Mouse_Brain_E18_MISAR,Mouse brain E18,atac,GATCTTACTTACCGAG-1,27.0,35.0,Thalamus,0.5355355739593506,0.4644644558429718,0.516974151134491,0.48302584886550903,0.8072279691696167,0.1927720606327057,0.020214872434735298,0.979785144329071
Mouse_Brain_E18_MISAR,Mouse brain E18,atac,GGCTGAGCAAGAAGCT-1,48.0,44.0,Diencephalonand hindbrain,0.6555331945419312,0.3444667458534241,0.42878660559654236,0.57121342420578,0.7440896034240723,0.25591036677360535,0.023394765332341194,0.9766051769256592
Mouse_Brain_E18_MISAR,Mouse brain E18,atac,TGGTCAGCTCCGGCCT-1,14.0,45.0,Cartilage-2,0.8129767775535583,0.18702320754528046,0.4791073203086853,0.5208926796913147,0.4920961260795593,0.5079039335250854,0.023194486275315285,0.9768054485321045
Mouse_Brain_E18_MISAR,Mouse brain E18,atac,TCCTACCAGATCTTAC-1,29.0,24.0,Mesenchyme,0.6321658492088318,0.367834210395813,0.4834457337856293,0.5165542960166931,0.3959634304046631,0.6040365695953369,0.014255189336836338,0.9857448935508728
Mouse_Brain_E18_MISAR,Mouse brain E18,atac,ACTCAATATGGTCAGC-1,30.0,37.0,Diencephalonand hindbrain,0.5205243825912476,0.47947561740875244,0.5037440061569214,0.496256023645401,0.5075052380561829,0.49249473214149475,0.010013953782618046,0.989986002445221
Mouse_Brain_E18_MISAR,Mouse brain E18,atac,CTAAGAGATAGATCTA-1,31.0,31.0,Diencephalonand hindbrain,0.5230533480644226,0.4769466817378998,0.45192524790763855,0.5480747818946838,0.736801028251648,0.26319900155067444,0.008335905149579048,0.9916641712188721
Mouse_Brain_E18_MISAR,Mouse brain E18,atac,ACGGAGGCTTGACTTC-1,21.0,18.0,Diencephalonand hindbrain,0.37091538310050964,0.629084587097168,0.4250946640968323,0.5749053359031677,0.29457148909568787,0.7054284811019897,0.0401458777487278,0.9598541855812073
Mouse_Brain_E18_MISAR,Mouse brain E18,atac,AATTAAGATAGAATTA-1,19.0,16.0,Subpallium-1,0.41197794675827026,0.5880221128463745,0.5180646777153015,0.4819353222846985,0.08256407082080841,0.917435884475708,0.014068634249269962,0.985931396484375
Mouse_Brain_E18_MISAR,Mouse brain E18,atac,CCGATTCCAGAGAAGG-1,47.0,46.0,Midbrain,0.584552526473999,0.41544753313064575,0.44959360361099243,0.5504064559936523,0.3539265990257263,0.6460734009742737,0.030290896072983742,0.9697090983390808
Mouse_Brain_E18_MISAR,Mouse brain E18,atac,TGCCGGCAGCAGGTCC-1,17.0,11.0,Diencephalonand hindbrain,0.5032964944839478,0.49670350551605225,0.5324097871780396,0.46759018301963806,0.45234566926956177,0.5476542711257935,0.03247399628162384,0.9675259590148926
Mouse_Brain_E18_MISAR,Mouse brain E18,atac,GCCATTCTGACCTTGA-1,34.0,9.0,Cartilage-1,0.4424235224723816,0.5575764775276184,0.4348871409893036,0.565112829208374,0.29827579855918884,0.7017242312431335,0.004093610215932131,0.9959063529968262
Mouse_Brain_E18_MISAR,Mouse brain E18,atac,TAGAGTAATTATCCGG-1,41.0,41.0,Diencephalonand hindbrain,0.5377936959266663,0.4622063636779785,0.47805771231651306,0.5219423174858093,0.46536076068878174,0.5346392393112183,0.024573877453804016,0.9754261374473572
Mouse_Brain_E18_MISAR,Mouse brain E18,atac,TCTGATACTCGGCCTT-1,9.0,12.0,DPallm,0.5624554753303528,0.4375445544719696,0.5139406323432922,0.4860593378543854,0.7078605890274048,0.2921394407749176,0.018977399915456772,0.9810226559638977
Mouse_Brain_E18_MISAR,Mouse brain E18,atac,AGAGCTATGATACGGA-1,32.0,40.0,Diencephalonand hindbrain,0.8125890493392944,0.18741093575954437,0.4665786027908325,0.5334213972091675,0.7989894151687622,0.20101061463356018,0.07795217633247375,0.9220478534698486
Mouse_Brain_E18_MISAR,Mouse brain E18,atac,GGCTGAGCTCCTACCA-1,48.0,22.0,Cartilage-2,0.7184580564498901,0.2815419137477875,0.6062752604484558,0.3937247395515442,0.19432616233825684,0.8056737780570984,0.0026043676771223545,0.9973956346511841
Mouse_Brain_E18_MISAR,Mouse brain E18,atac,TGCCGGCATGCGGACC-1,17.0,29.0,DPallv,0.5852931141853333,0.4147069454193115,0.5162716507911682,0.4837283492088318,0.691143274307251,0.30885669589042664,0.031022150069475174,0.9689778685569763
Mouse_Brain_E18_MISAR,Mouse brain E18,atac,TTACCGAGTCCTACCA-1,16.0,22.0,Subpallium-1,0.5295519232749939,0.47044801712036133,0.4817483723163605,0.5182516574859619,0.11040712893009186,0.8895928859710693,0.08833533525466919,0.9116647243499756
Mouse_Brain_E18_MISAR,Mouse brain E18,atac,TTATCCGGACTATGCA-1,10.0,38.0,Cartilage-2,0.5584960579872131,0.44150394201278687,0.5715224146842957,0.42847761511802673,0.6320281624794006,0.367971807718277,0.0076257591135799885,0.9923742413520813
Mouse_Brain_E18_MISAR,Mouse brain E18,atac,TGGTCAGCCGACGCGA-1,14.0,39.0,DPallm,0.5116118788719177,0.4883881211280823,0.5074374675750732,0.49256250262260437,0.9793300032615662,0.020669952034950256,0.004309401847422123,0.995690643787384
Mouse_Brain_E18_MISAR,Mouse brain E18,atac,TCCGGCCTTAGATCTA-1,6.0,31.0,DPallm,0.6380466818809509,0.3619532585144043,0.47163471579551697,0.5283653140068054,0.8595996499061584,0.14040037989616394,0.00476883165538311,0.9952310919761658
Mouse_Brain_E18_MISAR,Mouse brain E18,atac,TGCCGGCATTATTCAT-1,17.0,33.0,Mesenchyme,0.4888128638267517,0.5111871361732483,0.5355263352394104,0.4644736647605896,0.7468355894088745,0.2531643807888031,0.004094864707440138,0.9959051609039307
Mouse_Brain_E18_MISAR,Mouse brain E18,atac,AAGAAGCTGCCATTCT-1,7.0,17.0,DPallm,0.5940534472465515,0.4059465527534485,0.5958014726638794,0.4041984975337982,0.6540246605873108,0.3459753692150116,0.10328597575426102,0.8967140316963196
Mouse_Brain_E18_MISAR,Mouse brain E18,atac,CGAACGCCTCCTACCA-1,49.0,22.0,Cartilage-3,0.669086217880249,0.33091384172439575,0.5031060576438904,0.4968939423561096,0.2534457743167877,0.7465541958808899,0.003208862617611885,0.9967910647392273
Mouse_Brain_E18_MISAR,Mouse brain E18,atac,TGCGGACCTCCTACCA-1,22.0,22.0,Diencephalonand hindbrain,0.4837625026702881,0.5162375569343567,0.650601863861084,0.349398136138916,0.6420984268188477,0.35790160298347473,0.010329820215702057,0.9896702170372009
Mouse_Brain_E18_MISAR,Mouse brain E18,atac,TCGGCCTTTTATCCGG-1,39.0,41.0,Diencephalonand hindbrain,0.38651880621910095,0.6134811639785767,0.4841867685317993,0.5158131718635559,0.7636187672615051,0.23638123273849487,0.012815011665225029,0.9871849417686462
Mouse_Brain_E18_MISAR,Mouse brain E18,atac,ACTTAACCTGCGGACC-1,44.0,29.0,Diencephalonand hindbrain,0.5280747413635254,0.471925288438797,0.31125694513320923,0.6887430548667908,0.7495754361152649,0.2504246234893799,0.06720411777496338,0.9327958822250366
Mouse_Brain_E18_MISAR,Mouse brain E18,atac,ACTCAATAAATTAAGA-1,30.0,32.0,Diencephalonand hindbrain,0.45116448402404785,0.5488355159759521,0.43665632605552673,0.5633436441421509,0.7152971029281616,0.28470292687416077,0.04126458987593651,0.9587354063987732
Mouse_Brain_E18_MISAR,Mouse brain E18,atac,TAGATCTATGCGGACC-1,20.0,29.0,Mesenchyme,0.5023067593574524,0.49769327044487,0.6006509065628052,0.39934906363487244,0.6380316615104675,0.36196833848953247,0.017382357269525528,0.9826176762580872
Mouse_Brain_E18_MISAR,Mouse brain E18,atac,TCCTACCAATCATATT-1,29.0,36.0,Diencephalonand hindbrain,0.6654281616210938,0.33457183837890625,0.5864107608795166,0.413589209318161,0.4977510869503021,0.5022488832473755,0.029702652245759964,0.9702973961830139
Mouse_Brain_E18_MISAR,Mouse brain E18,atac,CCAGTTCCGAAGATCG-1,45.0,43.0,Diencephalonand hindbrain,0.4102100431919098,0.5897899866104126,0.5697733163833618,0.4302266836166382,0.44505733251571655,0.5549426674842834,0.06567412614822388,0.9343259334564209
Mouse_Brain_E18_MISAR,Mouse brain E18,atac,AGAGAAGGTAGATCTA-1,5.0,31.0,Cartilage-2,0.5710450410842896,0.42895498871803284,0.5434582233428955,0.4565417468547821,0.5357352495193481,0.46426472067832947,0.017011212185025215,0.9829887747764587
Mouse_Brain_E18_MISAR,Mouse brain E18,atac,TCGGCCTTCATACTCC-1,39.0,47.0,Diencephalonand hindbrain,0.4105556011199951,0.5894443988800049,0.43729326128959656,0.562706708908081,0.5780660510063171,0.42193394899368286,0.007414150983095169,0.9925858378410339
Mouse_Brain_E18_MISAR,Mouse brain E18,atac,TCCGGCCTTGAGTCTG-1,6.0,28.0,DPallm,0.48598530888557434,0.514014720916748,0.5722822546958923,0.4277177155017853,0.9658376574516296,0.03416237607598305,0.00269826571457088,0.9973016977310181
Mouse_Brain_E18_MISAR,Mouse brain E18,atac,CCGAGAATGCCGCAAC-1,25.0,27.0,Diencephalonand hindbrain,0.5240849852561951,0.47591501474380493,0.6203972101211548,0.37960273027420044,0.2891371548175812,0.7108628153800964,0.08100210130214691,0.9189978837966919
Mouse_Brain_E18_MISAR,Mouse brain E18,atac,ACGGAGGCGATCTTAC-1,21.0,24.0,Diencephalonand hindbrain,0.35709068179130554,0.6429093480110168,0.5808318853378296,0.4191681146621704,0.3714240789413452,0.62857586145401,0.014688036404550076,0.9853119254112244
Mouse_Brain_E18_MISAR,Mouse brain E18,atac,TAGATCTAACTATGCA-1,20.0,38.0,DPallv,0.5841377973556519,0.41586220264434814,0.5440351366996765,0.4559648931026459,0.9286782145500183,0.07132181525230408,0.0038491273298859596,0.9961508512496948
Mouse_Brain_E18_MISAR,Mouse brain E18,atac,TTGACTTCAACCTGCG-1,33.0,50.0,Diencephalonand hindbrain,0.5447953343391418,0.45520472526550293,0.4522133469581604,0.5477865934371948,0.21974888443946838,0.780251145362854,0.013689355924725533,0.9863107204437256
Mouse_Brain_E18_MISAR,Mouse brain E18,atac,CTAAGAGATTATCCGG-1,31.0,41.0,Diencephalonand hindbrain,0.38341304659843445,0.6165869832038879,0.5578595995903015,0.44214046001434326,0.7434223294258118,0.25657764077186584,0.038424327969551086,0.9615756273269653
Mouse_Brain_E18_MISAR,Mouse brain E18,atac,CGACGCGATAGAGTAA-1,12.0,10.0,Diencephalonand hindbrain,0.6153280138969421,0.38467198610305786,0.5778118968009949,0.4221881031990051,0.3527105450630188,0.6472893953323364,0.050291843712329865,0.9497081637382507
Mouse_Brain_E18_MISAR,Mouse brain E18,atac,GATCTTACGAAGATCG-1,27.0,43.0,Diencephalonand hindbrain,0.5440348386764526,0.455965131521225,0.5591323375701904,0.44086766242980957,0.47305262088775635,0.5269473791122437,0.024161361157894135,0.9758387207984924
Mouse_Brain_E18_MISAR,Mouse brain E18,atac,CGACGCGACTTGCGCC-1,12.0,14.0,DPallm,0.6583477854728699,0.3416522443294525,0.4797104299068451,0.5202895998954773,0.46140700578689575,0.538593053817749,0.061138544231653214,0.9388614892959595
Mouse_Brain_E18_MISAR,Mouse brain E18,atac,ATCATATTTGAGTCTG-1,15.0,28.0,Subpallium-2,0.5832375884056091,0.41676247119903564,0.5594388246536255,0.4405611753463745,0.4875926673412323,0.5124073028564453,0.015118326991796494,0.9848816990852356
Mouse_Brain_E18_MISAR,Mouse brain E18,atac,CGAACGCCTTATCCGG-1,49.0,41.0,Diencephalonand hindbrain,0.5370309352874756,0.4629690945148468,0.5395646095275879,0.4604353606700897,0.37008237838745117,0.6299176216125488,0.03620323911309242,0.9637967944145203
Mouse_Brain_E18_MISAR,Mouse brain E18,atac,TGAGTCTGTCTGATAC-1,23.0,42.0,DPallm,0.47336259484291077,0.5266373753547668,0.4924356937408447,0.5075642466545105,0.9559731483459473,0.04402683675289154,0.012685281224548817,0.9873147010803223
Mouse_Brain_E18_MISAR,Mouse brain E18,atac,CTTGCGCCTAGAGTAA-1,37.0,10.0,Cartilage-1,0.35197263956069946,0.6480273604393005,0.7689814567565918,0.23101858794689178,0.3041895925998688,0.6958103775978088,0.0023019600193947554,0.9976980090141296
Mouse_Brain_E18_MISAR,Mouse brain E18,atac,TGCGGACCGCAGGTCC-1,22.0,11.0,Diencephalonand hindbrain,0.4353208839893341,0.5646791458129883,0.5056309103965759,0.49436911940574646,0.6081253886222839,0.3918745815753937,0.0177315566688776,0.9822684526443481
Mouse_Brain_E18_MISAR,Mouse brain E18,atac,TCGGCCTTAGAGAAGG-1,39.0,46.0,Diencephalonand hindbrain,0.4523215889930725,0.5476784110069275,0.4601570665836334,0.5398429036140442,0.5657445788383484,0.4342554807662964,0.009766715578734875,0.990233302116394
Mouse_Brain_E18_MISAR,Mouse brain E18,atac,GGTACTGCGATCTTAC-1,36.0,24.0,Mesenchyme,0.5146530866622925,0.4853469133377075,0.5290237069129944,0.470976322889328,0.7254636883735657,0.27453625202178955,0.005710139870643616,0.9942898750305176
Mouse_Brain_E18_MISAR,Mouse brain E18,atac,TGCGGACCGAAGATCG-1,22.0,43.0,DPallv,0.4566127061843872,0.5433872938156128,0.6601824760437012,0.33981752395629883,0.9452527761459351,0.05474724620580673,0.006953919772058725,0.9930461049079895
Mouse_Brain_E18_MISAR,Mouse brain E18,atac,TCTGATACTGGTCAGC-1,9.0,37.0,Cartilage-3,0.6658933758735657,0.33410659432411194,0.616445779800415,0.38355425000190735,0.26403260231018066,0.7359673976898193,0.025335580110549927,0.9746643900871277
Mouse_Brain_E18_MISAR,Mouse brain E18,atac,TAGATCTATTATTCAT-1,20.0,33.0,Mesenchyme,0.686095118522644,0.31390488147735596,0.4812561273574829,0.5187438726425171,0.726788341999054,0.27321165800094604,0.004970898386090994,0.9950291514396667
Mouse_Brain_E18_MISAR,Mouse brain E18,atac,TCCTACCATTACCGAG-1,29.0,35.0,Diencephalonand hindbrain,0.5623571872711182,0.4376428425312042,0.5341431498527527,0.4658568203449249,0.44333335757255554,0.5566666722297668,0.019727924838662148,0.980272114276886
Mouse_Brain_E18_MISAR,Mouse brain E18,atac,GCGTTGGAGCCGCAAC-1,28.0,27.0,Diencephalonand hindbrain,0.4131416380405426,0.586858332157135,0.5224565863609314,0.4775433838367462,0.5081853866577148,0.49181458353996277,0.017867496237158775,0.9821325540542603
Mouse_Brain_E18_MISAR,Mouse brain E18,atac,GCGTTGGAGCTAACTT-1,28.0,48.0,Diencephalonand hindbrain,0.4913686513900757,0.5086313486099243,0.6155568957328796,0.38444310426712036,0.4202083647251129,0.5797916054725647,0.02791834995150566,0.9720816612243652
Mouse_Brain_E18_MISAR,Mouse brain E18,atac,TCCTACCAAGAGAAGG-1,29.0,46.0,Diencephalonand hindbrain,0.41382449865341187,0.5861755013465881,0.6004514098167419,0.39954861998558044,0.4243137538433075,0.5756862759590149,0.014447520487010479,0.9855524897575378
Mouse_Brain_E18_MISAR,Mouse brain E18,atac,GCCATTCTACTATGCA-1,34.0,38.0,Diencephalonand hindbrain,0.6306393146514893,0.36936062574386597,0.5498602390289307,0.4501397907733917,0.5363117456436157,0.4636882245540619,0.03181604668498039,0.9681839346885681
Mouse_Brain_E18_MISAR,Mouse brain E18,atac,TAGAATTAAGAACGTC-1,35.0,13.0,Cartilage-2,0.40057313442230225,0.5994268655776978,0.6730729937553406,0.3269270062446594,0.200616717338562,0.799383282661438,0.005167824216187,0.9948321580886841
Mouse_Brain_E18_MISAR,Mouse brain E18,atac,TGAGTCTGAATTAAGA-1,23.0,32.0,Thalamus,0.6090340614318848,0.39096593856811523,0.5198944211006165,0.48010560870170593,0.6090912222862244,0.39090874791145325,0.012575785629451275,0.9874241948127747
Mouse_Brain_E18_MISAR,Mouse brain E18,atac,AATTAAGAGCGTTGGA-1,19.0,23.0,Mesenchyme,0.5164056420326233,0.4835943877696991,0.44183051586151123,0.5581694841384888,0.09001781046390533,0.9099822044372559,0.04738285392522812,0.9526172280311584
Mouse_Brain_E18_MISAR,Mouse brain E18,atac,AATTAAGACCGAGAAT-1,19.0,26.0,Subpallium-2,0.4782717525959015,0.5217282176017761,0.459484338760376,0.5405157208442688,0.35716181993484497,0.642838180065155,0.011909685097634792,0.9880902767181396
Mouse_Brain_E18_MISAR,Mouse brain E18,atac,GGTACTGCCTAAGAGA-1,36.0,20.0,Mesenchyme,0.6679084897041321,0.3320915400981903,0.5599047541618347,0.4400952458381653,0.3233543038368225,0.6766456961631775,0.029445242136716843,0.970554769039154
Mouse_Brain_E18_MISAR,Mouse brain E18,atac,ACCGCCAATGAGTCTG-1,46.0,28.0,Diencephalonand hindbrain,0.394022136926651,0.6059778928756714,0.48835489153862,0.5116451382637024,0.8439649343490601,0.15603502094745636,0.007662747986614704,0.9923372864723206
Mouse_Brain_E18_MISAR,Mouse brain E18,atac,AATTAAGATTACCGAG-1,19.0,35.0,DPallm,0.5192452073097229,0.4807547628879547,0.47406527400016785,0.5259346961975098,0.7963582277297974,0.20364178717136383,0.02352254092693329,0.9764774441719055
Mouse_Brain_E18_MISAR,Mouse brain E18,atac,ACGGAGGCACCGCCAA-1,21.0,5.0,Muscle,0.5166337490081787,0.4833662807941437,0.5195791125297546,0.480420857667923,0.34160417318344116,0.6583958268165588,0.019066842272877693,0.9809331893920898
Mouse_Brain_E18_MISAR,Mouse brain E18,atac,GACCTTGATTACCGAG-1,42.0,35.0,Diencephalonand hindbrain,0.5189251899719238,0.48107481002807617,0.5185287594795227,0.4814712703227997,0.5765374302864075,0.42346253991127014,0.017149368301033974,0.9828506708145142
Mouse_Brain_E18_MISAR,Mouse brain E18,atac,TCCGGCCTGGTACTGC-1,6.0,15.0,DPallm,0.7287577986717224,0.2712422013282776,0.6277951002120972,0.37220489978790283,0.7080308794975281,0.29196909070014954,0.07742245495319366,0.9225775003433228
Mouse_Brain_E18_MISAR,Mouse brain E18,atac,CAACCGCTTGGTCAGC-1,43.0,37.0,Diencephalonand hindbrain,0.6144064664840698,0.38559359312057495,0.6224849820137024,0.37751495838165283,0.31516215205192566,0.684837818145752,0.007140777539461851,0.9928592443466187
Mouse_Brain_E18_MISAR,Mouse brain E18,atac,GGTATGCTGCCATTCT-1,2.0,17.0,Cartilage-2,0.6767887473106384,0.3232112228870392,0.6352117657661438,0.3647881746292114,0.1475040167570114,0.8524959683418274,0.02272096462547779,0.977279007434845
Mouse_Brain_E18_MISAR,Mouse brain E18,atac,GGTACTGCGATACGGA-1,36.0,40.0,Diencephalonand hindbrain,0.8072766661643982,0.1927233636379242,0.5946289300918579,0.4053710699081421,0.6360375881195068,0.3639623820781708,0.03483947366476059,0.9651605486869812
Mouse_Brain_E18_MISAR,Mouse brain E18,atac,TAGAGTAAAGAGCTAT-1,41.0,19.0,Cartilage-3,0.31614255905151367,0.6838574409484863,0.650053083896637,0.34994691610336304,0.08292961120605469,0.9170703887939453,0.0067319427616894245,0.9932680726051331
Mouse_Brain_E18_MISAR,Mouse brain E18,atac,CAACCGCTAGAACGTC-1,43.0,13.0,Cartilage-3,0.36814919114112854,0.6318507790565491,0.6397203207015991,0.36027970910072327,0.3233219385147095,0.6766780614852905,0.00971958227455616,0.9902804493904114
Mouse_Brain_E18_MISAR,Mouse brain E18,atac,AACCTGCGACCGCCAA-1,1.0,5.0,Cartilage-3,0.46488291025161743,0.5351170897483826,0.7466432452201843,0.2533567547798157,0.23057839274406433,0.7694215774536133,0.0014306375524029136,0.9985693693161011
Mouse_Brain_E18_MISAR,Mouse brain E18,atac,GCGTTGGATAGATCTA-1,28.0,31.0,Diencephalonand hindbrain,0.6735865473747253,0.32641342282295227,0.468278706073761,0.5317212343215942,0.6108534336090088,0.3891465663909912,0.030502231791615486,0.969497799873352
Mouse_Brain_E18_MISAR,Mouse brain E18,atac,ATAAGGAGTGCGGACC-1,50.0,29.0,Diencephalonand hindbrain,0.4278630018234253,0.5721369981765747,0.4781678020954132,0.5218321681022644,0.6513461470603943,0.3486538827419281,0.03076055832207203,0.9692394137382507
Mouse_Brain_E18_MISAR,Mouse brain E18,atac,TCCTACCATTGACTTC-1,29.0,18.0,Diencephalonand hindbrain,0.512276291847229,0.48772376775741577,0.4761599898338318,0.5238400101661682,0.44907528162002563,0.5509247183799744,0.030008753761649132,0.9699912071228027
Mouse_Brain_E18_MISAR,Mouse brain E18,atac,AATTAAGACTAAGAGA-1,19.0,20.0,Subpallium-1,0.426941841840744,0.5730581283569336,0.5042405128479004,0.4957594871520996,0.13977386057376862,0.8602261543273926,0.016670165583491325,0.9833298325538635
Mouse_Brain_E18_MISAR,Mouse brain E18,atac,ACTTAACCTAGAATTA-1,44.0,16.0,Cartilage-2,0.5955761671066284,0.4044238030910492,0.4880077838897705,0.5119922161102295,0.10638389736413956,0.8936160802841187,0.006870581302791834,0.9931294322013855
Mouse_Brain_E18_MISAR,Mouse brain E18,atac,GACCTTGAAGAGCTAT-1,42.0,19.0,Cartilage-2,0.4535934329032898,0.5464065074920654,0.6373514533042908,0.36264851689338684,0.08927629888057709,0.9107237458229065,0.006865871604532003,0.9931341409683228
Mouse_Brain_E18_MISAR,Mouse brain E18,atac,TAGATCTATAGATCTA-1,20.0,31.0,Mesenchyme,0.8218846917152405,0.1781153380870819,0.4858022630214691,0.5141977071762085,0.6959982514381409,0.30400171875953674,0.005413181148469448,0.9945868253707886
Mouse_Brain_E18_MISAR,Mouse brain E18,atac,TTATTCATATAAGGAG-1,18.0,1.0,Cartilage-3,0.5697076916694641,0.4302923083305359,0.5375486016273499,0.46245142817497253,0.5507950782775879,0.4492049217224121,0.0011855711927637458,0.9988144636154175
Mouse_Brain_E18_MISAR,Mouse brain E18,atac,ACTATGCATCGGCCTT-1,13.0,12.0,DPallm,0.7370887994766235,0.26291120052337646,0.47193267941474915,0.5280672907829285,0.6639918684959412,0.3360081613063812,0.009143397212028503,0.9908566474914551
Mouse_Brain_E18_MISAR,Mouse brain E18,atac,TAGAATTAAGAGAAGG-1,35.0,46.0,Diencephalonand hindbrain,0.5722306370735168,0.42776942253112793,0.4748244881629944,0.5251754522323608,0.2397354245185852,0.7602645754814148,0.01812060736119747,0.9818794131278992
Mouse_Brain_E18_MISAR,Mouse brain E18,atac,ACTCAATAGCGTTGGA-1,30.0,23.0,Mesenchyme,0.5022098422050476,0.4977901875972748,0.5378535985946655,0.46214643120765686,0.22988231480121613,0.7701176404953003,0.016904253512620926,0.9830958247184753
Mouse_Brain_E18_MISAR,Mouse brain E18,atac,CGACGCGAACTTAACC-1,12.0,7.0,Cartilage-3,0.6446376442909241,0.35536229610443115,0.7062941193580627,0.29370591044425964,0.08453895151615143,0.9154610633850098,0.0008682266343384981,0.9991317391395569
Mouse_Brain_E18_MISAR,Mouse brain E18,atac,AGAGCTATGCTAACTT-1,32.0,48.0,Diencephalonand hindbrain,0.461617648601532,0.538382351398468,0.5467175245285034,0.4532824754714966,0.4301154911518097,0.5698845386505127,0.01102643832564354,0.9889735579490662
Mouse_Brain_E18_MISAR,Mouse brain E18,atac,CTTGCGCCTGCCGGCA-1,37.0,34.0,Diencephalonand hindbrain,0.5736806988716125,0.4263193607330322,0.4950483441352844,0.5049517154693604,0.3049483299255371,0.6950516700744629,0.022555315867066383,0.9774446487426758
Mouse_Brain_E18_MISAR,Mouse brain E18,atac,GCGTTGGATGCCGGCA-1,28.0,34.0,Diencephalonand hindbrain,0.4062942564487457,0.5937057137489319,0.40204209089279175,0.5979579091072083,0.7945020198822021,0.20549795031547546,0.021274669095873833,0.9787253737449646
Mouse_Brain_E18_MISAR,Mouse brain E18,atac,CGAACGCCCATACTCC-1,49.0,47.0,Midbrain,0.48938921093940735,0.5106107592582703,0.5091187953948975,0.49088120460510254,0.1027890294790268,0.8972110152244568,0.005258601158857346,0.9947413206100464
Mouse_Brain_E18_MISAR,Mouse brain E18,atac,TGAGTCTGTGCGGACC-1,23.0,29.0,Thalamus,0.4989345967769623,0.5010654330253601,0.5451233386993408,0.4548766613006592,0.6224796772003174,0.37752029299736023,0.021757060661911964,0.9782428741455078
Mouse_Brain_E18_MISAR,Mouse brain E18,atac,CCGAGAATCCAGTTCC-1,25.0,6.0,Cartilage-4,0.7040132284164429,0.29598671197891235,0.6082721948623657,0.3917277753353119,0.4932670295238495,0.5067329406738281,0.005158612038940191,0.9948413968086243
Mouse_Brain_E18_MISAR,Mouse brain E18,atac,TTATTCATCCGATTCC-1,18.0,4.0,Cartilage-4,0.5757178068161011,0.42428216338157654,0.5064667463302612,0.49353325366973877,0.23573516309261322,0.7642648220062256,0.0010821996256709099,0.998917818069458
Mouse_Brain_E18_MISAR,Mouse brain E18,atac,TCTGATACACTTAACC-1,9.0,7.0,Cartilage-4,0.49611616134643555,0.5038838386535645,0.5066305994987488,0.4933694005012512,0.38155579566955566,0.6184442043304443,0.00684210192412138,0.9931579232215881
Mouse_Brain_E18_MISAR,Mouse brain E18,atac,CCGAGAATTTGACTTC-1,25.0,18.0,Diencephalonand hindbrain,0.48066189885139465,0.5193381309509277,0.5023614764213562,0.4976385533809662,0.14078454673290253,0.8592154383659363,0.029763417318463326,0.9702365398406982
Mouse_Brain_E18_MISAR,Mouse brain E18,atac,GCCGCAACATCATATT-1,24.0,36.0,Cartilage-2,0.585526168346405,0.41447383165359497,0.4720950424671173,0.5279049277305603,0.6092753410339355,0.39072462916374207,0.05044809356331825,0.9495518803596497
Mouse_Brain_E18_MISAR,Mouse brain E18,atac,ATAAGGAGTTATCCGG-1,50.0,41.0,Diencephalonand hindbrain,0.5184699892997742,0.48152998089790344,0.59821617603302,0.40178382396698,0.36616918444633484,0.6338308453559875,0.07578199356794357,0.924217939376831
Mouse_Brain_E18_MISAR,Mouse brain E18,atac,ACGGAGGCTGAGTCTG-1,21.0,28.0,Cartilage-2,0.5296772122383118,0.47032278776168823,0.6264218091964722,0.37357819080352783,0.5542842149734497,0.44571584463119507,0.0570821650326252,0.9429178237915039
Mouse_Brain_E18_MISAR,Mouse brain E18,atac,TCCTACCATAGATCTA-1,29.0,31.0,Diencephalonand hindbrain,0.6702812910079956,0.3297187089920044,0.48503363132476807,0.5149663686752319,0.5662732124328613,0.43372684717178345,0.03557383641600609,0.9644262194633484
Mouse_Brain_E18_MISAR,Mouse brain E18,atac,GGCTGAGCTTATTCAT-1,48.0,33.0,Diencephalonand hindbrain,0.6383905410766602,0.36160945892333984,0.4682687819004059,0.5317312479019165,0.4839074909687042,0.5160925388336182,0.01167666632682085,0.9883233308792114
Mouse_Brain_E18_MISAR,Mouse brain E18,atac,GATCTTACGATCTTAC-1,27.0,24.0,Mesenchyme,0.5795629620552063,0.4204370677471161,0.4564010798931122,0.5435989499092102,0.558051347732544,0.44194862246513367,0.02733015827834606,0.9726698398590088
Mouse_Brain_E18_MISAR,Mouse brain E18,atac,AGAACGTCTAGAATTA-1,38.0,16.0,Cartilage-1,0.3870980441570282,0.6129019856452942,0.6120547652244568,0.3879452347755432,0.06048612296581268,0.9395138025283813,0.0010819501476362348,0.9989180564880371
Mouse_Brain_E18_MISAR,Mouse brain E18,atac,GCCATTCTGAAGATCG-1,34.0,43.0,Diencephalonand hindbrain,0.8367106914520264,0.16328932344913483,0.5230967998504639,0.47690320014953613,0.4643367528915405,0.5356633067131042,0.0793672502040863,0.9206327795982361
Mouse_Brain_E18_MISAR,Mouse brain E18,atac,CTGATGGTACTCAATA-1,26.0,21.0,Cartilage-4,0.7022891640663147,0.2977108657360077,0.46921059489250183,0.5307894349098206,0.5816147923469543,0.41838523745536804,0.05492522940039635,0.945074737071991
Mouse_Brain_E18_MISAR,Mouse brain E18,atac,TCTGATACCGACGCGA-1,9.0,39.0,Cartilage-2,0.5592234134674072,0.4407765865325928,0.5448074340820312,0.45519259572029114,0.5168132781982422,0.4831866919994354,0.02438335306942463,0.9756166934967041
Mouse_Brain_E18_MISAR,Mouse brain E18,atac,ACTCAATAACGGAGGC-1,30.0,30.0,Diencephalonand hindbrain,0.41370683908462524,0.5862931609153748,0.45465943217277527,0.5453405380249023,0.699350893497467,0.30064907670021057,0.018772732466459274,0.9812272787094116
Mouse_Brain_E18_MISAR,Mouse brain E18,atac,TCGGCCTTTTGACTTC-1,39.0,18.0,Cartilage-1,0.44187411665916443,0.558125913143158,0.4867534637451172,0.5132465362548828,0.07295715063810349,0.9270429015159607,0.0035571588668972254,0.9964428544044495
Mouse_Brain_E18_MISAR,Mouse brain E18,atac,GCCATTCTAGAACGTC-1,34.0,13.0,Mesenchyme,0.5300374031066895,0.4699626564979553,0.4583989679813385,0.5416010022163391,0.38405999541282654,0.6159400343894958,0.013696438632905483,0.9863035082817078
Mouse_Brain_E18_MISAR,Mouse brain E18,atac,GATCTTACAGAGAAGG-1,27.0,46.0,Diencephalonand hindbrain,0.5638445019721985,0.4361555278301239,0.5725577473640442,0.4274422824382782,0.24771173298358917,0.7522882223129272,0.009435344487428665,0.9905647039413452
Mouse_Brain_E18_MISAR,Mouse brain E18,atac,TCTGATACGCGTTGGA-1,9.0,23.0,DPallv,0.45885908603668213,0.5411409139633179,0.6478180885314941,0.35218191146850586,0.8146184086799622,0.18538162112236023,0.018071351572871208,0.9819287061691284
Mouse_Brain_E18_MISAR,Mouse brain E18,atac,GCAGGTCCTAGATCTA-1,40.0,31.0,Diencephalonand hindbrain,0.8363187313079834,0.1636812537908554,0.47263601422309875,0.5273639559745789,0.35307076573371887,0.6469292640686035,0.018768344074487686,0.9812316298484802
Mouse_Brain_E18_MISAR,Mouse brain E18,atac,TGCCGGCACATACTCC-1,17.0,47.0,Mesenchyme,0.7616780996322632,0.23832185566425323,0.48612770438194275,0.5138722658157349,0.3545030951499939,0.6454969048500061,0.035973213613033295,0.9640267491340637
Mouse_Brain_E18_MISAR,Mouse brain E18,atac,GATACGGATAGAGTAA-1,11.0,10.0,Diencephalonand hindbrain,0.6964407563209534,0.30355921387672424,0.6523289084434509,0.3476710915565491,0.5066357254981995,0.49336424469947815,0.0190875306725502,0.9809123873710632
Mouse_Brain_E18_MISAR,Mouse brain E18,atac,GGTACTGCTGCGGACC-1,36.0,29.0,Mesenchyme,0.7393513917922974,0.26064854860305786,0.47099336981773376,0.5290066599845886,0.630657970905304,0.36934202909469604,0.025125602260231972,0.9748743772506714
Mouse_Brain_E18_MISAR,Mouse brain E18,atac,TGGTCAGCTAGAATTA-1,14.0,16.0,Subpallium-1,0.442342609167099,0.5576573610305786,0.4473448693752289,0.5526551604270935,0.17161670327186584,0.8283832669258118,0.03717260807752609,0.9628274440765381
Mouse_Brain_E18_MISAR,Mouse brain E18,atac,TTATTCATGACCTTGA-1,18.0,9.0,Subpallium-1,0.35873740911483765,0.6412626504898071,0.547932505607605,0.45206746459007263,0.3850708305835724,0.61492919921875,0.013472369872033596,0.9865276217460632
Mouse_Brain_E18_MISAR,Mouse brain E18,atac,CTTGCGCCTTATCCGG-1,37.0,41.0,Diencephalonand hindbrain,0.6137543320655823,0.3862456977367401,0.5896634459495544,0.41033655405044556,0.4711185693740845,0.5288814306259155,0.01921197585761547,0.980787992477417
Mouse_Brain_E18_MISAR,Mouse brain E18,atac,CAACCGCTTTATCCGG-1,43.0,41.0,Diencephalonand hindbrain,0.6383534669876099,0.36164653301239014,0.5492372512817383,0.45076271891593933,0.590147852897644,0.40985220670700073,0.009005781263113022,0.9909941554069519
Mouse_Brain_E18_MISAR,Mouse brain E18,atac,GATACGGAACTTAACC-1,11.0,7.0,Cartilage-3,0.5012964606285095,0.4987035393714905,0.5302292108535767,0.4697708189487457,0.08058750629425049,0.9194124341011047,0.00129166420083493,0.9987083673477173
Mouse_Brain_E18_MISAR,Mouse brain E18,atac,TTATTCATGCCATTCT-1,18.0,17.0,Subpallium-1,0.4415612816810608,0.558438777923584,0.4877346456050873,0.5122653841972351,0.10605750232934952,0.8939424753189087,0.019334780052304268,0.9806652069091797
Mouse_Brain_E18_MISAR,Mouse brain E18,atac,GCGTTGGATTATTCAT-1,28.0,33.0,Thalamus,0.5560116171836853,0.4439884424209595,0.44089818000793457,0.5591018199920654,0.8034743666648865,0.19652564823627472,0.023518593981862068,0.9764813780784607
Mouse_Brain_E18_MISAR,Mouse brain E18,atac,GGTACTGCCTGATGGT-1,36.0,25.0,Mesenchyme,0.40934327244758606,0.5906566977500916,0.49040547013282776,0.5095945596694946,0.5524442195892334,0.4475557506084442,0.004088721703737974,0.9959112405776978
Mouse_Brain_E18_MISAR,Mouse brain E18,atac,AGAGAAGGACCGCCAA-1,5.0,5.0,Cartilage-3,0.5535675287246704,0.44643253087997437,0.4764993488788605,0.5235006809234619,0.3363330364227295,0.6636669039726257,0.001697791856713593,0.9983022212982178
Mouse_Brain_E18_MISAR,Mouse brain E18,atac,ACCGCCAATCCGGCCT-1,46.0,45.0,Midbrain,0.48637494444847107,0.5136250257492065,0.4834372401237488,0.5165627598762512,0.3025341331958771,0.6974658966064453,0.014384878799319267,0.9856151342391968
Mouse_Brain_E18_MISAR,Mouse brain E18,atac,GCCGCAACACGGAGGC-1,24.0,30.0,Thalamus,0.6181777715682983,0.3818221986293793,0.4993330240249634,0.5006669759750366,0.785098671913147,0.2149013876914978,0.017686573788523674,0.9823134541511536
Mouse_Brain_E18_MISAR,Mouse brain E18,atac,TCGGCCTTGCGTTGGA-1,39.0,23.0,Mesenchyme,0.658826470375061,0.34117358922958374,0.5274171233177185,0.4725828766822815,0.3201730251312256,0.6798269748687744,0.0029955203644931316,0.9970044493675232
Mouse_Brain_E18_MISAR,Mouse brain E18,atac,AGAGCTATTGAGTCTG-1,32.0,28.0,Diencephalonand hindbrain,0.5219650268554688,0.47803497314453125,0.5523963570594788,0.44760364294052124,0.6459052562713623,0.3540947735309601,0.014585401862859726,0.9854146242141724
Mouse_Brain_E18_MISAR,Mouse brain E18,atac,GATCTTACTAGAGTAA-1,27.0,10.0,Diencephalonand hindbrain,0.6135780811309814,0.38642191886901855,0.4423593282699585,0.5576406717300415,0.5222248435020447,0.4777751863002777,0.010038592852652073,0.9899613857269287
Mouse_Brain_E18_MISAR,Mouse brain E18,atac,ATCATATTCATACTCC-1,15.0,47.0,Mesenchyme,0.8289972543716431,0.17100277543067932,0.47480884194374084,0.5251911878585815,0.4495832622051239,0.5504167675971985,0.008451989851891994,0.9915480017662048
Mouse_Brain_E18_MISAR,Mouse brain E18,atac,GGTACTGCAATTAAGA-1,36.0,32.0,Diencephalonand hindbrain,0.5850577354431152,0.41494226455688477,0.6113385558128357,0.3886614143848419,0.4883650541305542,0.5116349458694458,0.0521407388150692,0.9478592872619629
Mouse_Brain_E18_MISAR,Mouse brain E18,atac,TCGGCCTTTCCGGCCT-1,39.0,45.0,Diencephalonand hindbrain,0.8485080599784851,0.1514918953180313,0.5758432149887085,0.4241567850112915,0.3506130874156952,0.6493869423866272,0.025738464668393135,0.9742615222930908
Mouse_Brain_E18_MISAR,Mouse brain E18,atac,CCAGTTCCTAGAATTA-1,45.0,16.0,Cartilage-2,0.7052991986274719,0.2947008013725281,0.4839104413986206,0.5160896182060242,0.19475655257701874,0.8052434325218201,0.0028386793565005064,0.9971613883972168
Mouse_Brain_E18_MISAR,Mouse brain E18,atac,GCCATTCTAACCTGCG-1,34.0,50.0,Diencephalonand hindbrain,0.5379785895347595,0.4620213806629181,0.4277024567127228,0.5722975134849548,0.3675297498703003,0.6324702501296997,0.02681979164481163,0.9731801748275757
Mouse_Brain_E18_MISAR,Mouse brain E18,atac,AGAACGTCGGTATGCT-1,38.0,49.0,Diencephalonand hindbrain,0.5332154035568237,0.46678459644317627,0.4935387670993805,0.5064612030982971,0.33003464341163635,0.6699653267860413,0.0132062379270792,0.9867936968803406
Mouse_Brain_E18_MISAR,Mouse brain E18,atac,TAGATCTAGCTAACTT-1,20.0,48.0,Cartilage-2,0.5147667527198792,0.48523324728012085,0.5763901472091675,0.4236098527908325,0.2379196584224701,0.7620803117752075,0.04701704531908035,0.9529829621315002
Mouse_Brain_E18_MISAR,Mouse brain E18,atac,GAAGATCGCGACGCGA-1,8.0,39.0,Cartilage-2,0.7142608165740967,0.2857391834259033,0.4896272122859955,0.5103728175163269,0.589937150478363,0.4100627899169922,0.01473534107208252,0.9852645993232727
Mouse_Brain_E18_MISAR,Mouse brain E18,atac,ATAAGGAGCGACGCGA-1,50.0,39.0,Diencephalonand hindbrain,0.5176684856414795,0.4823315143585205,0.6007265448570251,0.39927348494529724,0.5626848340034485,0.4373151659965515,0.022106217220425606,0.9778938293457031
Mouse_Brain_E18_MISAR,Mouse brain E18,atac,ACTATGCATCTGATAC-1,13.0,42.0,Cartilage-2,0.5205613374710083,0.4794386029243469,0.39675766229629517,0.6032423377037048,0.5233346223831177,0.4766654074192047,0.02260765992105007,0.9773923754692078
Mouse_Brain_E18_MISAR,Mouse brain E18,atac,GCGTTGGAAGAACGTC-1,28.0,13.0,Diencephalonand hindbrain,0.5383799076080322,0.46162012219429016,0.5561698079109192,0.4438301622867584,0.34160810708999634,0.6583918929100037,0.03021489456295967,0.9697850942611694
Mouse_Brain_E18_MISAR,Mouse brain E18,atac,TTATTCATCATACTCC-1,18.0,47.0,Mesenchyme,0.8203077912330627,0.17969216406345367,0.4107193648815155,0.5892806649208069,0.15030719339847565,0.8496928811073303,0.05560748279094696,0.9443925023078918
Mouse_Brain_E18_MISAR,Mouse brain E18,atac,GACCTTGAACGGAGGC-1,42.0,30.0,Diencephalonand hindbrain,0.6768163442611694,0.3231836259365082,0.4633852243423462,0.5366147756576538,0.6020152568817139,0.39798471331596375,0.0960259884595871,0.9039740562438965
Mouse_Brain_E18_MISAR,Mouse brain E18,atac,AATTAAGAAAGAAGCT-1,19.0,44.0,DPallm,0.5076141953468323,0.4923858344554901,0.4630260169506073,0.5369739532470703,0.9027523994445801,0.0972476452589035,0.004929398186504841,0.9950705766677856
Mouse_Brain_E18_MISAR,Mouse brain E18,atac,CTAAGAGAATCATATT-1,31.0,36.0,Diencephalonand hindbrain,0.6517487168312073,0.34825125336647034,0.5107712745666504,0.4892286956310272,0.5415475368499756,0.4584524929523468,0.005556125659495592,0.9944438338279724
Mouse_Brain_E18_MISAR,Mouse brain E18,atac,TTATTCATTTGACTTC-1,18.0,18.0,Subpallium-1,0.40434524416923523,0.5956547260284424,0.5471786856651306,0.452821284532547,0.1646013855934143,0.8353986740112305,0.030361192300915718,0.9696388244628906
Mouse_Brain_E18_MISAR,Mouse brain E18,atac,GGCTGAGCTCCGGCCT-1,48.0,45.0,Midbrain,0.8255870342254639,0.1744130253791809,0.46623072028160095,0.5337692499160767,0.41211801767349243,0.5878819823265076,0.03384668752551079,0.9661533236503601
Mouse_Brain_E18_MISAR,Mouse brain E18,atac,CGACGCGAGCGTTGGA-1,12.0,23.0,Subpallium-1,0.4942742586135864,0.5057258009910583,0.5642305016517639,0.43576952815055847,0.19483117759227753,0.8051688075065613,0.033037275075912476,0.9669627547264099
Mouse_Brain_E18_MISAR,Mouse brain E18,atac,GCTAACTTCTAAGAGA-1,3.0,20.0,DPallm,0.732407808303833,0.2675922214984894,0.5651148557662964,0.434885174036026,0.8819907903671265,0.11800922453403473,0.031319402158260345,0.9686805605888367
Mouse_Brain_E18_MISAR,Mouse brain E18,atac,AATTAAGAAGAACGTC-1,19.0,13.0,Subpallium-1,0.49475112557411194,0.5052488446235657,0.4715356230735779,0.5284643769264221,0.2984902560710907,0.7015097141265869,0.018401745706796646,0.9815982580184937
Mouse_Brain_E18_MISAR,Mouse brain E18,atac,TAGAATTAGCAGGTCC-1,35.0,11.0,Cartilage-1,0.515351414680481,0.48464858531951904,0.5270466804504395,0.47295334935188293,0.28516286611557007,0.7148371338844299,0.005762540269643068,0.9942374229431152
Mouse_Brain_E18_MISAR,Mouse brain E18,atac,CATACTCCGCCGCAAC-1,4.0,27.0,Cartilage-2,0.6106020212173462,0.3893979489803314,0.5428255200386047,0.45717447996139526,0.42569902539253235,0.57430100440979,0.016057442873716354,0.9839425086975098
Mouse_Brain_E18_MISAR,Mouse brain E18,atac,TCGGCCTTTGCGGACC-1,39.0,29.0,Diencephalonand hindbrain,0.7318961024284363,0.26810386776924133,0.4657319188117981,0.5342680811882019,0.5995178818702698,0.40048208832740784,0.005904602352529764,0.9940953254699707
Mouse_Brain_E18_MISAR,Mouse brain E18,atac,TGAGTCTGACGGAGGC-1,23.0,30.0,Thalamus,0.6154523491859436,0.38454771041870117,0.5253421068191528,0.4746578633785248,0.7799710631370544,0.22002896666526794,0.018656281754374504,0.9813437461853027
Mouse_Brain_E18_MISAR,Mouse brain E18,atac,CTGATGGTAGAGCTAT-1,26.0,19.0,Diencephalonand hindbrain,0.6062977313995361,0.3937022387981415,0.5972990393638611,0.4027009606361389,0.33325281739234924,0.6667471528053284,0.06217283010482788,0.9378271698951721
Mouse_Brain_E18_MISAR,Mouse brain E18,atac,TTATCCGGTCGGCCTT-1,10.0,12.0,DPallm,0.46299096941947937,0.5370090007781982,0.5761010646820068,0.4238989055156708,0.6413522958755493,0.3586476743221283,0.06218910217285156,0.9378108978271484
Mouse_Brain_E18_MISAR,Mouse brain E18,atac,GGTACTGCGCTAACTT-1,36.0,48.0,Diencephalonand hindbrain,0.598068356513977,0.40193164348602295,0.605322003364563,0.394677996635437,0.5179480910301208,0.4820518493652344,0.01275033038109541,0.9872496724128723
Mouse_Brain_E18_MISAR,Mouse brain E18,atac,CTTGCGCCACTCAATA-1,37.0,21.0,Mesenchyme,0.5334357619285583,0.46656420826911926,0.4316045343875885,0.5683954954147339,0.3896297514438629,0.6103702783584595,0.032616011798381805,0.9673839211463928
Mouse_Brain_E18_MISAR,Mouse brain E18,atac,ATCATATTCCGAGAAT-1,15.0,26.0,Subpallium-1,0.5132285356521606,0.48677146434783936,0.507499635219574,0.492500364780426,0.11507434397935867,0.8849257230758667,0.038635268807411194,0.96136474609375
Mouse_Brain_E18_MISAR,Mouse brain E18,atac,CGAACGCCACGGAGGC-1,49.0,30.0,Diencephalonand hindbrain,0.513437032699585,0.48656293749809265,0.5248332619667053,0.4751667380332947,0.514621376991272,0.485378623008728,0.030090266838669777,0.9699097871780396
Mouse_Brain_E18_MISAR,Mouse brain E18,atac,GCGTTGGATGGTCAGC-1,28.0,37.0,Diencephalonand hindbrain,0.533469557762146,0.4665304124355316,0.4689202606678009,0.5310797691345215,0.7066565752029419,0.2933434247970581,0.06957907229661942,0.9304209351539612
Mouse_Brain_E18_MISAR,Mouse brain E18,atac,TAGAATTAGATACGGA-1,35.0,40.0,Diencephalonand hindbrain,0.6274245381355286,0.37257546186447144,0.5249513983726501,0.47504863142967224,0.6368260979652405,0.3631739616394043,0.041933875530958176,0.9580661654472351
Mouse_Brain_E18_MISAR,Mouse brain E18,atac,GATCTTACGCCGCAAC-1,27.0,27.0,Diencephalonand hindbrain,0.4221158027648926,0.5778842568397522,0.5341454744338989,0.4658545255661011,0.27696332335472107,0.7230367064476013,0.011393874883651733,0.9886061549186707
Mouse_Brain_E18_MISAR,Mouse brain E18,atac,TGAGTCTGATCATATT-1,23.0,36.0,Mesenchyme,0.6138467192649841,0.38615334033966064,0.53897625207901,0.46102374792099,0.723090648651123,0.27690935134887695,0.03247958794236183,0.9675204157829285
Mouse_Brain_E18_MISAR,Mouse brain E18,atac,AGAGCTATGATCTTAC-1,32.0,24.0,Mesenchyme,0.7387803792953491,0.2612196207046509,0.547443687915802,0.4525563418865204,0.37269771099090576,0.6273022890090942,0.016614604741334915,0.983385443687439
Mouse_Brain_E18_MISAR,Mouse brain E18,atac,CCAGTTCCTGAGTCTG-1,45.0,28.0,Diencephalonand hindbrain,0.3905884027481079,0.6094115972518921,0.4033230245113373,0.5966769456863403,0.6713489890098572,0.3286510109901428,0.027142757549881935,0.9728571772575378
Mouse_Brain_E18_MISAR,Mouse brain E18,atac,ACTCAATATTATTCAT-1,30.0,33.0,Diencephalonand hindbrain,0.5984365940093994,0.4015633463859558,0.4955599308013916,0.5044400691986084,0.6600081324577332,0.33999186754226685,0.02114192210137844,0.9788580536842346
Mouse_Brain_E18_MISAR,Mouse brain E18,atac,ACTTAACCCCGAGAAT-1,44.0,26.0,Diencephalonand hindbrain,0.6662564277648926,0.33374354243278503,0.5430921316146851,0.45690783858299255,0.2753883898258209,0.7246116399765015,0.0069892616011202335,0.9930106997489929
Mouse_Brain_E18_MISAR,Mouse brain E18,atac,TGAGTCTGTAGAGTAA-1,23.0,10.0,Subpallium-1,0.5387172698974609,0.46128273010253906,0.44502463936805725,0.5549753904342651,0.5746790170669556,0.4253210127353668,0.02004488743841648,0.9799551367759705
Mouse_Brain_E18_MISAR,Mouse brain E18,atac,TGGTCAGCTTGACTTC-1,14.0,18.0,Subpallium-1,0.38844457268714905,0.6115554571151733,0.4518721103668213,0.5481279492378235,0.14473818242549896,0.8552618026733398,0.04967879131436348,0.9503211975097656
Mouse_Brain_E18_MISAR,Mouse brain E18,atac,ACTTAACCGAAGATCG-1,44.0,43.0,Diencephalonand hindbrain,0.7101103067398071,0.28988972306251526,0.556793212890625,0.443206787109375,0.23820455372333527,0.7617954611778259,0.023036282509565353,0.9769636988639832
Mouse_Brain_E18_MISAR,Mouse brain E18,atac,CCGAGAATGACCTTGA-1,25.0,9.0,Cartilage-2,0.6357535719871521,0.3642464876174927,0.54726642370224,0.4527335464954376,0.41799196600914,0.5820080637931824,0.014162377454340458,0.9858376383781433
Mouse_Brain_E18_MISAR,Mouse brain E18,atac,GAAGATCGTTGACTTC-1,8.0,18.0,DPallv,0.5143640041351318,0.4856359660625458,0.5872027277946472,0.4127972424030304,0.6647131443023682,0.3352869153022766,0.04258457571268082,0.9574154615402222
Mouse_Brain_E18_MISAR,Mouse brain E18,atac,ATCATATTGCAGGTCC-1,15.0,11.0,Diencephalonand hindbrain,0.6399824619293213,0.3600175380706787,0.5822840929031372,0.4177159368991852,0.6231467127799988,0.37685322761535645,0.04540475830435753,0.9545952677726746
Mouse_Brain_E18_MISAR,Mouse brain E18,atac,GCCATTCTCAACCGCT-1,34.0,8.0,Cartilage-1,0.3884808123111725,0.6115191578865051,0.420020192861557,0.5799798369407654,0.17212824523448944,0.8278717398643494,0.009460858069360256,0.9905391931533813
Mouse_Brain_E18_MISAR,Mouse brain E18,atac,ACTATGCACAACCGCT-1,13.0,8.0,Cartilage-2,0.5734858512878418,0.4265141785144806,0.6709322333335876,0.32906773686408997,0.39879319071769714,0.6012068390846252,0.002600553212687373,0.9973994493484497
Mouse_Brain_E18_MISAR,Mouse brain E18,atac,AGAGCTATTTATTCAT-1,32.0,33.0,Diencephalonand hindbrain,0.6773506999015808,0.3226492404937744,0.47878462076187134,0.5212153792381287,0.748340368270874,0.25165966153144836,0.0039929719641804695,0.9960070252418518
Mouse_Brain_E18_MISAR,Mouse brain E18,atac,CGAACGCCTGCCGGCA-1,49.0,34.0,Diencephalonand hindbrain,0.4963219463825226,0.5036780834197998,0.6127793192863464,0.38722068071365356,0.44815388321876526,0.5518461465835571,0.013915680348873138,0.9860842823982239
Mouse_Brain_E18_MISAR,Mouse brain E18,atac,GCCATTCTTTATTCAT-1,34.0,33.0,Diencephalonand hindbrain,0.5933895707130432,0.4066104292869568,0.5655179023742676,0.4344820976257324,0.8225769996643066,0.17742298543453217,0.00982262659817934,0.99017733335495
Mouse_Brain_E18_MISAR,Mouse brain E18,atac,GATCTTACACTTAACC-1,27.0,7.0,Cartilage-1,0.4481293261051178,0.5518706440925598,0.4774894714355469,0.5225105285644531,0.44671279191970825,0.5532872080802917,0.00348669639788568,0.996513307094574
Mouse_Brain_E18_MISAR,Mouse brain E18,atac,GGTACTGCCGACGCGA-1,36.0,39.0,Diencephalonand hindbrain,0.6550596356391907,0.3449403643608093,0.5386227965354919,0.46137720346450806,0.7239216566085815,0.27607831358909607,0.007552850525826216,0.9924471378326416
Mouse_Brain_E18_MISAR,Mouse brain E18,atac,GGCTGAGCGATCTTAC-1,48.0,24.0,Cartilage-2,0.7281589508056641,0.27184104919433594,0.5962132215499878,0.4037868082523346,0.447902113199234,0.5520978569984436,0.0063736457377672195,0.9936263561248779
Mouse_Brain_E18_MISAR,Mouse brain E18,atac,AGAACGTCGAAGATCG-1,38.0,43.0,Diencephalonand hindbrain,0.5069411993026733,0.49305886030197144,0.5210030674934387,0.47899696230888367,0.5336886644363403,0.46631136536598206,0.0330531969666481,0.9669468402862549
Mouse_Brain_E18_MISAR,Mouse brain E18,atac,TAGAATTAACTATGCA-1,35.0,38.0,Diencephalonand hindbrain,0.6035242676734924,0.39647573232650757,0.5832155346870422,0.41678449511528015,0.6962936520576477,0.3037063777446747,0.009757330641150475,0.9902426600456238
Mouse_Brain_E18_MISAR,Mouse brain E18,atac,AGAGAAGGGACCTTGA-1,5.0,9.0,Cartilage-4,0.39476993680000305,0.6052300930023193,0.44171854853630066,0.558281421661377,0.42423829436302185,0.5757617354393005,0.002550601726397872,0.9974493384361267
Mouse_Brain_E18_MISAR,Mouse brain E18,atac,GCCGCAACAAGAAGCT-1,24.0,44.0,DPallm,0.5463806986808777,0.4536193013191223,0.6261146068572998,0.3738853633403778,0.8953598141670227,0.10464020818471909,0.0037316158413887024,0.9962683916091919
Mouse_Brain_E18_MISAR,Mouse brain E18,atac,ATAAGGAGTGCCGGCA-1,50.0,34.0,Diencephalonand hindbrain,0.54912269115448,0.45087730884552,0.5091589093208313,0.4908410608768463,0.40105196833610535,0.598948061466217,0.012090989388525486,0.9879090189933777
Mouse_Brain_E18_MISAR,Mouse brain E18,atac,TCTGATACTCCTACCA-1,9.0,22.0,DPallv,0.4997707009315491,0.5002292990684509,0.6639119386672974,0.336088091135025,0.7183201313018799,0.2816798686981201,0.025583762675523758,0.974416196346283
Mouse_Brain_E18_MISAR,Mouse brain E18,atac,CCAGTTCCCATACTCC-1,45.0,47.0,Mesenchyme,0.49986302852630615,0.5001369714736938,0.5945590734481812,0.4054408669471741,0.06082895025610924,0.9391710162162781,0.009559990838170052,0.9904400110244751
Mouse_Brain_E18_MISAR,Mouse brain E18,atac,ACGGAGGCAATTAAGA-1,21.0,32.0,Mesenchyme,0.5785648226737976,0.42143514752388,0.5277807712554932,0.4722192585468292,0.5591682195663452,0.4408317804336548,0.0074369278736412525,0.9925630688667297
Mouse_Brain_E18_MISAR,Mouse brain E18,atac,ACGGAGGCTTATTCAT-1,21.0,33.0,Mesenchyme,0.6691552996635437,0.3308446705341339,0.5749000906944275,0.4250999093055725,0.4660167098045349,0.5339833498001099,0.005297671537846327,0.9947022795677185
Mouse_Brain_E18_MISAR,Mouse brain E18,atac,CCGATTCCAATTAAGA-1,47.0,32.0,Diencephalonand hindbrain,0.47311779856681824,0.5268822312355042,0.5693869590759277,0.43061307072639465,0.3850204646587372,0.6149795055389404,0.01681292988359928,0.9831870794296265
Mouse_Brain_E18_MISAR,Mouse brain E18,atac,TGCCGGCACTAAGAGA-1,17.0,20.0,Subpallium-1,0.5200404524803162,0.4799595773220062,0.5590266585350037,0.44097331166267395,0.172660231590271,0.827339768409729,0.08237364143133163,0.9176263809204102
Mouse_Brain_E18_MISAR,Mouse brain E18,atac,TGCGGACCTAGAGTAA-1,22.0,10.0,Subpallium-1,0.5081064105033875,0.49189358949661255,0.4802333116531372,0.5197666883468628,0.5518030524253845,0.44819700717926025,0.01503870077431202,0.9849612712860107
Mouse_Brain_E18_MISAR,Mouse brain E18,atac,GCGTTGGATGAGTCTG-1,28.0,28.0,Diencephalonand hindbrain,0.45895037055015564,0.5410496592521667,0.5804983973503113,0.41950157284736633,0.3804205358028412,0.6195794939994812,0.028417129069566727,0.9715828895568848
Mouse_Brain_E18_MISAR,Mouse brain E18,atac,ATAAGGAGTTGACTTC-1,50.0,18.0,Cartilage-4,0.5417643189430237,0.45823565125465393,0.35524436831474304,0.6447556614875793,0.24387229979038239,0.7561277151107788,0.0031651200260967016,0.996834933757782
Mouse_Brain_E18_MISAR,Mouse brain E18,atac,TTATTCATACGGAGGC-1,18.0,30.0,Mesenchyme,0.45445549488067627,0.5455445051193237,0.4690503180027008,0.5309497117996216,0.7781733274459839,0.2218267023563385,0.012486790306866169,0.9875132441520691
Mouse_Brain_E18_MISAR,Mouse brain E18,atac,GCTAACTTGCGTTGGA-1,3.0,23.0,DPallm,0.7267438173294067,0.27325618267059326,0.5080763697624207,0.49192366003990173,0.8300893902778625,0.16991059482097626,0.01613469421863556,0.9838653206825256
Mouse_Brain_E18_MISAR,Mouse brain E18,atac,ACTATGCAGACCTTGA-1,13.0,9.0,DPallm,0.45780691504478455,0.5421930551528931,0.6139304637908936,0.38606956601142883,0.5960457921028137,0.40395423769950867,0.019356001168489456,0.9806439876556396
Mouse_Brain_E18_MISAR,Mouse brain E18,atac,CTGATGGTTAGATCTA-1,26.0,31.0,Diencephalonand hindbrain,0.5081542134284973,0.4918457865715027,0.5032637715339661,0.4967362582683563,0.3690638840198517,0.6309361457824707,0.01844635047018528,0.9815536737442017
Mouse_Brain_E18_MISAR,Mouse brain E18,atac,GAAGATCGGACCTTGA-1,8.0,9.0,Cartilage-4,0.45255833864212036,0.5474416613578796,0.5892773270606995,0.41072264313697815,0.3409455418586731,0.6590543985366821,0.004390993621200323,0.9956089854240417
Mouse_Brain_E18_MISAR,Mouse brain E18,atac,TCTGATACTTGACTTC-1,9.0,18.0,DPallv,0.5227001905441284,0.47729983925819397,0.5631625652313232,0.43683740496635437,0.5332801938056946,0.4667198359966278,0.055536769330501556,0.9444631934165955
Mouse_Brain_E18_MISAR,Mouse brain E18,atac,TCTGATACCCAGTTCC-1,9.0,6.0,Cartilage-3,0.5311124920845032,0.4688875079154968,0.5177707076072693,0.4822293519973755,0.1770159900188446,0.822983980178833,0.004891288001090288,0.9951086640357971
Mouse_Brain_E18_MISAR,Mouse brain E18,atac,AATTAAGAGCTAACTT-1,19.0,48.0,Cartilage-2,0.662612795829773,0.33738717436790466,0.4768599271774292,0.5231400728225708,0.21734005212783813,0.7826599478721619,0.05335263907909393,0.9466474056243896
Mouse_Brain_E18_MISAR,Mouse brain E18,atac,TCCGGCCTACCGCCAA-1,6.0,5.0,Cartilage-3,0.61200350522995,0.38799649477005005,0.46458566188812256,0.5354143381118774,0.20874013006687164,0.7912598848342896,0.001840504934079945,0.9981594681739807
Mouse_Brain_E18_MISAR,Mouse brain E18,atac,TGCCGGCACCAGTTCC-1,17.0,6.0,Cartilage-3,0.7147630453109741,0.2852369248867035,0.7321456670761108,0.26785436272621155,0.04150077700614929,0.9584992527961731,0.0007982312235981226,0.9992018342018127
Mouse_Brain_E18_MISAR,Mouse brain E18,atac,ACTCAATATCCTACCA-1,30.0,22.0,Cartilage-2,0.5568463802337646,0.44315364956855774,0.5658697485923767,0.4341302216053009,0.2605297267436981,0.7394703030586243,0.01613667793571949,0.983863353729248
Mouse_Brain_E18_MISAR,Mouse brain E18,atac,TCCTACCACTGATGGT-1,29.0,25.0,Mesenchyme,0.48222216963768005,0.5177778601646423,0.6305452585220337,0.36945468187332153,0.6698916554450989,0.3301083445549011,0.024463770911097527,0.9755362868309021
Mouse_Brain_E18_MISAR,Mouse brain E18,atac,TGCGGACCCCGAGAAT-1,22.0,26.0,Diencephalonand hindbrain,0.6073009371757507,0.3926990032196045,0.477764755487442,0.5222352743148804,0.11317209899425507,0.8868278861045837,0.01651853881776333,0.9834814667701721
Mouse_Brain_E18_MISAR,Mouse brain E18,atac,CCAGTTCCTGCCGGCA-1,45.0,34.0,Diencephalonand hindbrain,0.3948633074760437,0.6051366925239563,0.5399169921875,0.4600830674171448,0.42985910177230835,0.5701408386230469,0.035655517131090164,0.9643445014953613
Mouse_Brain_E18_MISAR,Mouse brain E18,atac,CGAACGCCGAAGATCG-1,49.0,43.0,Diencephalonand hindbrain,0.40768495202064514,0.5923150777816772,0.5960986018180847,0.4039013683795929,0.8456746339797974,0.15432530641555786,0.00739038223400712,0.9926095604896545
Mouse_Brain_E18_MISAR,Mouse brain E18,atac,AAGAAGCTACTCAATA-1,7.0,21.0,DPallm,0.5844118595123291,0.4155881404876709,0.5547989010810852,0.4452010691165924,0.8544014096260071,0.14559854567050934,0.06835823506116867,0.9316418170928955
Mouse_Brain_E18_MISAR,Mouse brain E18,atac,CAACCGCTTAGAATTA-1,43.0,16.0,Cartilage-2,0.44922903180122375,0.5507709383964539,0.5009217262268066,0.49907824397087097,0.03307759761810303,0.966922402381897,0.002523611532524228,0.9974763989448547
Mouse_Brain_E18_MISAR,Mouse brain E18,atac,TTATTCATAGAGAAGG-1,18.0,46.0,Cartilage-2,0.6528042554855347,0.3471957743167877,0.5407518744468689,0.4592481553554535,0.14831793308258057,0.8516821265220642,0.03854963555932045,0.9614503383636475
Mouse_Brain_E18_MISAR,Mouse brain E18,atac,TTACCGAGACTCAATA-1,16.0,21.0,Subpallium-1,0.5792062878608704,0.42079365253448486,0.4212941527366638,0.5787058472633362,0.20834879577159882,0.7916511297225952,0.1349552571773529,0.8650447726249695
Mouse_Brain_E18_MISAR,Mouse brain E18,atac,AAGAAGCTAGAGCTAT-1,7.0,19.0,DPallm,0.36377468705177307,0.6362253427505493,0.5280303955078125,0.4719695448875427,0.8181304931640625,0.1818695068359375,0.03460468351840973,0.9653953909873962
Mouse_Brain_E18_MISAR,Mouse brain E18,atac,AGAGAAGGCCGAGAAT-1,5.0,26.0,DPallm,0.4472089409828186,0.5527910590171814,0.5633984804153442,0.43660154938697815,0.9207577109336853,0.07924236357212067,0.0035333987325429916,0.9964666366577148
Mouse_Brain_E18_MISAR,Mouse brain E18,atac,CCGAGAATGGTACTGC-1,25.0,15.0,Diencephalonand hindbrain,0.5934101343154907,0.40658992528915405,0.5836023688316345,0.41639769077301025,0.3563709855079651,0.6436290144920349,0.017082059755921364,0.9829179644584656
Mouse_Brain_E18_MISAR,Mouse brain E18,atac,ACGGAGGCCTTGCGCC-1,21.0,14.0,Subpallium-1,0.5554206967353821,0.4445793032646179,0.5065823793411255,0.4934175908565521,0.3776586949825287,0.6223412752151489,0.025484373793005943,0.9745156168937683
Mouse_Brain_E18_MISAR,Mouse brain E18,atac,CTGATGGTTGCCGGCA-1,26.0,34.0,Thalamus,0.48799917101860046,0.5120007991790771,0.5172058939933777,0.4827941358089447,0.7258452773094177,0.2741547226905823,0.014251877553761005,0.9857481122016907
Mouse_Brain_E18_MISAR,Mouse brain E18,atac,CTGATGGTTTATCCGG-1,26.0,41.0,Mesenchyme,0.5549638867378235,0.4450361430644989,0.47513851523399353,0.5248614549636841,0.5224597454071045,0.4775402545928955,0.03275788947939873,0.9672420620918274
Mouse_Brain_E18_MISAR,Mouse brain E18,atac,TAGAGTAATCCTACCA-1,41.0,22.0,Cartilage-1,0.5896949768066406,0.41030505299568176,0.752220094203949,0.2477799504995346,0.07650299370288849,0.9234969615936279,0.001613148837350309,0.9983868598937988
Mouse_Brain_E18_MISAR,Mouse brain E18,atac,GACCTTGAGATACGGA-1,42.0,40.0,Diencephalonand hindbrain,0.6234461665153503,0.3765537738800049,0.4953559935092926,0.5046440362930298,0.5181047916412354,0.48189520835876465,0.03424868732690811,0.9657513499259949
Mouse_Brain_E18_MISAR,Mouse brain E18,atac,AACCTGCGTTGACTTC-1,1.0,18.0,Cartilage-3,0.6152332425117493,0.3847667872905731,0.5592895150184631,0.4407104253768921,0.18706822395324707,0.8129317760467529,0.028876634314656258,0.9711233377456665
Mouse_Brain_E18_MISAR,Mouse brain E18,atac,CTGATGGTGCGTTGGA-1,26.0,23.0,Mesenchyme,0.6611744165420532,0.3388255834579468,0.5968618392944336,0.40313810110092163,0.45382994413375854,0.5461700558662415,0.03770565986633301,0.9622942805290222
Mouse_Brain_E18_MISAR,Mouse brain E18,atac,TAGAGTAATCTGATAC-1,41.0,42.0,Diencephalonand hindbrain,0.514071524143219,0.4859284460544586,0.5486457347869873,0.4513542354106903,0.518987774848938,0.4810121953487396,0.0220185499638319,0.9779813885688782
Mouse_Brain_E18_MISAR,Mouse brain E18,atac,GACCTTGACCGAGAAT-1,42.0,26.0,Diencephalonand hindbrain,0.6746289134025574,0.32537105679512024,0.43032100796699524,0.5696790218353271,0.3781058192253113,0.6218942403793335,0.027019726112484932,0.9729803204536438
Mouse_Brain_E18_MISAR,Mouse brain E18,atac,TTATTCATAAGAAGCT-1,18.0,44.0,DPallm,0.4746987819671631,0.5253011584281921,0.5377552509307861,0.4622447192668915,0.9371011257171631,0.06289884448051453,0.002844141563400626,0.9971559047698975
Mouse_Brain_E18_MISAR,Mouse brain E18,atac,TAGAATTATCGGCCTT-1,35.0,12.0,Cartilage-1,0.46815404295921326,0.5318459868431091,0.5599915385246277,0.4400085210800171,0.24521419405937195,0.7547858357429504,0.004915601573884487,0.9950843453407288
Mouse_Brain_E18_MISAR,Mouse brain E18,atac,TAGATCTACTAAGAGA-1,20.0,20.0,Subpallium-1,0.46265095472335815,0.5373491048812866,0.5078408122062683,0.4921592175960541,0.22645482420921326,0.7735452055931091,0.048724215477705,0.9512758255004883
Mouse_Brain_E18_MISAR,Mouse brain E18,atac,TAGAGTAATGCCGGCA-1,41.0,34.0,Diencephalonand hindbrain,0.48233723640441895,0.517662763595581,0.41687193512916565,0.5831280946731567,0.6573141813278198,0.34268587827682495,0.008816996589303017,0.9911830425262451
Mouse_Brain_E18_MISAR,Mouse brain E18,atac,CTTGCGCCTTGACTTC-1,37.0,18.0,Mesenchyme,0.3677828907966614,0.6322171092033386,0.4678438603878021,0.5321561098098755,0.13708876073360443,0.8629112839698792,0.019869765266776085,0.9801301956176758
Mouse_Brain_E18_MISAR,Mouse brain E18,atac,TCCTACCACTTGCGCC-1,29.0,14.0,Diencephalonand hindbrain,0.6127789616584778,0.38722100853919983,0.5883941054344177,0.4116058349609375,0.1782481074333191,0.8217519521713257,0.009606022387742996,0.9903939366340637
Mouse_Brain_E18_MISAR,Mouse brain E18,atac,CTGATGGTAAGAAGCT-1,26.0,44.0,Mesenchyme,0.5700125694274902,0.4299874007701874,0.5766971707344055,0.4233027994632721,0.2577461898326874,0.7422537803649902,0.038207996636629105,0.9617919325828552
Mouse_Brain_E18_MISAR,Mouse brain E18,atac,TAGAGTAACTAAGAGA-1,41.0,20.0,Cartilage-1,0.6188499927520752,0.3811500668525696,0.7498149275779724,0.2501850128173828,0.058202870190143585,0.941797137260437,0.0022980496287345886,0.9977019429206848
Mouse_Brain_E18_MISAR,Mouse brain E18,atac,TTACCGAGATCATATT-1,16.0,36.0,DPallv,0.46215498447418213,0.5378450155258179,0.6887890100479126,0.311210960149765,0.9114927053451538,0.088507279753685,0.004144816659390926,0.9958551526069641
Mouse_Brain_E18_MISAR,Mouse brain E18,atac,GCCGCAACAGAGCTAT-1,24.0,19.0,Diencephalonand hindbrain,0.6676273345947266,0.3323726952075958,0.5484899282455444,0.45151010155677795,0.27988201379776,0.7201180458068848,0.08110883831977844,0.918891191482544
Mouse_Brain_E18_MISAR,Mouse brain E18,atac,AGAGAAGGTAGAGTAA-1,5.0,10.0,Cartilage-4,0.38479483127593994,0.6152051687240601,0.42655622959136963,0.5734437704086304,0.43658947944641113,0.5634105205535889,0.006207057740539312,0.9937928915023804
Mouse_Brain_E18_MISAR,Mouse brain E18,atac,ACTCAATATCCGGCCT-1,30.0,45.0,Diencephalonand hindbrain,0.4962107837200165,0.5037892460823059,0.5384320616722107,0.4615679383277893,0.47956299781799316,0.5204370021820068,0.03077692724764347,0.9692230224609375
Mouse_Brain_E18_MISAR,Mouse brain E18,atac,ACTCAATATCGGCCTT-1,30.0,12.0,Cartilage-2,0.6586630344390869,0.3413369655609131,0.4698103368282318,0.5301896929740906,0.37388768792152405,0.6261123418807983,0.01221823412925005,0.9877817630767822
Mouse_Brain_E18_MISAR,Mouse brain E18,atac,GATCTTACCCAGTTCC-1,27.0,6.0,Cartilage-1,0.46288809180259705,0.5371119379997253,0.7379307746887207,0.2620692849159241,0.3642769753932953,0.6357229948043823,0.002818742301315069,0.9971812963485718
Mouse_Brain_E18_MISAR,Mouse brain E18,atac,ATCATATTGACCTTGA-1,15.0,9.0,Diencephalonand hindbrain,0.4882197380065918,0.5117802619934082,0.5583484172821045,0.4416515529155731,0.4975026547908783,0.5024973750114441,0.00946086272597313,0.9905391931533813
Mouse_Brain_E18_MISAR,Mouse brain E18,atac,GCAGGTCCTAGAATTA-1,40.0,16.0,Cartilage-2,0.53019779920578,0.46980223059654236,0.45676758885383606,0.5432324409484863,0.06844744086265564,0.931552529335022,0.00253564422018826,0.9974642992019653
Mouse_Brain_E18_MISAR,Mouse brain E18,atac,TCCGGCCTGGCTGAGC-1,6.0,3.0,Cartilage-4,0.6450552940368652,0.35494470596313477,0.5071151256561279,0.49288490414619446,0.7347444295883179,0.26525554060935974,0.0028395012486726046,0.9971605539321899
Mouse_Brain_E18_MISAR,Mouse brain E18,atac,GACCTTGAGCAGGTCC-1,42.0,11.0,Muscle,0.4817182123661041,0.5182817578315735,0.5333536863327026,0.46664631366729736,0.12380707263946533,0.8761929273605347,0.09888022392988205,0.9011197686195374
Mouse_Brain_E18_MISAR,Mouse brain E18,atac,ACTCAATAAGAACGTC-1,30.0,13.0,Diencephalonand hindbrain,0.5500044822692871,0.4499955177307129,0.558276891708374,0.4417230784893036,0.25196945667266846,0.7480305433273315,0.017227545380592346,0.9827725291252136
Mouse_Brain_E18_MISAR,Mouse brain E18,atac,CAACCGCTAGAGAAGG-1,43.0,46.0,Cartilage-2,0.40779542922973633,0.5922045111656189,0.5553047060966492,0.4446953535079956,0.14537690579891205,0.8546231389045715,0.010621869936585426,0.9893781542778015
Mouse_Brain_E18_MISAR,Mouse brain E18,atac,CGAACGCCGCCATTCT-1,49.0,17.0,Cartilage-4,0.49613216519355774,0.5038678646087646,0.5166350603103638,0.48336488008499146,0.27943068742752075,0.7205693125724792,0.005829165689647198,0.9941708445549011
Mouse_Brain_E18_MISAR,Mouse brain E18,atac,ACTTAACCTAGATCTA-1,44.0,31.0,Diencephalonand hindbrain,0.6641343832015991,0.3358656167984009,0.5300511717796326,0.4699488580226898,0.5789636373519897,0.42103636264801025,0.05143902078270912,0.9485610127449036
Mouse_Brain_E18_MISAR,Mouse brain E18,atac,TTATCCGGGGTACTGC-1,10.0,15.0,DPallm,0.63152676820755,0.36847326159477234,0.5705974698066711,0.42940255999565125,0.7377306222915649,0.26226934790611267,0.022129587829113007,0.9778704643249512
Mouse_Brain_E18_MISAR,Mouse brain E18,atac,GGTACTGCGGTACTGC-1,36.0,15.0,Cartilage-2,0.47556060552597046,0.5244394540786743,0.5314556956291199,0.4685443639755249,0.12709875404834747,0.8729012608528137,0.004363758023828268,0.9956362843513489
Mouse_Brain_E18_MISAR,Mouse brain E18,atac,TAGAGTAAGCCGCAAC-1,41.0,27.0,Diencephalonand hindbrain,0.48632413148880005,0.5136759281158447,0.45293697714805603,0.5470629930496216,0.5363839268684387,0.46361610293388367,0.01624305360019207,0.9837570190429688
Mouse_Brain_E18_MISAR,Mouse brain E18,atac,GCGTTGGACTGATGGT-1,28.0,25.0,Diencephalonand hindbrain,0.4116874933242798,0.5883125066757202,0.5322751402854919,0.46772485971450806,0.5759161114692688,0.4240838885307312,0.021899236366152763,0.9781007766723633
Mouse_Brain_E18_MISAR,Mouse brain E18,atac,CTTGCGCCCTTGCGCC-1,37.0,14.0,Cartilage-1,0.31638574600219727,0.683614194393158,0.654582142829895,0.3454178273677826,0.10336313396692276,0.8966368436813354,0.0008895747014321387,0.9991104006767273
Mouse_Brain_E18_MISAR,Mouse brain E18,atac,CCGAGAATCTGATGGT-1,25.0,25.0,Diencephalonand hindbrain,0.5605414509773254,0.43945860862731934,0.5868704915046692,0.4131295680999756,0.35417136549949646,0.6458286046981812,0.034443508833646774,0.9655565023422241
Mouse_Brain_E18_MISAR,Mouse brain E18,atac,TCCTACCACTAAGAGA-1,29.0,20.0,Diencephalonand hindbrain,0.5552777647972107,0.4447222352027893,0.4791816473007202,0.5208183526992798,0.6098944544792175,0.3901054859161377,0.04063707962632179,0.9593629240989685
Mouse_Brain_E18_MISAR,Mouse brain E18,atac,TAGAGTAACTGATGGT-1,41.0,25.0,Cartilage-2,0.3695206344127655,0.6304793357849121,0.4445815682411194,0.5554184317588806,0.2684594690799713,0.7315405607223511,0.037603482604026794,0.962396502494812
Mouse_Brain_E18_MISAR,Mouse brain E18,atac,TTGACTTCCGACGCGA-1,33.0,39.0,Diencephalonand hindbrain,0.5681177973747253,0.43188217282295227,0.6035617589950562,0.39643821120262146,0.642821192741394,0.35717877745628357,0.01520331297069788,0.9847966432571411
Mouse_Brain_E18_MISAR,Mouse brain E18,atac,GGTACTGCTTACCGAG-1,36.0,35.0,Diencephalonand hindbrain,0.5273397564888,0.47266021370887756,0.5685197114944458,0.4314802885055542,0.5059112310409546,0.494088739156723,0.007924926467239857,0.9920750856399536
Mouse_Brain_E18_MISAR,Mouse brain E18,atac,TTATTCATAATTAAGA-1,18.0,32.0,Mesenchyme,0.5397819876670837,0.46021801233291626,0.44805192947387695,0.551948070526123,0.6817978024482727,0.3182021975517273,0.00646643340587616,0.9935336112976074
Mouse_Brain_E18_MISAR,Mouse brain E18,atac,GGTATGCTAGAGCTAT-1,2.0,19.0,Mesenchyme,0.5930355787277222,0.40696439146995544,0.5433434247970581,0.4566565752029419,0.46431899070739746,0.5356810092926025,0.021692965179681778,0.9783070087432861
Mouse_Brain_E18_MISAR,Mouse brain E18,atac,CTGATGGTACGGAGGC-1,26.0,30.0,Diencephalonand hindbrain,0.5731035470962524,0.42689648270606995,0.557439386844635,0.4425605833530426,0.5028713345527649,0.4971286952495575,0.01798306033015251,0.9820169806480408
Mouse_Brain_E18_MISAR,Mouse brain E18,atac,CTTGCGCCATCATATT-1,37.0,36.0,Diencephalonand hindbrain,0.5939735770225525,0.4060264527797699,0.6287537813186646,0.37124621868133545,0.4199722111225128,0.5800278186798096,0.007422851864248514,0.9925771355628967
Mouse_Brain_E18_MISAR,Mouse brain E18,atac,ACCGCCAACCGAGAAT-1,46.0,26.0,Diencephalonand hindbrain,0.6498506665229797,0.3501493036746979,0.5419816970825195,0.45801830291748047,0.1880239099264145,0.8119761347770691,0.01238375622779131,0.987616240978241
Mouse_Brain_E18_MISAR,Mouse brain E18,atac,TGCGGACCACTATGCA-1,22.0,38.0,DPallm,0.5734500288963318,0.4265499413013458,0.6433891654014587,0.35661083459854126,0.9235716462135315,0.07642839848995209,0.005223090294748545,0.9947768449783325
Mouse_Brain_E18_MISAR,Mouse brain E18,atac,CCGAGAATTGAGTCTG-1,25.0,28.0,Diencephalonand hindbrain,0.6489254832267761,0.3510745167732239,0.5437127351760864,0.45628729462623596,0.30418333411216736,0.695816695690155,0.04450998082756996,0.955489993095398
Mouse_Brain_E18_MISAR,Mouse brain E18,atac,GCCGCAACTGCCGGCA-1,24.0,34.0,Thalamus,0.641615092754364,0.3583848476409912,0.5359238386154175,0.4640761613845825,0.89069664478302,0.10930336266756058,0.018927156925201416,0.9810727834701538
Mouse_Brain_E18_MISAR,Mouse brain E18,atac,GCCATTCTTAGAGTAA-1,34.0,10.0,Cartilage-1,0.3988383114337921,0.6011617183685303,0.551499605178833,0.448500394821167,0.35874953866004944,0.641250491142273,0.006997009739279747,0.9930029511451721
Mouse_Brain_E18_MISAR,Mouse brain E18,atac,CCGAGAATAATTAAGA-1,25.0,32.0,Thalamus,0.4968967139720917,0.5031032562255859,0.4487043619155884,0.5512956380844116,0.6990477442741394,0.3009522557258606,0.016134243458509445,0.9838657975196838
Mouse_Brain_E18_MISAR,Mouse brain E18,atac,TGCCGGCAACTTAACC-1,17.0,7.0,Cartilage-2,0.5487442016601562,0.45125579833984375,0.6119734644889832,0.38802656531333923,0.07122953981161118,0.9287704229354858,0.0019366182386875153,0.9980633854866028
Mouse_Brain_E18_MISAR,Mouse brain E18,atac,TTACCGAGAGAGAAGG-1,16.0,46.0,Mesenchyme,0.7873296737670898,0.21267032623291016,0.41438058018684387,0.5856193900108337,0.4260586202144623,0.5739414095878601,0.018931906670331955,0.9810680747032166
Mouse_Brain_E18_MISAR,Mouse brain E18,atac,TAGAATTATAGATCTA-1,35.0,31.0,Diencephalonand hindbrain,0.6382662653923035,0.36173370480537415,0.5144525766372681,0.48554739356040955,0.5675919055938721,0.43240809440612793,0.03256471827626228,0.9674352407455444
Mouse_Brain_E18_MISAR,Mouse brain E18,atac,AAGAAGCTCTAAGAGA-1,7.0,20.0,DPallm,0.5548304915428162,0.44516947865486145,0.6271944046020508,0.3728055953979492,0.8052486777305603,0.1947513222694397,0.10061832517385483,0.899381697177887
Mouse_Brain_E18_MISAR,Mouse brain E18,atac,GAAGATCGCCAGTTCC-1,8.0,6.0,Cartilage-3,0.44849827885627747,0.5515016913414001,0.46902400255203247,0.5309759974479675,0.3709084093570709,0.6290916204452515,0.0033106158953160048,0.9966893196105957
Mouse_Brain_E18_MISAR,Mouse brain E18,atac,ATCATATTAGAGCTAT-1,15.0,19.0,Subpallium-1,0.5823572278022766,0.4176428020000458,0.519088864326477,0.48091110587120056,0.1326189637184143,0.8673810958862305,0.11032214015722275,0.889677882194519
Mouse_Brain_E18_MISAR,Mouse brain E18,atac,TTATTCATCCGAGAAT-1,18.0,26.0,Subpallium-1,0.4744107723236084,0.5255892276763916,0.48744654655456543,0.5125534534454346,0.2203235775232315,0.7796764373779297,0.015350141562521458,0.9846498370170593
Mouse_Brain_E18_MISAR,Mouse brain E18,atac,GGCTGAGCTCTGATAC-1,48.0,42.0,Diencephalonand hindbrain,0.7942214012145996,0.2057785987854004,0.44477203488349915,0.5552279353141785,0.7360207438468933,0.2639792263507843,0.012528362683951855,0.9874716401100159
Mouse_Brain_E18_MISAR,Mouse brain E18,atac,TCCGGCCTAGAGCTAT-1,6.0,19.0,DPallm,0.6589500308036804,0.34104999899864197,0.5382011532783508,0.46179884672164917,0.8497266173362732,0.1502734124660492,0.01976582780480385,0.9802342057228088
Mouse_Brain_E18_MISAR,Mouse brain E18,atac,ATAAGGAGTGAGTCTG-1,50.0,28.0,Diencephalonand hindbrain,0.47353821992874146,0.5264617800712585,0.5685442090034485,0.4314557611942291,0.5429360270500183,0.4570639431476593,0.013012208044528961,0.986987829208374
Mouse_Brain_E18_MISAR,Mouse brain E18,atac,TTATCCGGTAGAATTA-1,10.0,16.0,DPallv,0.503308117389679,0.49669185280799866,0.6427342891693115,0.35726574063301086,0.41166582703590393,0.5883341431617737,0.0607575923204422,0.939242422580719
Mouse_Brain_E18_MISAR,Mouse brain E18,atac,AACCTGCGGGTACTGC-1,1.0,15.0,Cartilage-3,0.4197864830493927,0.5802135467529297,0.43573468923568726,0.564265251159668,0.10633029043674469,0.8936697244644165,0.002588974079117179,0.9974110722541809
Mouse_Brain_E18_MISAR,Mouse brain E18,atac,GCAGGTCCGATCTTAC-1,40.0,24.0,Cartilage-2,0.5231875777244568,0.4768124222755432,0.5201022028923035,0.4798978269100189,0.1840887814760208,0.8159111738204956,0.004021794535219669,0.9959782361984253
Mouse_Brain_E18_MISAR,Mouse brain E18,atac,CTTGCGCCGGTATGCT-1,37.0,49.0,Diencephalonand hindbrain,0.5261206030845642,0.4738793671131134,0.4012397527694702,0.5987602472305298,0.31243064999580383,0.6875693798065186,0.01060233823955059,0.9893976449966431
Mouse_Brain_E18_MISAR,Mouse brain E18,atac,TTGACTTCGGTATGCT-1,33.0,49.0,Diencephalonand hindbrain,0.42390328645706177,0.5760967135429382,0.4817591607570648,0.5182408690452576,0.2776359021663666,0.7223641276359558,0.012931711040437222,0.9870682954788208
Mouse_Brain_E18_MISAR,Mouse brain E18,atac,GCCGCAACGAAGATCG-1,24.0,43.0,DPallm,0.46858084201812744,0.5314191579818726,0.5650728344917297,0.43492719531059265,0.9468470811843872,0.05315285921096802,0.0044506690464913845,0.9955493211746216
Mouse_Brain_E18_MISAR,Mouse brain E18,atac,GATCTTACGGTATGCT-1,27.0,49.0,Mesenchyme,0.4843912720680237,0.5156087875366211,0.49391987919807434,0.506080150604248,0.2904067933559418,0.7095932364463806,0.052051104605197906,0.9479488730430603
Mouse_Brain_E18_MISAR,Mouse brain E18,atac,AGAGCTATCCGAGAAT-1,32.0,26.0,Mesenchyme,0.65833979845047,0.3416602313518524,0.5227395296096802,0.4772604703903198,0.6394549012184143,0.3605450987815857,0.05640652775764465,0.943593442440033
Mouse_Brain_E18_MISAR,Mouse brain E18,atac,ACTCAATACCGAGAAT-1,30.0,26.0,Mesenchyme,0.5365765690803528,0.463423490524292,0.6364403963088989,0.36355963349342346,0.347184419631958,0.6528155207633972,0.023717572912573814,0.9762824177742004
Mouse_Brain_E18_MISAR,Mouse brain E18,atac,TGGTCAGCGCCGCAAC-1,14.0,27.0,Subpallium-2,0.5372884273529053,0.4627116024494171,0.48524078726768494,0.5147592425346375,0.37073129415512085,0.6292687654495239,0.023491861298680305,0.9765081405639648
Mouse_Brain_E18_MISAR,Mouse brain E18,atac,TAGATCTACTTGCGCC-1,20.0,14.0,Subpallium-1,0.4996758699417114,0.5003241896629333,0.4056338965892792,0.5943661332130432,0.2687065899372101,0.7312933802604675,0.01649877242743969,0.9835011959075928
Mouse_Brain_E18_MISAR,Mouse brain E18,atac,AGAGAAGGCAACCGCT-1,5.0,8.0,Cartilage-4,0.5397783517837524,0.46022164821624756,0.5525481700897217,0.4474518299102783,0.5672998428344727,0.43270015716552734,0.002027991460636258,0.9979719519615173
Mouse_Brain_E18_MISAR,Mouse brain E18,atac,AATTAAGATTATTCAT-1,19.0,33.0,Mesenchyme,0.5511627197265625,0.4488372802734375,0.4465413987636566,0.553458571434021,0.770439624786377,0.22956040501594543,0.00718658184632659,0.9928134083747864
Mouse_Brain_E18_MISAR,Mouse brain E18,atac,CTTGCGCCGCGTTGGA-1,37.0,23.0,Mesenchyme,0.47798654437065125,0.5220134854316711,0.5065838098526001,0.4934162497520447,0.5123109817504883,0.48768895864486694,0.005484734196215868,0.9945152401924133
Mouse_Brain_E18_MISAR,Mouse brain E18,atac,TTACCGAGAGAGCTAT-1,16.0,19.0,Subpallium-1,0.6120762825012207,0.3879237771034241,0.5041780471801758,0.49582192301750183,0.15811984241008759,0.8418801426887512,0.18552280962467194,0.8144771456718445
Mouse_Brain_E18_MISAR,Mouse brain E18,atac,AGAGCTATCGACGCGA-1,32.0,39.0,Diencephalonand hindbrain,0.571755051612854,0.428244948387146,0.5471505522727966,0.45284944772720337,0.6286245584487915,0.3713754415512085,0.024974802508950233,0.9750252366065979
Mouse_Brain_E18_MISAR,Mouse brain E18,atac,GCCATTCTCTGATGGT-1,34.0,25.0,Mesenchyme,0.5141055583953857,0.48589447140693665,0.5126379728317261,0.4873620271682739,0.6021608710289001,0.39783909916877747,0.013583606109023094,0.9864163398742676
Mouse_Brain_E18_MISAR,Mouse brain E18,atac,ATCATATTTGGTCAGC-1,15.0,37.0,DPallv,0.5178849101066589,0.4821150302886963,0.4920933246612549,0.5079066753387451,0.9485726356506348,0.051427360624074936,0.00424454640597105,0.9957554340362549
Mouse_Brain_E18_MISAR,Mouse brain E18,atac,ATAAGGAGAAGAAGCT-1,50.0,44.0,Mesenchyme,0.4414566457271576,0.5585433840751648,0.4560287892818451,0.5439712405204773,0.8498151898384094,0.15018482506275177,0.02058245986700058,0.9794175028800964
Mouse_Brain_E18_MISAR,Mouse brain E18,atac,TGCGGACCAGAGCTAT-1,22.0,19.0,Diencephalonand hindbrain,0.544875979423523,0.45512402057647705,0.5275241136550903,0.4724758565425873,0.37844541668891907,0.6215545535087585,0.07005134969949722,0.929948627948761
Mouse_Brain_E18_MISAR,Mouse brain E18,atac,TAGAGTAACATACTCC-1,41.0,47.0,Diencephalonand hindbrain,0.4400778114795685,0.5599221587181091,0.5650449991226196,0.43495503067970276,0.26976513862609863,0.7302348613739014,0.009156201034784317,0.9908437728881836
Mouse_Brain_E18_MISAR,Mouse brain E18,atac,TGGTCAGCCTTGCGCC-1,14.0,14.0,Subpallium-1,0.5180424451828003,0.4819575548171997,0.5102255344390869,0.4897744357585907,0.24245348572731018,0.7575465440750122,0.05229879915714264,0.9477012753486633
Mouse_Brain_E18_MISAR,Mouse brain E18,atac,TTACCGAGGCAGGTCC-1,16.0,11.0,Diencephalonand hindbrain,0.7421708106994629,0.2578292489051819,0.4304482936859131,0.5695517063140869,0.4836493134498596,0.5163506865501404,0.12188944965600967,0.8781105875968933
Mouse_Brain_E18_MISAR,Mouse brain E18,atac,ACGGAGGCCAACCGCT-1,21.0,8.0,Cartilage-2,0.6158185601234436,0.3841814696788788,0.592456579208374,0.407543420791626,0.4551194906234741,0.5448804497718811,0.005114553961902857,0.9948853850364685
Mouse_Brain_E18_MISAR,Mouse brain E18,atac,TCGGCCTTTCGGCCTT-1,39.0,12.0,Cartilage-2,0.5500233769416809,0.4499766230583191,0.5752459168434143,0.4247540533542633,0.20509448647499084,0.7949055433273315,0.005225836299359798,0.9947741627693176
Mouse_Brain_E18_MISAR,Mouse brain E18,atac,AGAACGTCACTATGCA-1,38.0,38.0,Diencephalonand hindbrain,0.7062662243843079,0.29373371601104736,0.585610032081604,0.41439002752304077,0.256742000579834,0.7432580590248108,0.015175075270235538,0.9848249554634094
Mouse_Brain_E18_MISAR,Mouse brain E18,atac,CGACGCGATTGACTTC-1,12.0,18.0,Subpallium-1,0.44637706875801086,0.5536229014396667,0.523962676525116,0.47603732347488403,0.16509318351745605,0.8349068760871887,0.016848238185048103,0.9831517934799194
Mouse_Brain_E18_MISAR,Mouse brain E18,atac,TCTGATACAGAGCTAT-1,9.0,19.0,DPallv,0.4471494257450104,0.5528505444526672,0.6217622756958008,0.3782377541065216,0.7175785899162292,0.28242138028144836,0.031331129372119904,0.9686688184738159
Mouse_Brain_E18_MISAR,Mouse brain E18,atac,ACTCAATATGCCGGCA-1,30.0,34.0,Diencephalonand hindbrain,0.433800607919693,0.5661993622779846,0.44528740644454956,0.5547125935554504,0.6119821071624756,0.3880179226398468,0.01587853766977787,0.9841214418411255
Mouse_Brain_E18_MISAR,Mouse brain E18,atac,CGAACGCCAGAGCTAT-1,49.0,19.0,Cartilage-4,0.6014233827590942,0.39857661724090576,0.5200827121734619,0.4799172878265381,0.34120887517929077,0.658791184425354,0.006232723593711853,0.993767261505127
Mouse_Brain_E18_MISAR,Mouse brain E18,atac,CTGATGGTTTGACTTC-1,26.0,18.0,Diencephalonand hindbrain,0.6705957651138306,0.32940423488616943,0.45242851972579956,0.5475714802742004,0.1359761655330658,0.8640238642692566,0.021935217082500458,0.9780647158622742
Mouse_Brain_E18_MISAR,Mouse brain E18,atac,CTTGCGCCAGAGCTAT-1,37.0,19.0,Mesenchyme,0.4980534315109253,0.5019465684890747,0.46957501769065857,0.5304250121116638,0.4231291115283966,0.5768709182739258,0.02668861486017704,0.9733114242553711
Mouse_Brain_E18_MISAR,Mouse brain E18,atac,TAGATCTAACTCAATA-1,20.0,21.0,Diencephalonand hindbrain,0.5019375085830688,0.49806249141693115,0.5658073425292969,0.43419262766838074,0.3782579302787781,0.6217421293258667,0.008116232231259346,0.9918837547302246
Mouse_Brain_E18_MISAR,Mouse brain E18,atac,GGTACTGCCATACTCC-1,36.0,47.0,Diencephalonand hindbrain,0.45785799622535706,0.5421419739723206,0.5800969004631042,0.41990309953689575,0.33403778076171875,0.6659622192382812,0.03620424121618271,0.9637957215309143
Mouse_Brain_E18_MISAR,Mouse brain E18,atac,CTTGCGCCAAGAAGCT-1,37.0,44.0,Diencephalonand hindbrain,0.8166483044624329,0.18335165083408356,0.5536248683929443,0.4463751018047333,0.4138854444026947,0.5861145257949829,0.042905256152153015,0.9570947289466858
Mouse_Brain_E18_MISAR,Mouse brain E18,atac,AATTAAGACCAGTTCC-1,19.0,6.0,Cartilage-3,0.5968990325927734,0.4031009376049042,0.47197359800338745,0.5280264019966125,0.19328252971172333,0.8067174553871155,0.014698628336191177,0.9853014349937439
Mouse_Brain_E18_MISAR,Mouse brain E18,atac,TGGTCAGCCCGAGAAT-1,14.0,26.0,Subpallium-1,0.6266065835952759,0.37339338660240173,0.5415554046630859,0.4584445655345917,0.23369961977005005,0.7663004398345947,0.019540544599294662,0.980459451675415
Mouse_Brain_E18_MISAR,Mouse brain E18,atac,GCGTTGGATCCTACCA-1,28.0,22.0,Mesenchyme,0.3310478925704956,0.6689520478248596,0.47642436623573303,0.5235756635665894,0.6141385436058044,0.38586148619651794,0.08338459581136703,0.9166154265403748
Mouse_Brain_E18_MISAR,Mouse brain E18,atac,ACTATGCAGGTACTGC-1,13.0,15.0,Subpallium-1,0.46819019317626953,0.5318098664283752,0.5331669449806213,0.46683305501937866,0.2603130042552948,0.7396869659423828,0.051272351294755936,0.9487276077270508
Mouse_Brain_E18_MISAR,Mouse brain E18,atac,GCCATTCTACTTAACC-1,34.0,7.0,Cartilage-3,0.4004279673099518,0.5995720028877258,0.6056525111198425,0.39434751868247986,0.22760896384716034,0.7723910808563232,0.0031230712775141,0.9968769550323486
Mouse_Brain_E18_MISAR,Mouse brain E18,atac,TCTGATACCCGATTCC-1,9.0,4.0,Cartilage-3,0.6669419407844543,0.3330579996109009,0.4936659038066864,0.5063340663909912,0.3029780387878418,0.6970219016075134,0.0011800701031461358,0.998819887638092
Mouse_Brain_E18_MISAR,Mouse brain E18,atac,CCGATTCCTGGTCAGC-1,47.0,37.0,Diencephalonand hindbrain,0.42769351601600647,0.5723064541816711,0.5285010933876038,0.47149893641471863,0.4697434604167938,0.5302565693855286,0.010716008022427559,0.9892839789390564
Mouse_Brain_E18_MISAR,Mouse brain E18,atac,ACTATGCATAGATCTA-1,13.0,31.0,DPallv,0.5744403004646301,0.4255596697330475,0.5058120489120483,0.4941878914833069,0.9126954674720764,0.0873044952750206,0.027028266340494156,0.9729717373847961
Mouse_Brain_E18_MISAR,Mouse brain E18,atac,GCTAACTTTCCTACCA-1,3.0,22.0,DPallm,0.5099607706069946,0.49003922939300537,0.6083453893661499,0.3916546106338501,0.79561847448349,0.20438149571418762,0.018289020285010338,0.9817109107971191
Mouse_Brain_E18_MISAR,Mouse brain E18,atac,GCCGCAACTTATCCGG-1,24.0,41.0,DPallm,0.5061652064323425,0.4938347637653351,0.5518556833267212,0.4481442868709564,0.915753185749054,0.08424679934978485,0.00670380936935544,0.993296205997467
Mouse_Brain_E18_MISAR,Mouse brain E18,atac,TCCGGCCTCCGAGAAT-1,6.0,26.0,DPallm,0.4470207989215851,0.5529791712760925,0.5298169851303101,0.47018301486968994,0.9027405381202698,0.09725943952798843,0.004680887330323458,0.9953190684318542
Mouse_Brain_E18_MISAR,Mouse brain E18,atac,TCCGGCCTTGCCGGCA-1,6.0,34.0,Cartilage-3,0.6641567349433899,0.3358432352542877,0.6044411063194275,0.3955589234828949,0.49445784091949463,0.5055421590805054,0.03500865399837494,0.9649913311004639
Mouse_Brain_E18_MISAR,Mouse brain E18,atac,ACTATGCAAGAGCTAT-1,13.0,19.0,Subpallium-1,0.429358571767807,0.5706413984298706,0.4873843789100647,0.5126156210899353,0.1175694465637207,0.8824305534362793,0.06396280974149704,0.9360371828079224
Mouse_Brain_E18_MISAR,Mouse brain E18,atac,TGGTCAGCTAGAGTAA-1,14.0,10.0,DPallm,0.6844456195831299,0.3155543804168701,0.6044142246246338,0.395585834980011,0.574349045753479,0.425650954246521,0.09428642690181732,0.9057136178016663
Mouse_Brain_E18_MISAR,Mouse brain E18,atac,TAGAGTAAGGTATGCT-1,41.0,49.0,Diencephalonand hindbrain,0.592677652835846,0.40732237696647644,0.4762881100177765,0.5237118601799011,0.3403731882572174,0.659626841545105,0.005276757292449474,0.9947233200073242
Mouse_Brain_E18_MISAR,Mouse brain E18,atac,AATTAAGACATACTCC-1,19.0,47.0,Cartilage-2,0.828200101852417,0.17179986834526062,0.6077713966369629,0.3922285735607147,0.16059042513370514,0.839409589767456,0.027484575286507607,0.9725154638290405
Mouse_Brain_E18_MISAR,Mouse brain E18,atac,GATCTTACACTATGCA-1,27.0,38.0,Mesenchyme,0.6897484660148621,0.31025147438049316,0.46495693922042847,0.5350430607795715,0.6758425831794739,0.3241574764251709,0.024342939257621765,0.9756571054458618
Mouse_Brain_E18_MISAR,Mouse brain E18,atac,GATCTTACACTCAATA-1,27.0,21.0,Mesenchyme,0.6443531513214111,0.35564690828323364,0.4864303171634674,0.5135696530342102,0.38534584641456604,0.6146541237831116,0.0792355015873909,0.9207644462585449
Mouse_Brain_E18_MISAR,Mouse brain E18,atac,CATACTCCCCAGTTCC-1,4.0,6.0,Cartilage-3,0.661052405834198,0.3389475643634796,0.5384628176689148,0.4615371823310852,0.3247321546077728,0.6752678751945496,0.0015780029352754354,0.9984220266342163
Mouse_Brain_E18_MISAR,Mouse brain E18,atac,TTGACTTCGCCATTCT-1,33.0,17.0,Cartilage-2,0.2392972707748413,0.7607027292251587,0.4785570204257965,0.5214430093765259,0.2927737832069397,0.7072262167930603,0.012876609340310097,0.9871233701705933
Mouse_Brain_E18_MISAR,Mouse brain E18,atac,CTGATGGTCTGATGGT-1,26.0,25.0,Diencephalonand hindbrain,0.36751389503479004,0.6324861645698547,0.526436448097229,0.473563551902771,0.5345870852470398,0.4654129147529602,0.008250011131167412,0.9917499423027039
Mouse_Brain_E18_MISAR,Mouse brain E18,atac,CAACCGCTGCCGCAAC-1,43.0,27.0,Diencephalonand hindbrain,0.6710314154624939,0.3289685547351837,0.5559951663017273,0.4440048038959503,0.4560718834400177,0.5439281463623047,0.01129401009529829,0.9887059926986694
Mouse_Brain_E18_MISAR,Mouse brain E18,atac,TCCTACCAGACCTTGA-1,29.0,9.0,Cartilage-4,0.4995647072792053,0.5004352927207947,0.48707544803619385,0.5129245519638062,0.7332255840301514,0.266774445772171,0.003551411908119917,0.9964485168457031
Mouse_Brain_E18_MISAR,Mouse brain E18,atac,AACCTGCGCCAGTTCC-1,1.0,6.0,Cartilage-3,0.6286194324493408,0.3713805377483368,0.703577995300293,0.29642197489738464,0.27333053946495056,0.726669430732727,0.001206088112667203,0.9987938404083252
Mouse_Brain_E18_MISAR,Mouse brain E18,atac,ACTATGCACTGATGGT-1,13.0,25.0,Subpallium-1,0.6276610493659973,0.37233901023864746,0.586651086807251,0.4133489429950714,0.27792802453041077,0.7220720052719116,0.0508686788380146,0.9491313695907593
Mouse_Brain_E18_MISAR,Mouse brain E18,atac,TCGGCCTTATCATATT-1,39.0,36.0,Diencephalonand hindbrain,0.6597234606742859,0.3402765393257141,0.48312079906463623,0.5168792009353638,0.4294835925102234,0.5705164670944214,0.02296491339802742,0.9770350456237793
Mouse_Brain_E18_MISAR,Mouse brain E18,atac,TAGATCTATAGAGTAA-1,20.0,10.0,Subpallium-1,0.4452318251132965,0.5547682046890259,0.5136638879776001,0.4863361418247223,0.522508978843689,0.4774910509586334,0.040520381182432175,0.9594796895980835
Mouse_Brain_E18_MISAR,Mouse brain E18,atac,TCCGGCCTGCGTTGGA-1,6.0,23.0,DPallm,0.5471981763839722,0.4528018534183502,0.43256622552871704,0.567433774471283,0.9624742269515991,0.03752569854259491,0.021734850481152534,0.9782651662826538
Mouse_Brain_E18_MISAR,Mouse brain E18,atac,CGACGCGACTGATGGT-1,12.0,25.0,DPallv,0.47518375515937805,0.5248162150382996,0.4957040250301361,0.5042959451675415,0.7262659072875977,0.27373406291007996,0.014636286534368992,0.9853636622428894
Mouse_Brain_E18_MISAR,Mouse brain E18,atac,ACGGAGGCTAGAGTAA-1,21.0,10.0,Diencephalonand hindbrain,0.4725290834903717,0.5274709463119507,0.5577601790428162,0.4422398507595062,0.5289589762687683,0.4710409939289093,0.031147900968790054,0.9688520431518555
Mouse_Brain_E18_MISAR,Mouse brain E18,atac,ATAAGGAGACTATGCA-1,50.0,38.0,Diencephalonand hindbrain,0.5384045839309692,0.46159547567367554,0.5050389170646667,0.49496108293533325,0.4597867429256439,0.5402132272720337,0.0052775247022509575,0.9947224855422974
Mouse_Brain_E18_MISAR,Mouse brain E18,atac,GGCTGAGCTGAGTCTG-1,48.0,28.0,Diencephalonand hindbrain,0.4540976583957672,0.5459023714065552,0.5811935067176819,0.41880643367767334,0.4876619279384613,0.5123380422592163,0.014563973061740398,0.9854360222816467
Mouse_Brain_E18_MISAR,Mouse brain E18,atac,TGCGGACCTTACCGAG-1,22.0,35.0,Mesenchyme,0.5143489241600037,0.48565107583999634,0.5102999806404114,0.489700049161911,0.5965111255645752,0.4034888446331024,0.029117736965417862,0.97088223695755
Mouse_Brain_E18_MISAR,Mouse brain E18,atac,AAGAAGCTAATTAAGA-1,7.0,32.0,DPallm,0.5104352235794067,0.48956480622291565,0.5924103856086731,0.4075896143913269,0.953212320804596,0.04678766801953316,0.0011101759737357497,0.9988898634910583
Mouse_Brain_E18_MISAR,Mouse brain E18,atac,TTATTCATTAGAGTAA-1,18.0,10.0,Subpallium-1,0.4109509587287903,0.5890491008758545,0.4792146384716034,0.520785391330719,0.324829638004303,0.675170361995697,0.021385246887803078,0.9786146879196167
Mouse_Brain_E18_MISAR,Mouse brain E18,atac,GCCGCAACAATTAAGA-1,24.0,32.0,Thalamus,0.4576587677001953,0.5423412322998047,0.4845443665981293,0.5154556632041931,0.6895097494125366,0.31049028038978577,0.01491539180278778,0.985084593296051
Mouse_Brain_E18_MISAR,Mouse brain E18,atac,GAAGATCGACTATGCA-1,8.0,38.0,Cartilage-2,0.5222451686859131,0.4777548611164093,0.467347115278244,0.5326528549194336,0.5083214044570923,0.4916785657405853,0.04873073473572731,0.951269268989563
Mouse_Brain_E18_MISAR,Mouse brain E18,atac,AATTAAGATAGATCTA-1,19.0,31.0,Mesenchyme,0.5246700048446655,0.4753299951553345,0.502430260181427,0.4975697696208954,0.6835625171661377,0.3164374828338623,0.008975137025117874,0.9910248517990112
Mouse_Brain_E18_MISAR,Mouse brain E18,atac,ACTCAATATTGACTTC-1,30.0,18.0,Diencephalonand hindbrain,0.5022444725036621,0.4977554976940155,0.4775587320327759,0.5224412083625793,0.2762508690357208,0.7237491607666016,0.021251002326607704,0.9787489771842957
Mouse_Brain_E18_MISAR,Mouse brain E18,atac,ACTATGCAGCGTTGGA-1,13.0,23.0,Subpallium-1,0.5848860740661621,0.4151139557361603,0.45720282196998596,0.5427972078323364,0.1599912792444229,0.8400087356567383,0.10285503417253494,0.8971449732780457
Mouse_Brain_E18_MISAR,Mouse brain E18,atac,CTGATGGTGCAGGTCC-1,26.0,11.0,Diencephalonand hindbrain,0.47731536626815796,0.522684633731842,0.4519102871417999,0.5480896830558777,0.4545745551586151,0.5454254746437073,0.038253139704465866,0.961746871471405
Mouse_Brain_E18_MISAR,Mouse brain E18,atac,GAAGATCGTGCCGGCA-1,8.0,34.0,Mesenchyme,0.8435981273651123,0.15640191733837128,0.5757803320884705,0.42421969771385193,0.8656761646270752,0.13432389497756958,0.011799869127571583,0.9882001876831055
Mouse_Brain_E18_MISAR,Mouse brain E18,atac,CAACCGCTAATTAAGA-1,43.0,32.0,Diencephalonand hindbrain,0.4594641923904419,0.5405358076095581,0.540955662727356,0.45904430747032166,0.5076754689216614,0.492324560880661,0.01444745808839798,0.9855524897575378
Mouse_Brain_E18_MISAR,Mouse brain E18,atac,GCGTTGGAGACCTTGA-1,28.0,9.0,Cartilage-4,0.41155728697776794,0.5884427428245544,0.4823167324066162,0.5176832675933838,0.696814775466919,0.30318522453308105,0.002362738363444805,0.9976372718811035
Mouse_Brain_E18_MISAR,Mouse brain E18,atac,GCGTTGGACCGAGAAT-1,28.0,26.0,Diencephalonand hindbrain,0.48861369490623474,0.5113862752914429,0.5415058732032776,0.4584941565990448,0.49627408385276794,0.5037258863449097,0.01508067175745964,0.9849193096160889
Mouse_Brain_E18_MISAR,Mouse brain E18,atac,AGAACGTCTCCGGCCT-1,38.0,45.0,Diencephalonand hindbrain,0.33565425872802734,0.6643457412719727,0.49031421542167664,0.509685754776001,0.5706167221069336,0.429383248090744,0.03856536000967026,0.9614346623420715
Mouse_Brain_E18_MISAR,Mouse brain E18,atac,GATCTTACGGTACTGC-1,27.0,15.0,Diencephalonand hindbrain,0.5138127207756042,0.48618727922439575,0.5761581063270569,0.4238418936729431,0.33628377318382263,0.6637162566184998,0.04029196873307228,0.9597079753875732
Mouse_Brain_E18_MISAR,Mouse brain E18,atac,TTACCGAGGCCATTCT-1,16.0,17.0,Subpallium-1,0.4869205057621002,0.5130795240402222,0.43777576088905334,0.5622242093086243,0.1702767312526703,0.8297232985496521,0.031533002853393555,0.9684669375419617
Mouse_Brain_E18_MISAR,Mouse brain E18,atac,TCTGATACTGAGTCTG-1,9.0,28.0,DPallm,0.43475809693336487,0.5652418732643127,0.542526125907898,0.45747390389442444,0.9687095284461975,0.03129049018025398,0.05058971047401428,0.9494103193283081
Mouse_Brain_E18_MISAR,Mouse brain E18,atac,GGTACTGCACGGAGGC-1,36.0,30.0,Mesenchyme,0.8387021422386169,0.16129788756370544,0.5778504014015198,0.4221496284008026,0.36201372742652893,0.6379862427711487,0.020877869799733162,0.9791221022605896
Mouse_Brain_E18_MISAR,Mouse brain E18,atac,GAAGATCGGCAGGTCC-1,8.0,11.0,Cartilage-3,0.5751511454582214,0.42484891414642334,0.520147442817688,0.4798525869846344,0.6843507289886475,0.31564927101135254,0.004531663842499256,0.9954683780670166
Mouse_Brain_E18_MISAR,Mouse brain E18,atac,GCAGGTCCGCCGCAAC-1,40.0,27.0,Cartilage-2,0.5341018438339233,0.46589818596839905,0.5185586214065552,0.48144131898880005,0.4789116680622101,0.5210883021354675,0.03415072709321976,0.9658493399620056
Mouse_Brain_E18_MISAR,Mouse brain E18,atac,TAGAGTAAGCAGGTCC-1,41.0,11.0,Muscle,0.62955242395401,0.37044757604599,0.5126321315765381,0.4873678386211395,0.16584588587284088,0.8341541886329651,0.20094609260559082,0.7990539073944092
Mouse_Brain_E18_MISAR,Mouse brain E18,atac,TCCTACCACCGAGAAT-1,29.0,26.0,Mesenchyme,0.42148977518081665,0.5785102248191833,0.4193308651447296,0.580669105052948,0.6419966220855713,0.35800331830978394,0.03368747606873512,0.9663124680519104
Mouse_Brain_E18_MISAR,Mouse brain E18,atac,CAACCGCTTAGATCTA-1,43.0,31.0,Diencephalonand hindbrain,0.6551483273506165,0.34485164284706116,0.5661334991455078,0.4338665306568146,0.5624179840087891,0.43758198618888855,0.05067286267876625,0.9493271708488464
Mouse_Brain_E18_MISAR,Mouse brain E18,atac,CATACTCCCTGATGGT-1,4.0,25.0,DPallm,0.47154471278190613,0.5284553170204163,0.572068452835083,0.4279315173625946,0.9132218956947327,0.08677810430526733,0.00593069801107049,0.9940693378448486
Mouse_Brain_E18_MISAR,Mouse brain E18,atac,ACTTAACCCTGATGGT-1,44.0,25.0,Midbrain,0.6977896094322205,0.30221042037010193,0.6399770975112915,0.3600229024887085,0.20594006776809692,0.7940599322319031,0.00856806244701147,0.9914319515228271
Mouse_Brain_E18_MISAR,Mouse brain E18,atac,TGCGGACCACTTAACC-1,22.0,7.0,Cartilage-2,0.5447851419448853,0.45521488785743713,0.6696940660476685,0.33030590415000916,0.16529972851276398,0.8347002267837524,0.026083210483193398,0.97391676902771
Mouse_Brain_E18_MISAR,Mouse brain E18,atac,ACTTAACCGGTATGCT-1,44.0,49.0,Mesenchyme,0.5173336863517761,0.4826662838459015,0.5153073072433472,0.48469269275665283,0.5560030341148376,0.44399696588516235,0.004788165912032127,0.9952118396759033
Mouse_Brain_E18_MISAR,Mouse brain E18,atac,TGAGTCTGAGAGCTAT-1,23.0,19.0,Diencephalonand hindbrain,0.42972758412361145,0.5702723860740662,0.5057798624038696,0.49422016739845276,0.22855331003665924,0.771446704864502,0.08491016924381256,0.9150897860527039
Mouse_Brain_E18_MISAR,Mouse brain E18,atac,GATCTTACAGAGCTAT-1,27.0,19.0,Mesenchyme,0.6331672668457031,0.36683276295661926,0.4900951087474823,0.5099048614501953,0.23001880943775177,0.7699812054634094,0.10275008529424667,0.8972498774528503
Mouse_Brain_E18_MISAR,Mouse brain E18,atac,GGCTGAGCAACCTGCG-1,48.0,50.0,Muscle,0.6750956773757935,0.32490435242652893,0.529691755771637,0.47030821442604065,0.3990713953971863,0.6009286046028137,0.009144187904894352,0.9908558130264282
Mouse_Brain_E18_MISAR,Mouse brain E18,atac,CGAACGCCTAGATCTA-1,49.0,31.0,Diencephalonand hindbrain,0.6770937442779541,0.3229062855243683,0.5759875774383545,0.4240123927593231,0.3668924868106842,0.6331075429916382,0.015617970377206802,0.9843819737434387
Mouse_Brain_E18_MISAR,Mouse brain E18,atac,CAACCGCTCTAAGAGA-1,43.0,20.0,Cartilage-2,0.7309952974319458,0.2690047323703766,0.6133825778961182,0.3866174519062042,0.19539371132850647,0.8046063184738159,0.00683588394895196,0.9931641221046448
Mouse_Brain_E18_MISAR,Mouse brain E18,atac,TGCCGGCAATCATATT-1,17.0,36.0,DPallv,0.5056570768356323,0.49434295296669006,0.583685040473938,0.416314959526062,0.8381816148757935,0.16181834042072296,0.009284205734729767,0.9907158613204956
Mouse_Brain_E18_MISAR,Mouse brain E18,atac,CTTGCGCCGGTACTGC-1,37.0,15.0,Cartilage-1,0.3413707911968231,0.6586291790008545,0.5564652681350708,0.4435347020626068,0.11591946333646774,0.8840805292129517,0.0010137433419004083,0.9989861845970154
Mouse_Brain_E18_MISAR,Mouse brain E18,atac,ATAAGGAGAGAGAAGG-1,50.0,46.0,Midbrain,0.5572680234909058,0.44273194670677185,0.46420592069625854,0.5357941389083862,0.2615976929664612,0.7384023070335388,0.01020179595798254,0.9897981882095337
Mouse_Brain_E18_MISAR,Mouse brain E18,atac,GCAGGTCCGCGTTGGA-1,40.0,23.0,Cartilage-3,0.5001459717750549,0.49985408782958984,0.6507075428962708,0.34929248690605164,0.1103140115737915,0.8896859884262085,0.0025976102333515882,0.9974023699760437
Mouse_Brain_E18_MISAR,Mouse brain E18,atac,TGCGGACCTTGACTTC-1,22.0,18.0,Diencephalonand hindbrain,0.5098761916160583,0.49012380838394165,0.6072168350219727,0.39278313517570496,0.4455803632736206,0.5544195771217346,0.06282912194728851,0.9371708631515503
Mouse_Brain_E18_MISAR,Mouse brain E18,atac,TTATTCATTCCGGCCT-1,18.0,45.0,Mesenchyme,0.606724202632904,0.39327579736709595,0.5134163498878479,0.4865836799144745,0.31188127398490906,0.6881187558174133,0.05862574651837349,0.9413743019104004
Mouse_Brain_E18_MISAR,Mouse brain E18,atac,GCAGGTCCTTATTCAT-1,40.0,33.0,Diencephalonand hindbrain,0.785078227519989,0.21492178738117218,0.5182182192802429,0.4817817509174347,0.5249289274215698,0.4750710427761078,0.009241688065230846,0.9907582998275757
Mouse_Brain_E18_MISAR,Mouse brain E18,atac,GCCATTCTGCCATTCT-1,34.0,17.0,Mesenchyme,0.5354115962982178,0.46458837389945984,0.5003800988197327,0.49961990118026733,0.2850759029388428,0.714924156665802,0.0165807344019413,0.9834192991256714
Mouse_Brain_E18_MISAR,Mouse brain E18,atac,GGCTGAGCTGCGGACC-1,48.0,29.0,Diencephalonand hindbrain,0.787957489490509,0.21204251050949097,0.6015557050704956,0.3984442949295044,0.5456292033195496,0.45437076687812805,0.030976081266999245,0.9690238833427429
Mouse_Brain_E18_MISAR,Mouse brain E18,atac,CGACGCGATAGATCTA-1,12.0,31.0,DPallv,0.6179477572441101,0.3820522427558899,0.6496517658233643,0.35034823417663574,0.949822723865509,0.05017734318971634,0.026257190853357315,0.9737427830696106
Mouse_Brain_E18_MISAR,Mouse brain E18,atac,CCGAGAATAGAACGTC-1,25.0,13.0,Diencephalonand hindbrain,0.3977026045322418,0.6022974252700806,0.6022807955741882,0.397719144821167,0.31764325499534607,0.6823567748069763,0.03308694064617157,0.9669130444526672
Mouse_Brain_E18_MISAR,Mouse brain E18,atac,AATTAAGAGGTACTGC-1,19.0,15.0,Subpallium-1,0.4582429528236389,0.5417570471763611,0.39879241585731506,0.6012076139450073,0.17594625055789948,0.8240537643432617,0.004967528861016035,0.9950324296951294
Mouse_Brain_E18_MISAR,Mouse brain E18,atac,CTAAGAGAAATTAAGA-1,31.0,32.0,Diencephalonand hindbrain,0.5515350103378296,0.4484650194644928,0.4231944680213928,0.576805591583252,0.7430758476257324,0.2569241225719452,0.007444397080689669,0.992555558681488
Mouse_Brain_E18_MISAR,Mouse brain E18,atac,AGAACGTCAAGAAGCT-1,38.0,44.0,Diencephalonand hindbrain,0.49631446599960327,0.5036855340003967,0.49986714124679565,0.5001328587532043,0.47454479336738586,0.5254551768302917,0.026996096596121788,0.9730038642883301
Mouse_Brain_E18_MISAR,Mouse brain E18,atac,CGACGCGAACGGAGGC-1,12.0,30.0,DPallv,0.6265131831169128,0.37348681688308716,0.44864508509635925,0.5513548851013184,0.9298017024993896,0.07019823044538498,0.014365378767251968,0.9856346249580383
Mouse_Brain_E18_MISAR,Mouse brain E18,atac,ACTCAATAACTATGCA-1,30.0,38.0,Diencephalonand hindbrain,0.4823746979236603,0.5176253318786621,0.57511305809021,0.4248869717121124,0.5847965478897095,0.41520342230796814,0.010217697359621525,0.9897823333740234
Mouse_Brain_E18_MISAR,Mouse brain E18,atac,CAACCGCTACGGAGGC-1,43.0,30.0,Diencephalonand hindbrain,0.4494209289550781,0.5505790710449219,0.47120317816734314,0.5287967920303345,0.5577840209007263,0.4422159790992737,0.07521378993988037,0.9247862100601196
Mouse_Brain_E18_MISAR,Mouse brain E18,atac,CTGATGGTGAAGATCG-1,26.0,43.0,Cartilage-2,0.8630068898200989,0.13699308037757874,0.5512741208076477,0.4487258493900299,0.5238484144210815,0.47615155577659607,0.025504466146230698,0.9744955897331238
Mouse_Brain_E18_MISAR,Mouse brain E18,atac,CCAGTTCCAGAGAAGG-1,45.0,46.0,Mesenchyme,0.4893764555454254,0.5106235146522522,0.5345345139503479,0.4654654860496521,0.1375577747821808,0.8624421954154968,0.005622957367449999,0.9943769574165344
Mouse_Brain_E18_MISAR,Mouse brain E18,atac,TTATTCATTTATTCAT-1,18.0,33.0,Mesenchyme,0.6667160391807556,0.3332839608192444,0.4235084056854248,0.5764915943145752,0.7278602123260498,0.2721397876739502,0.003953901119530201,0.9960461258888245
Mouse_Brain_E18_MISAR,Mouse brain E18,atac,TAGATCTAAGAGCTAT-1,20.0,19.0,Subpallium-1,0.4190220832824707,0.5809779167175293,0.5936856865882874,0.40631428360939026,0.22797100245952606,0.7720290422439575,0.06624788790941238,0.9337521195411682
Mouse_Brain_E18_MISAR,Mouse brain E18,atac,GCGTTGGAGAAGATCG-1,28.0,43.0,Diencephalonand hindbrain,0.5292931199073792,0.47070688009262085,0.6203814148902893,0.3796185553073883,0.5719609260559082,0.428039014339447,0.01574234664440155,0.9842575788497925
Mouse_Brain_E18_MISAR,Mouse brain E18,atac,GCAGGTCCAACCTGCG-1,40.0,50.0,Diencephalonand hindbrain,0.7695044279098511,0.23049555718898773,0.49513471126556396,0.504865288734436,0.29427334666252136,0.7057266235351562,0.025790231302380562,0.9742098450660706
Mouse_Brain_E18_MISAR,Mouse brain E18,atac,CTTGCGCCGATCTTAC-1,37.0,24.0,Mesenchyme,0.5659453272819519,0.4340547025203705,0.5555680394172668,0.44443196058273315,0.5752053260803223,0.4247947037220001,0.008242566138505936,0.9917574524879456
Mouse_Brain_E18_MISAR,Mouse brain E18,atac,GCCGCAACTAGAGTAA-1,24.0,10.0,Diencephalonand hindbrain,0.6707528829574585,0.3292471170425415,0.5249131917953491,0.47508686780929565,0.42441415786743164,0.5755858421325684,0.05538018420338631,0.9446197748184204
Mouse_Brain_E18_MISAR,Mouse brain E18,atac,TAGAATTATTACCGAG-1,35.0,35.0,Diencephalonand hindbrain,0.41388511657714844,0.5861148238182068,0.4918045997619629,0.5081953406333923,0.6901610493659973,0.3098389804363251,0.00864352472126484,0.9913564920425415
Mouse_Brain_E18_MISAR,Mouse brain E18,atac,CTAAGAGAGCCGCAAC-1,31.0,27.0,Mesenchyme,0.631521999835968,0.3684779405593872,0.5398709774017334,0.4601289927959442,0.47031253576278687,0.5296875238418579,0.01942712813615799,0.9805728793144226
Mouse_Brain_E18_MISAR,Mouse brain E18,atac,AATTAAGACTGATGGT-1,19.0,25.0,Subpallium-1,0.5030117630958557,0.4969882369041443,0.5500273108482361,0.4499727487564087,0.1719500720500946,0.8280499577522278,0.01449405588209629,0.9855059385299683
Mouse_Brain_E18_MISAR,Mouse brain E18,atac,CGACGCGATCCTACCA-1,12.0,22.0,Subpallium-1,0.5049008131027222,0.49509915709495544,0.42769062519073486,0.5723093152046204,0.16200193762779236,0.83799809217453,0.04247000813484192,0.9575299620628357
Mouse_Brain_E18_MISAR,Mouse brain E18,atac,AGAGAAGGAATTAAGA-1,5.0,32.0,Cartilage-2,0.8670217394828796,0.13297821581363678,0.6032314896583557,0.3967685401439667,0.7108017802238464,0.28919824957847595,0.011331471614539623,0.9886685013771057
Mouse_Brain_E18_MISAR,Mouse brain E18,atac,GGTACTGCTCGGCCTT-1,36.0,12.0,Cartilage-1,0.39961886405944824,0.6003811359405518,0.6274097561836243,0.3725902736186981,0.24058914184570312,0.7594108581542969,0.002526390366256237,0.9974735379219055
Mouse_Brain_E18_MISAR,Mouse brain E18,atac,AACCTGCGGGCTGAGC-1,1.0,3.0,Cartilage-3,0.5853990912437439,0.4146009087562561,0.6905441880226135,0.3094558119773865,0.3919885456562042,0.6080114245414734,0.0018050194485113025,0.9981949925422668
Mouse_Brain_E18_MISAR,Mouse brain E18,atac,ACTATGCATTGACTTC-1,13.0,18.0,Subpallium-1,0.38624775409698486,0.6137521862983704,0.5132036805152893,0.4867962598800659,0.14074207842350006,0.8592578768730164,0.0279151052236557,0.9720849394798279
Mouse_Brain_E18_MISAR,Mouse brain E18,atac,TTGACTTCAATTAAGA-1,33.0,32.0,Diencephalonand hindbrain,0.4931277334690094,0.5068722367286682,0.533317506313324,0.46668243408203125,0.7092545628547668,0.29074549674987793,0.016720272600650787,0.9832797050476074
Mouse_Brain_E18_MISAR,Mouse brain E18,atac,TTGACTTCGCCGCAAC-1,33.0,27.0,Mesenchyme,0.7103901505470276,0.2896098792552948,0.5062456130981445,0.49375438690185547,0.6727893352508545,0.3272106945514679,0.0314304418861866,0.9685696363449097
Mouse_Brain_E18_MISAR,Mouse brain E18,atac,CTAAGAGATTATTCAT-1,31.0,33.0,Diencephalonand hindbrain,0.7012978792190552,0.2987021803855896,0.4979938864707947,0.5020061731338501,0.6438254714012146,0.3561745285987854,0.008882317692041397,0.9911177158355713
Mouse_Brain_E18_MISAR,Mouse brain E18,atac,GCCATTCTTCCGGCCT-1,34.0,45.0,Diencephalonand hindbrain,0.8047727942466736,0.1952272206544876,0.5180843472480774,0.4819156527519226,0.2787754237651825,0.7212246060371399,0.056022170931100845,0.9439778327941895
Mouse_Brain_E18_MISAR,Mouse brain E18,atac,GCCGCAACACCGCCAA-1,24.0,5.0,Cartilage-4,0.5031646490097046,0.4968353807926178,0.5058835744857788,0.4941164553165436,0.25968146324157715,0.7403185367584229,0.002114884089678526,0.9978850483894348
Mouse_Brain_E18_MISAR,Mouse brain E18,atac,TAGATCTAACGGAGGC-1,20.0,30.0,Mesenchyme,0.5247390270233154,0.4752609431743622,0.5438477993011475,0.45615217089653015,0.686403751373291,0.31359627842903137,0.013363047502934933,0.9866369366645813
Mouse_Brain_E18_MISAR,Mouse brain E18,atac,GCAGGTCCAGAGAAGG-1,40.0,46.0,Diencephalonand hindbrain,0.44947928190231323,0.5505207180976868,0.5663372874259949,0.43366268277168274,0.3580918312072754,0.6419082283973694,0.010324954986572266,0.989674985408783
Mouse_Brain_E18_MISAR,Mouse brain E18,atac,GCCGCAACTGCGGACC-1,24.0,29.0,Diencephalonand hindbrain,0.7940153479576111,0.20598460733890533,0.4693058729171753,0.5306941270828247,0.7282724976539612,0.27172747254371643,0.031727202236652374,0.9682728052139282
Mouse_Brain_E18_MISAR,Mouse brain E18,atac,TTGACTTCGCGTTGGA-1,33.0,23.0,Cartilage-2,0.7868978381156921,0.21310213208198547,0.5533797740936279,0.44662022590637207,0.8056920766830444,0.19430793821811676,0.012452074326574802,0.9875478744506836
Mouse_Brain_E18_MISAR,Mouse brain E18,atac,TAGAATTACTTGCGCC-1,35.0,14.0,Cartilage-2,0.36486369371414185,0.6351363062858582,0.5788640379905701,0.42113596200942993,0.12787891924381256,0.8721210360527039,0.01988377794623375,0.9801162481307983
Mouse_Brain_E18_MISAR,Mouse brain E18,atac,CCAGTTCCTCTGATAC-1,45.0,42.0,Diencephalonand hindbrain,0.7915454506874084,0.20845451951026917,0.5337548851966858,0.4662450850009918,0.35508233308792114,0.6449176669120789,0.04820111393928528,0.9517988562583923
Mouse_Brain_E18_MISAR,Mouse brain E18,atac,GCAGGTCCGATACGGA-1,40.0,40.0,Diencephalonand hindbrain,0.8507499694824219,0.14925003051757812,0.5323134064674377,0.4676865339279175,0.7663459181785583,0.23365406692028046,0.006607347168028355,0.9933926463127136
Mouse_Brain_E18_MISAR,Mouse brain E18,atac,TGAGTCTGCTTGCGCC-1,23.0,14.0,Diencephalonand hindbrain,0.4533334970474243,0.5466665029525757,0.5461176633834839,0.45388227701187134,0.4039815664291382,0.5960184335708618,0.06966337561607361,0.930336594581604
Mouse_Brain_E18_MISAR,Mouse brain E18,atac,CCGAGAATCTTGCGCC-1,25.0,14.0,Diencephalonand hindbrain,0.3033595383167267,0.6966404914855957,0.6556326150894165,0.34436744451522827,0.300411194562912,0.6995888352394104,0.015646468847990036,0.9843536019325256
Mouse_Brain_E18_MISAR,Mouse brain E18,atac,GGTACTGCCTTGCGCC-1,36.0,14.0,Cartilage-1,0.4580901563167572,0.5419098138809204,0.41510337591171265,0.5848966240882874,0.1254737228155136,0.8745262622833252,0.004060901701450348,0.9959391355514526
Mouse_Brain_E18_MISAR,Mouse brain E18,atac,TGCGGACCGCTAACTT-1,22.0,48.0,Cartilage-2,0.46540164947509766,0.5345983505249023,0.4867713749408722,0.5132286548614502,0.11550112813711166,0.8844988346099854,0.038321077823638916,0.9616789221763611
Mouse_Brain_E18_MISAR,Mouse brain E18,atac,CTAAGAGAACTTAACC-1,31.0,7.0,Cartilage-1,0.5491670966148376,0.45083290338516235,0.6561377048492432,0.3438623249530792,0.36358997225761414,0.6364099979400635,0.010472139343619347,0.9895278811454773
Mouse_Brain_E18_MISAR,Mouse brain E18,atac,ATAAGGAGCTTGCGCC-1,50.0,14.0,Cartilage-4,0.4278295934200287,0.5721704363822937,0.47186145186424255,0.5281385183334351,0.43177473545074463,0.5682252645492554,0.004072270356118679,0.9959277510643005
Mouse_Brain_E18_MISAR,Mouse brain E18,atac,GGTACTGCAGAGAAGG-1,36.0,46.0,Diencephalonand hindbrain,0.5791875720024109,0.4208124279975891,0.5564249753952026,0.44357505440711975,0.1761423945426941,0.8238576054573059,0.022298339754343033,0.9777016639709473
Mouse_Brain_E18_MISAR,Mouse brain E18,atac,ACTCAATACCGATTCC-1,30.0,4.0,Cartilage-3,0.4694066345691681,0.5305933952331543,0.563450813293457,0.43654921650886536,0.39837759733200073,0.6016224026679993,0.004113353788852692,0.9958866238594055
Mouse_Brain_E18_MISAR,Mouse brain E18,atac,AATTAAGATCCTACCA-1,19.0,22.0,Diencephalonand hindbrain,0.6678966283798218,0.33210334181785583,0.5795342922210693,0.4204656779766083,0.22985504567623138,0.7701449394226074,0.028099382296204567,0.9719005823135376
Mouse_Brain_E18_MISAR,Mouse brain E18,atac,AGAGCTATCTAAGAGA-1,32.0,20.0,Mesenchyme,0.5592569708824158,0.44074302911758423,0.5844135880470276,0.4155864715576172,0.11775331944227219,0.8822466731071472,0.020536674186587334,0.9794633388519287
Mouse_Brain_E18_MISAR,Mouse brain E18,atac,CGAACGCCAACCTGCG-1,49.0,50.0,Cartilage-3,0.5933172106742859,0.4066827595233917,0.4712316393852234,0.5287683606147766,0.23082539439201355,0.7691745758056641,0.012748999521136284,0.9872510433197021
Mouse_Brain_E18_MISAR,Mouse brain E18,atac,AGAACGTCAGAGAAGG-1,38.0,46.0,Diencephalonand hindbrain,0.42679837346076965,0.573201596736908,0.6104108095169067,0.3895891606807709,0.4831695854663849,0.5168304443359375,0.01645192690193653,0.983548104763031
Mouse_Brain_E18_MISAR,Mouse brain E18,atac,CCGAGAATACTCAATA-1,25.0,21.0,Diencephalonand hindbrain,0.6040937900543213,0.3959062695503235,0.4879221022129059,0.5120778679847717,0.6132193803787231,0.38678061962127686,0.06648916006088257,0.9335108399391174
Mouse_Brain_E18_MISAR,Mouse brain E18,atac,GCAGGTCCTAGAGTAA-1,40.0,10.0,Muscle,0.693509578704834,0.30649039149284363,0.492091566324234,0.5079084634780884,0.15249544382095337,0.8475045561790466,0.15517844259738922,0.8448215126991272
Mouse_Brain_E18_MISAR,Mouse brain E18,atac,ACTCAATACGACGCGA-1,30.0,39.0,Diencephalonand hindbrain,0.659193217754364,0.3408067524433136,0.5439310073852539,0.4560690224170685,0.5659801959991455,0.4340198040008545,0.021174486726522446,0.9788255095481873
Mouse_Brain_E18_MISAR,Mouse brain E18,atac,ATCATATTAGAGAAGG-1,15.0,46.0,Mesenchyme,0.4971831142902374,0.5028168559074402,0.5578562021255493,0.4421437382698059,0.43497252464294434,0.5650274753570557,0.013921997509896755,0.9860780239105225
Mouse_Brain_E18_MISAR,Mouse brain E18,atac,CTAAGAGATTGACTTC-1,31.0,18.0,Mesenchyme,0.4727077782154083,0.5272922515869141,0.5522487759590149,0.4477512240409851,0.18303126096725464,0.8169687390327454,0.017371781170368195,0.9826282262802124
Mouse_Brain_E18_MISAR,Mouse brain E18,atac,AGAGCTATGCGTTGGA-1,32.0,23.0,Diencephalonand hindbrain,0.8194884061813354,0.18051156401634216,0.4638843238353729,0.5361156463623047,0.6111495494842529,0.38885045051574707,0.00942356325685978,0.9905763864517212
Mouse_Brain_E18_MISAR,Mouse brain E18,atac,TTATTCATGGTATGCT-1,18.0,49.0,Cartilage-2,0.8268338441848755,0.1731662154197693,0.6362988948822021,0.3637011647224426,0.27440714836120605,0.725592851638794,0.07466099411249161,0.9253389835357666
Mouse_Brain_E18_MISAR,Mouse brain E18,atac,TTATTCATTCCTACCA-1,18.0,22.0,Subpallium-1,0.5954678654670715,0.40453216433525085,0.48633840680122375,0.5136616230010986,0.18716154992580414,0.8128384351730347,0.031165646389126778,0.968834400177002
Mouse_Brain_E18_MISAR,Mouse brain E18,atac,CCGAGAATATCATATT-1,25.0,36.0,Thalamus,0.6061453819274902,0.3938545882701874,0.5796947479248047,0.4203052520751953,0.7143303155899048,0.2856696546077728,0.046696241945028305,0.9533037543296814
Mouse_Brain_E18_MISAR,Mouse brain E18,atac,TTACCGAGCATACTCC-1,16.0,47.0,Mesenchyme,0.576299786567688,0.4237001836299896,0.5756242275238037,0.4243757724761963,0.531852126121521,0.4681479036808014,0.031074158847332,0.9689258337020874
Mouse_Brain_E18_MISAR,Mouse brain E18,atac,ACTATGCAACCGCCAA-1,13.0,5.0,Cartilage-3,0.7193577885627747,0.28064224123954773,0.6185709238052368,0.3814290761947632,0.12986359000205994,0.8701364398002625,0.011322318576276302,0.9886776804924011
Mouse_Brain_E18_MISAR,Mouse brain E18,atac,GCCGCAACTCTGATAC-1,24.0,42.0,DPallm,0.5179027915000916,0.4820972681045532,0.5370761156082153,0.46292388439178467,0.9532231688499451,0.04677686467766762,0.003676862921565771,0.9963231086730957
Mouse_Brain_E18_MISAR,Mouse brain E18,atac,CATACTCCCTTGCGCC-1,4.0,14.0,DPallm,0.695210874080658,0.30478912591934204,0.5606657862663269,0.4393342137336731,0.6867599487304688,0.31324002146720886,0.021968059241771698,0.9780319333076477
Mouse_Brain_E18_MISAR,Mouse brain E18,atac,CGAACGCCGATCTTAC-1,49.0,24.0,Cartilage-2,0.7855956554412842,0.21440431475639343,0.6231358051300049,0.37686416506767273,0.37443193793296814,0.6255680322647095,0.004710636101663113,0.9952893257141113
Mouse_Brain_E18_MISAR,Mouse brain E18,atac,GATACGGATAGAATTA-1,11.0,16.0,Subpallium-1,0.4811088740825653,0.5188911557197571,0.6674356460571289,0.3325643539428711,0.26921239495277405,0.7307876348495483,0.0289528276771307,0.9710472226142883
Mouse_Brain_E18_MISAR,Mouse brain E18,atac,CCAGTTCCTTATTCAT-1,45.0,33.0,Diencephalonand hindbrain,0.4996405243873596,0.5003594160079956,0.6566733121871948,0.34332671761512756,0.42320072650909424,0.576799213886261,0.014684014022350311,0.9853159785270691
Mouse_Brain_E18_MISAR,Mouse brain E18,atac,AGAGAAGGTCCTACCA-1,5.0,22.0,DPallm,0.5912520885467529,0.40874794125556946,0.4696878492832184,0.5303121209144592,0.9204908609390259,0.07950913161039352,0.00940368790179491,0.9905962944030762
Mouse_Brain_E18_MISAR,Mouse brain E18,atac,AGAACGTCAACCTGCG-1,38.0,50.0,Diencephalonand hindbrain,0.47119709849357605,0.5288029313087463,0.41627493500709534,0.583725094795227,0.35484907031059265,0.645150899887085,0.007768228650093079,0.9922317266464233
Mouse_Brain_E18_MISAR,Mouse brain E18,atac,CGACGCGAAGAACGTC-1,12.0,13.0,DPallm,0.4736839532852173,0.5263160467147827,0.5276108980178833,0.4723891019821167,0.5926390886306763,0.4073609709739685,0.02204180881381035,0.9779582619667053
Mouse_Brain_E18_MISAR,Mouse brain E18,atac,AGAACGTCATCATATT-1,38.0,36.0,Diencephalonand hindbrain,0.8092095255851746,0.19079050421714783,0.495027631521225,0.5049723386764526,0.24567309021949768,0.7543269395828247,0.014891456812620163,0.9851085543632507
Mouse_Brain_E18_MISAR,Mouse brain E18,atac,TAGAGTAAACTATGCA-1,41.0,38.0,Diencephalonand hindbrain,0.5375491976737976,0.4624508321285248,0.543826699256897,0.4561733305454254,0.5861271023750305,0.41387292742729187,0.005785652436316013,0.9942143559455872
Mouse_Brain_E18_MISAR,Mouse brain E18,atac,CCAGTTCCCGACGCGA-1,45.0,39.0,Diencephalonand hindbrain,0.5323324799537659,0.46766749024391174,0.5283422470092773,0.47165775299072266,0.5865568518638611,0.4134431481361389,0.009751442819833755,0.9902485013008118
Mouse_Brain_E18_MISAR,Mouse brain E18,atac,TGAGTCTGGGTATGCT-1,23.0,49.0,Cartilage-2,0.657211184501648,0.34278881549835205,0.475198358297348,0.5248016715049744,0.07659850269556046,0.9234015345573425,0.05636266618967056,0.9436373710632324
Mouse_Brain_E18_MISAR,Mouse brain E18,atac,ACCGCCAAGATCTTAC-1,46.0,24.0,Mesenchyme,0.6189917325973511,0.3810083270072937,0.4958696961402893,0.5041303038597107,0.5695607662200928,0.430439293384552,0.011064107529819012,0.9889358878135681
Mouse_Brain_E18_MISAR,Mouse brain E18,atac,GCGTTGGAACTCAATA-1,28.0,21.0,Mesenchyme,0.5593560338020325,0.44064396619796753,0.44119715690612793,0.5588028430938721,0.5156452059745789,0.48435482382774353,0.03812318667769432,0.9618768692016602
Mouse_Brain_E18_MISAR,Mouse brain E18,atac,GATCTTACCGACGCGA-1,27.0,39.0,Mesenchyme,0.7729348540306091,0.2270650863647461,0.5026167631149292,0.4973832964897156,0.8366833329200745,0.16331668198108673,0.020779218524694443,0.9792207479476929
Mouse_Brain_E18_MISAR,Mouse brain E18,atac,AACCTGCGAGAACGTC-1,1.0,13.0,Cartilage-3,0.7317019701004028,0.26829802989959717,0.5201377272605896,0.4798622727394104,0.07958362996578217,0.9204162955284119,0.0015063358005136251,0.9984936714172363
Mouse_Brain_E18_MISAR,Mouse brain E18,atac,AATTAAGAAATTAAGA-1,19.0,32.0,Mesenchyme,0.4462488889694214,0.5537511110305786,0.4214150011539459,0.5785850286483765,0.6355772614479065,0.3644227087497711,0.005302742589265108,0.9946972131729126
Mouse_Brain_E18_MISAR,Mouse brain E18,atac,TTACCGAGACTTAACC-1,16.0,7.0,Cartilage-2,0.4584251642227173,0.5415748953819275,0.6858270168304443,0.31417298316955566,0.05447211489081383,0.9455278515815735,0.0008032940095290542,0.9991967082023621
Mouse_Brain_E18_MISAR,Mouse brain E18,atac,AATTAAGAACCGCCAA-1,19.0,5.0,Muscle,0.6108162999153137,0.3891836404800415,0.5541890859603882,0.4458109140396118,0.22912812232971191,0.7708718776702881,0.046842481940984726,0.9531575441360474
Mouse_Brain_E18_MISAR,Mouse brain E18,atac,TAGAATTATTATTCAT-1,35.0,33.0,Diencephalonand hindbrain,0.6712085008621216,0.3287915289402008,0.4460415840148926,0.5539584159851074,0.8353478908538818,0.16465210914611816,0.01866196282207966,0.9813380241394043
Mouse_Brain_E18_MISAR,Mouse brain E18,atac,GGTATGCTTAGAATTA-1,2.0,16.0,Cartilage-3,0.4785747826099396,0.5214252471923828,0.7285547852516174,0.27144524455070496,0.05918293073773384,0.9408170580863953,0.005151939112693071,0.9948481321334839
Mouse_Brain_E18_MISAR,Mouse brain E18,atac,GCCGCAACACTCAATA-1,24.0,21.0,Diencephalonand hindbrain,0.691048800945282,0.3089512288570404,0.4835931062698364,0.5164068937301636,0.450085312128067,0.5499146580696106,0.026493271812796593,0.9735066890716553
Mouse_Brain_E18_MISAR,Mouse brain E18,atac,AATTAAGACAACCGCT-1,19.0,8.0,Cartilage-2,0.6600702404975891,0.33992981910705566,0.5006614923477173,0.4993385672569275,0.4903245270252228,0.5096755027770996,0.0028649906162172556,0.9971350431442261
Mouse_Brain_E18_MISAR,Mouse brain E18,atac,CCAGTTCCCTAAGAGA-1,45.0,20.0,Cartilage-2,0.47090113162994385,0.5290988683700562,0.5395539999008179,0.46044597029685974,0.46881812810897827,0.5311818718910217,0.006416284944862127,0.9935837388038635
Mouse_Brain_E18_MISAR,Mouse brain E18,atac,TCGGCCTTCTTGCGCC-1,39.0,14.0,Cartilage-2,0.5036957263946533,0.4963042438030243,0.44540971517562866,0.5545902848243713,0.05214995518326759,0.9478501081466675,0.0031704155262559652,0.9968295693397522
Mouse_Brain_E18_MISAR,Mouse brain E18,atac,GACCTTGATAGATCTA-1,42.0,31.0,Diencephalonand hindbrain,0.6370434165000916,0.36295655369758606,0.48948583006858826,0.5105141401290894,0.47248420119285583,0.5275158286094666,0.026236290112137794,0.9737637042999268
Mouse_Brain_E18_MISAR,Mouse brain E18,atac,ACGGAGGCGACCTTGA-1,21.0,9.0,Subpallium-1,0.6322908401489258,0.36770913004875183,0.5483620762825012,0.45163795351982117,0.5748884081840515,0.4251116216182709,0.009742800146341324,0.9902571439743042
Mouse_Brain_E18_MISAR,Mouse brain E18,atac,ACGGAGGCTTACCGAG-1,21.0,35.0,Mesenchyme,0.5687718391418457,0.4312281608581543,0.5575498342514038,0.44245022535324097,0.6656889915466309,0.33431103825569153,0.009987111203372478,0.9900128841400146
Mouse_Brain_E18_MISAR,Mouse brain E18,atac,TGCGGACCGCCATTCT-1,22.0,17.0,Diencephalonand hindbrain,0.4796678125858307,0.5203321576118469,0.4358910024166107,0.5641090273857117,0.3582218885421753,0.6417780518531799,0.04526419937610626,0.9547358751296997
Mouse_Brain_E18_MISAR,Mouse brain E18,atac,TTGACTTCCTGATGGT-1,33.0,25.0,Mesenchyme,0.6889774799346924,0.31102254986763,0.46044591069221497,0.5395540595054626,0.481306791305542,0.518693208694458,0.014430861920118332,0.985569179058075
Mouse_Brain_E18_MISAR,Mouse brain E18,atac,CCGAGAATCAACCGCT-1,25.0,8.0,Cartilage-2,0.5471213459968567,0.4528786540031433,0.5995972752571106,0.4004027545452118,0.35401979088783264,0.645980179309845,0.007678878493607044,0.9923210740089417
Mouse_Brain_E18_MISAR,Mouse brain E18,atac,ACTATGCAGCCATTCT-1,13.0,17.0,Subpallium-1,0.3777410089969635,0.6222589612007141,0.41653844714164734,0.583461582660675,0.1798987090587616,0.8201013207435608,0.03718601539731026,0.9628139734268188
Mouse_Brain_E18_MISAR,Mouse brain E18,atac,ACGGAGGCACTATGCA-1,21.0,38.0,Mesenchyme,0.5346317887306213,0.4653681814670563,0.629892885684967,0.37010711431503296,0.8943092226982117,0.10569079965353012,0.004149193875491619,0.9958508014678955
Mouse_Brain_E18_MISAR,Mouse brain E18,atac,TGCGGACCCATACTCC-1,22.0,47.0,Cartilage-2,0.7859340310096741,0.21406598389148712,0.5020661950111389,0.49793383479118347,0.16985374689102173,0.8301462531089783,0.007939229719340801,0.9920607805252075
Mouse_Brain_E18_MISAR,Mouse brain E18,atac,CAACCGCTAAGAAGCT-1,43.0,44.0,Diencephalonand hindbrain,0.7950829863548279,0.2049170434474945,0.6305401921272278,0.36945977807044983,0.4998458921909332,0.5001541376113892,0.012697720900177956,0.987302303314209
Mouse_Brain_E18_MISAR,Mouse brain E18,atac,AACCTGCGTAGAATTA-1,1.0,16.0,Cartilage-3,0.5542229413986206,0.4457769989967346,0.510871410369873,0.48912855982780457,0.07305863499641418,0.9269413352012634,0.0024105545599013567,0.9975894689559937
Mouse_Brain_E18_MISAR,Mouse brain E18,atac,ACTTAACCAAGAAGCT-1,44.0,44.0,Diencephalonand hindbrain,0.5913361310958862,0.40866389870643616,0.43585532903671265,0.5641446709632874,0.21473009884357452,0.7852699160575867,0.007283111102879047,0.992716908454895
Mouse_Brain_E18_MISAR,Mouse brain E18,atac,AGAGAAGGTTACCGAG-1,5.0,35.0,Mesenchyme,0.7502734065055847,0.2497265785932541,0.6318919062614441,0.3681080639362335,0.4079107940196991,0.5920892357826233,0.019768444821238518,0.9802315831184387
Mouse_Brain_E18_MISAR,Mouse brain E18,atac,AGAACGTCCTTGCGCC-1,38.0,14.0,Cartilage-1,0.33963480591773987,0.6603651642799377,0.6044702529907227,0.39552974700927734,0.13219812512397766,0.8678019046783447,0.0010907852556556463,0.9989092350006104
Mouse_Brain_E18_MISAR,Mouse brain E18,atac,TGGTCAGCGCAGGTCC-1,14.0,11.0,DPallm,0.46478983759880066,0.5352101922035217,0.4661862552165985,0.5338137745857239,0.71639084815979,0.2836091220378876,0.07315245270729065,0.9268475770950317
Mouse_Brain_E18_MISAR,Mouse brain E18,atac,TTATCCGGTAGAGTAA-1,10.0,10.0,Diencephalonand hindbrain,0.5668054223060608,0.4331945776939392,0.571478009223938,0.4285220205783844,0.36730343103408813,0.6326965689659119,0.006466173101216555,0.9935338497161865
Mouse_Brain_E18_MISAR,Mouse brain E18,atac,TGAGTCTGTCCGGCCT-1,23.0,45.0,DPallm,0.6304630041122437,0.36953699588775635,0.5897068977355957,0.4102930426597595,0.707568347454071,0.29243165254592896,0.006203946657478809,0.9937961101531982
Mouse_Brain_E18_MISAR,Mouse brain E18,atac,TTATTCATACCGCCAA-1,18.0,5.0,Cartilage-1,0.6609230637550354,0.3390769362449646,0.5726534128189087,0.4273465871810913,0.172580748796463,0.8274192214012146,0.0020907153375446796,0.9979092478752136
Mouse_Brain_E18_MISAR,Mouse brain E18,atac,TTATTCATTGCGGACC-1,18.0,29.0,DPallv,0.4054267406463623,0.5945732593536377,0.4919268786907196,0.5080731511116028,0.6326952576637268,0.3673047721385956,0.023807654157280922,0.9761922955513
Mouse_Brain_E18_MISAR,Mouse brain E18,atac,CATACTCCTGAGTCTG-1,4.0,28.0,Cartilage-2,0.6386534571647644,0.3613465130329132,0.5780994892120361,0.42190051078796387,0.4879550337791443,0.5120449662208557,0.0266395453363657,0.9733604192733765
Mouse_Brain_E18_MISAR,Mouse brain E18,atac,CTGATGGTCATACTCC-1,26.0,47.0,Mesenchyme,0.7445515990257263,0.25544843077659607,0.5002232193946838,0.49977678060531616,0.2362811118364334,0.7637189030647278,0.03144650161266327,0.9685534834861755
Mouse_Brain_E18_MISAR,Mouse brain E18,atac,CATACTCCACTTAACC-1,4.0,7.0,Cartilage-3,0.5762163400650024,0.42378363013267517,0.4711531698703766,0.528846800327301,0.5224717259407043,0.47752827405929565,0.002072931732982397,0.9979270696640015
Mouse_Brain_E18_MISAR,Mouse brain E18,atac,GAAGATCGACTTAACC-1,8.0,7.0,Cartilage-4,0.48058241605758667,0.5194176435470581,0.45177358388900757,0.5482264161109924,0.5755448937416077,0.42445507645606995,0.005230309907346964,0.9947696328163147
Mouse_Brain_E18_MISAR,Mouse brain E18,atac,TAGAGTAAAGAGAAGG-1,41.0,46.0,Diencephalonand hindbrain,0.5528008341789246,0.44719913601875305,0.4271048903465271,0.5728950500488281,0.3448933959007263,0.6551066040992737,0.004438756033778191,0.9955612421035767
Mouse_Brain_E18_MISAR,Mouse brain E18,atac,TGCGGACCTGAGTCTG-1,22.0,28.0,Diencephalonand hindbrain,0.5397554636001587,0.4602445960044861,0.537777841091156,0.46222221851348877,0.4621880054473877,0.5378119945526123,0.024719420820474625,0.9752806425094604
Mouse_Brain_E18_MISAR,Mouse brain E18,atac,CAACCGCTCATACTCC-1,43.0,47.0,Cartilage-2,0.8563206791877747,0.14367930591106415,0.5836083889007568,0.41639161109924316,0.1420140564441681,0.8579859733581543,0.0064904955215752125,0.9935094714164734
Mouse_Brain_E18_MISAR,Mouse brain E18,atac,ATAAGGAGTAGAATTA-1,50.0,16.0,Cartilage-4,0.6104180812835693,0.38958194851875305,0.5345262885093689,0.4654737114906311,0.34386149048805237,0.6561384797096252,0.004873553290963173,0.9951263666152954
Mouse_Brain_E18_MISAR,Mouse brain E18,atac,TCCTACCAACTCAATA-1,29.0,21.0,Diencephalonand hindbrain,0.5236100554466248,0.47638997435569763,0.5658739805221558,0.43412598967552185,0.44755539298057556,0.552444577217102,0.022647855803370476,0.9773522019386292
Mouse_Brain_E18_MISAR,Mouse brain E18,atac,CCGATTCCACGGAGGC-1,47.0,30.0,Diencephalonand hindbrain,0.7117144465446472,0.28828561305999756,0.48964592814445496,0.5103540420532227,0.42623794078826904,0.573762059211731,0.04058750718832016,0.9594125151634216
Mouse_Brain_E18_MISAR,Mouse brain E18,atac,TAGATCTAGACCTTGA-1,20.0,9.0,Subpallium-1,0.39267438650131226,0.6073256134986877,0.4699007570743561,0.5300992727279663,0.4490872025489807,0.5509127974510193,0.01233040913939476,0.9876696467399597
Mouse_Brain_E18_MISAR,Mouse brain E18,atac,GCCATTCTTTATCCGG-1,34.0,41.0,Diencephalonand hindbrain,0.551387369632721,0.44861260056495667,0.6066200733184814,0.39337995648384094,0.4997173547744751,0.5002827048301697,0.05558263510465622,0.9444173574447632
Mouse_Brain_E18_MISAR,Mouse brain E18,atac,ACTCAATATGCGGACC-1,30.0,29.0,Diencephalonand hindbrain,0.5243582725524902,0.47564172744750977,0.5599753856658936,0.44002464413642883,0.5293679237365723,0.47063204646110535,0.01630200631916523,0.9836980104446411
Mouse_Brain_E18_MISAR,Mouse brain E18,atac,TGAGTCTGTTACCGAG-1,23.0,35.0,Cartilage-2,0.5907897353172302,0.4092102646827698,0.5653522610664368,0.43464773893356323,0.5656401515007019,0.4343598484992981,0.020918112248182297,0.9790818691253662
Mouse_Brain_E18_MISAR,Mouse brain E18,atac,GGTACTGCGCCATTCT-1,36.0,17.0,Mesenchyme,0.5033543705940247,0.49664562940597534,0.45222237706184387,0.5477776527404785,0.09148566424846649,0.9085143208503723,0.003781489096581936,0.9962185025215149
Mouse_Brain_E18_MISAR,Mouse brain E18,atac,TCCTACCATCCGGCCT-1,29.0,45.0,Diencephalonand hindbrain,0.5515017509460449,0.4484982490539551,0.5446472764015198,0.4553527235984802,0.417018324136734,0.5829817056655884,0.06184425204992294,0.9381557703018188
Mouse_Brain_E18_MISAR,Mouse brain E18,atac,TCGGCCTTGCTAACTT-1,39.0,48.0,Diencephalonand hindbrain,0.5608600974082947,0.4391399025917053,0.4913349151611328,0.5086650848388672,0.43263697624206543,0.5673630237579346,0.012165350839495659,0.9878346920013428
Mouse_Brain_E18_MISAR,Mouse brain E18,atac,ACTTAACCACTATGCA-1,44.0,38.0,Diencephalonand hindbrain,0.5953080058097839,0.40469202399253845,0.48334941267967224,0.5166505575180054,0.4954075515270233,0.5045924782752991,0.015324175357818604,0.9846758246421814
Mouse_Brain_E18_MISAR,Mouse brain E18,atac,ATAAGGAGAGAGCTAT-1,50.0,19.0,Mesenchyme,0.7096065282821655,0.29039350152015686,0.5848843455314636,0.41511568427085876,0.32473117113113403,0.675268828868866,0.009914595633745193,0.9900853633880615
Mouse_Brain_E18_MISAR,Mouse brain E18,atac,CGAACGCCTGCGGACC-1,49.0,29.0,Diencephalonand hindbrain,0.5417327880859375,0.4582671821117401,0.5303094983100891,0.4696905016899109,0.4973919093608856,0.5026081204414368,0.02753075398504734,0.9724692106246948
Mouse_Brain_E18_MISAR,Mouse brain E18,atac,GGCTGAGCGAAGATCG-1,48.0,43.0,Diencephalonand hindbrain,0.38639095425605774,0.6136090755462646,0.5255674123764038,0.4744326174259186,0.6946685314178467,0.3053314685821533,0.030155744403600693,0.9698442816734314
Mouse_Brain_E18_MISAR,Mouse brain E18,atac,TGCCGGCATGAGTCTG-1,17.0,28.0,Subpallium-2,0.526431143283844,0.473568856716156,0.4837096333503723,0.5162903666496277,0.4189538359642029,0.5810461640357971,0.013351899571716785,0.9866480231285095
Mouse_Brain_E18_MISAR,Mouse brain E18,atac,CCGAGAATGCGTTGGA-1,25.0,23.0,Diencephalonand hindbrain,0.689134418964386,0.3108656108379364,0.5786072015762329,0.4213928282260895,0.47534453868865967,0.5246554613113403,0.04725527763366699,0.9527447819709778
Mouse_Brain_E18_MISAR,Mouse brain E18,atac,GCCGCAACTCCGGCCT-1,24.0,45.0,Cartilage-2,0.7937020063400269,0.20629793405532837,0.4387083351612091,0.5612916350364685,0.3088821470737457,0.6911178231239319,0.015847817063331604,0.9841521978378296
Mouse_Brain_E18_MISAR,Mouse brain E18,atac,TTGACTTCCCAGTTCC-1,33.0,6.0,Cartilage-4,0.4341527223587036,0.5658472776412964,0.526270866394043,0.47372910380363464,0.5933000445365906,0.4066999852657318,0.008997613564133644,0.9910023808479309
Mouse_Brain_E18_MISAR,Mouse brain E18,atac,ATAAGGAGGATCTTAC-1,50.0,24.0,Cartilage-2,0.7623451352119446,0.2376548945903778,0.5945745706558228,0.40542542934417725,0.5174704790115356,0.48252955079078674,0.010663098655641079,0.9893368482589722
Mouse_Brain_E18_MISAR,Mouse brain E18,atac,TCGGCCTTGATCTTAC-1,39.0,24.0,Mesenchyme,0.6756689548492432,0.32433101534843445,0.5484435558319092,0.45155641436576843,0.420480340719223,0.5795196294784546,0.004551306366920471,0.995448648929596
Mouse_Brain_E18_MISAR,Mouse brain E18,atac,AGAGAAGGACTTAACC-1,5.0,7.0,Cartilage-3,0.636454701423645,0.363545298576355,0.49738427996635437,0.5026156902313232,0.46682262420654297,0.533177375793457,0.001563255675137043,0.9984367489814758
Mouse_Brain_E18_MISAR,Mouse brain E18,atac,AAGAAGCTTCCTACCA-1,7.0,22.0,DPallm,0.5321179032325745,0.46788209676742554,0.5135029554367065,0.48649707436561584,0.9123148322105408,0.08768513798713684,0.0842866525053978,0.9157133102416992
Mouse_Brain_E18_MISAR,Mouse brain E18,atac,TGAGTCTGGCAGGTCC-1,23.0,11.0,Diencephalonand hindbrain,0.6541363000869751,0.3458636999130249,0.37701067328453064,0.622989296913147,0.38571515679359436,0.6142848134040833,0.04573551192879677,0.9542644619941711
Mouse_Brain_E18_MISAR,Mouse brain E18,atac,CCGAGAATTAGATCTA-1,25.0,31.0,Thalamus,0.7018374800682068,0.2981625199317932,0.42648646235466003,0.5735135078430176,0.6577264070510864,0.3422735631465912,0.016692647710442543,0.9833073616027832
Mouse_Brain_E18_MISAR,Mouse brain E18,atac,GCAGGTCCGAAGATCG-1,40.0,43.0,Diencephalonand hindbrain,0.4899764358997345,0.5100235939025879,0.48586028814315796,0.514139711856842,0.4887355864048004,0.5112643837928772,0.03573581203818321,0.9642642140388489
Mouse_Brain_E18_MISAR,Mouse brain E18,atac,ATCATATTCTTGCGCC-1,15.0,14.0,Subpallium-1,0.4942496120929718,0.5057503581047058,0.576305091381073,0.4236949682235718,0.25187963247299194,0.7481203675270081,0.04007542133331299,0.959924578666687
Mouse_Brain_E18_MISAR,Mouse brain E18,atac,AGAGAAGGTGCGGACC-1,5.0,29.0,Mesenchyme,0.506879448890686,0.4931204915046692,0.49099045991897583,0.5090094804763794,0.7874425053596497,0.21255746483802795,0.011729130521416664,0.9882708191871643
Mouse_Brain_E18_MISAR,Mouse brain E18,atac,TCGGCCTTCCGAGAAT-1,39.0,26.0,Mesenchyme,0.7417315244674683,0.2582685053348541,0.4339560270309448,0.5660440325737,0.434308797121048,0.5656912326812744,0.017524264752864838,0.982475757598877
Mouse_Brain_E18_MISAR,Mouse brain E18,atac,GAAGATCGTGAGTCTG-1,8.0,28.0,DPallm,0.4524354636669159,0.5475645065307617,0.4834025502204895,0.5165974497795105,0.9697837233543396,0.030216263607144356,0.03880022093653679,0.9611998200416565
Mouse_Brain_E18_MISAR,Mouse brain E18,atac,TCGGCCTTGATACGGA-1,39.0,40.0,Diencephalonand hindbrain,0.8186343908309937,0.18136557936668396,0.5586807131767273,0.4413192868232727,0.84366774559021,0.15633226931095123,0.0037376570980995893,0.9962623715400696
Mouse_Brain_E18_MISAR,Mouse brain E18,atac,GCAGGTCCGGTACTGC-1,40.0,15.0,Cartilage-2,0.47955888509750366,0.5204411149024963,0.551909327507019,0.44809070229530334,0.0430099256336689,0.9569900035858154,0.0017227402422577143,0.9982773065567017
Mouse_Brain_E18_MISAR,Mouse brain E18,atac,GCCATTCTGATCTTAC-1,34.0,24.0,Mesenchyme,0.5160993337631226,0.48390066623687744,0.449814110994339,0.5501858592033386,0.6585337519645691,0.3414662182331085,0.008511556312441826,0.9914884567260742
Mouse_Brain_E18_MISAR,Mouse brain E18,atac,AGAACGTCTGAGTCTG-1,38.0,28.0,Mesenchyme,0.7367053627967834,0.26329463720321655,0.5431152582168579,0.4568847417831421,0.6414161920547485,0.3585837781429291,0.007079220376908779,0.9929208159446716
Mouse_Brain_E18_MISAR,Mouse brain E18,atac,ACTTAACCCGACGCGA-1,44.0,39.0,Diencephalonand hindbrain,0.7320419549942017,0.26795804500579834,0.4535672962665558,0.5464327335357666,0.33166876435279846,0.6683312654495239,0.024820171296596527,0.9751798510551453
Mouse_Brain_E18_MISAR,Mouse brain E18,atac,TCGGCCTTAAGAAGCT-1,39.0,44.0,Diencephalonand hindbrain,0.7179184556007385,0.28208157420158386,0.6116090416908264,0.38839098811149597,0.3530011475086212,0.6469988822937012,0.036585733294487,0.9634142518043518
Mouse_Brain_E18_MISAR,Mouse brain E18,atac,CTGATGGTCCAGTTCC-1,26.0,6.0,Cartilage-1,0.5696888566017151,0.4303111433982849,0.630307674407959,0.369692325592041,0.38105911016464233,0.6189408302307129,0.004063664004206657,0.9959362745285034
Mouse_Brain_E18_MISAR,Mouse brain E18,atac,TTACCGAGCGAACGCC-1,16.0,2.0,Cartilage-3,0.7267904281616211,0.2732095420360565,0.5193372368812561,0.4806627333164215,0.4446274936199188,0.5553725361824036,0.0017570850905030966,0.998242974281311
Mouse_Brain_E18_MISAR,Mouse brain E18,atac,CGACGCGATCTGATAC-1,12.0,42.0,Cartilage-2,0.6983625888824463,0.3016373813152313,0.456765353679657,0.543234646320343,0.3951917290687561,0.6048082113265991,0.02816113643348217,0.9718388915061951
Mouse_Brain_E18_MISAR,Mouse brain E18,atac,CTTGCGCCCTAAGAGA-1,37.0,20.0,Mesenchyme,0.7038079500198364,0.29619210958480835,0.4125361740589142,0.5874637961387634,0.467265248298645,0.532734751701355,0.02882985770702362,0.9711701273918152
Mouse_Brain_E18_MISAR,Mouse brain E18,atac,CCGAGAATTCCTACCA-1,25.0,22.0,Mesenchyme,0.5451244115829468,0.4548756182193756,0.5000462532043457,0.4999537765979767,0.21830055117607117,0.7816994190216064,0.04610364884138107,0.9538962841033936
Mouse_Brain_E18_MISAR,Mouse brain E18,atac,CTTGCGCCGCCGCAAC-1,37.0,27.0,Mesenchyme,0.5668395757675171,0.4331604540348053,0.44311580061912537,0.556884229183197,0.38544172048568726,0.6145583391189575,0.013713178224861622,0.9862868189811707
Mouse_Brain_E18_MISAR,Mouse brain E18,atac,GATCTTACTTGACTTC-1,27.0,18.0,Diencephalonand hindbrain,0.5776371955871582,0.4223627746105194,0.4194762408733368,0.5805237889289856,0.16285517811775208,0.8371447920799255,0.04065749794244766,0.9593425393104553
Mouse_Brain_E18_MISAR,Mouse brain E18,atac,ACTATGCACCGAGAAT-1,13.0,26.0,Subpallium-1,0.5478689670562744,0.452131062746048,0.5159093141555786,0.484090656042099,0.5277714729309082,0.4722285270690918,0.008024380542337894,0.9919756054878235
Mouse_Brain_E18_MISAR,Mouse brain E18,atac,TCCGGCCTCCAGTTCC-1,6.0,6.0,Cartilage-3,0.5821277499198914,0.41787222027778625,0.5473896265029907,0.4526103436946869,0.23838385939598083,0.7616161704063416,0.0026243848260492086,0.9973756074905396
Mouse_Brain_E18_MISAR,Mouse brain E18,atac,GATACGGACAACCGCT-1,11.0,8.0,Cartilage-2,0.5295308828353882,0.4704691171646118,0.5038866996765137,0.4961133301258087,0.3556275963783264,0.6443724632263184,0.0015547977527603507,0.9984452128410339
Mouse_Brain_E18_MISAR,Mouse brain E18,atac,AACCTGCGGCGTTGGA-1,1.0,23.0,Cartilage-3,0.6199669241905212,0.38003307580947876,0.5451523065567017,0.45484769344329834,0.5313498973846436,0.46865013241767883,0.015945730730891228,0.9840542674064636
Mouse_Brain_E18_MISAR,Mouse brain E18,atac,GCCGCAACGCCGCAAC-1,24.0,27.0,Diencephalonand hindbrain,0.4067573845386505,0.5932426452636719,0.48705968260765076,0.5129402875900269,0.13382621109485626,0.8661737442016602,0.031173324212431908,0.9688266515731812
Mouse_Brain_E18_MISAR,Mouse brain E18,atac,GGTACTGCAGAGCTAT-1,36.0,19.0,Mesenchyme,0.664968729019165,0.3350312411785126,0.41930949687957764,0.5806905031204224,0.19072821736335754,0.8092718124389648,0.025848519057035446,0.9741514325141907
Mouse_Brain_E18_MISAR,Mouse brain E18,atac,TGAGTCTGTCCTACCA-1,23.0,22.0,Diencephalonand hindbrain,0.487072229385376,0.5129277110099792,0.5986616611480713,0.4013383090496063,0.3869493007659912,0.6130506992340088,0.006561442278325558,0.9934385418891907
Mouse_Brain_E18_MISAR,Mouse brain E18,atac,AGAGCTATAAGAAGCT-1,32.0,44.0,Diencephalonand hindbrain,0.5660345554351807,0.43396541476249695,0.45235979557037354,0.5476402044296265,0.4326794743537903,0.5673205256462097,0.0647491067647934,0.9352509379386902
Mouse_Brain_E18_MISAR,Mouse brain E18,atac,TTGACTTCCTAAGAGA-1,33.0,20.0,Mesenchyme,0.5363105535507202,0.4636894166469574,0.6097990870475769,0.3902009129524231,0.23450453579425812,0.7654954195022583,0.04507923126220703,0.9549207091331482
Mouse_Brain_E18_MISAR,Mouse brain E18,atac,CCGATTCCGATACGGA-1,47.0,40.0,Diencephalonand hindbrain,0.4932247996330261,0.5067752003669739,0.5401212573051453,0.45987871289253235,0.5804145932197571,0.4195854067802429,0.014841422438621521,0.9851586222648621
Mouse_Brain_E18_MISAR,Mouse brain E18,atac,CGACGCGAAGAGCTAT-1,12.0,19.0,Subpallium-1,0.5878673791885376,0.4121325612068176,0.4512489140033722,0.5487510561943054,0.1727292686700821,0.8272707462310791,0.05363168567419052,0.9463683366775513
Mouse_Brain_E18_MISAR,Mouse brain E18,atac,TAGAATTATGCGGACC-1,35.0,29.0,Diencephalonand hindbrain,0.7194691896438599,0.28053078055381775,0.5367488861083984,0.46325114369392395,0.7759290933609009,0.22407087683677673,0.009149258024990559,0.9908507466316223
Mouse_Brain_E18_MISAR,Mouse brain E18,atac,CAACCGCTTTACCGAG-1,43.0,35.0,Diencephalonand hindbrain,0.5788289308547974,0.421171098947525,0.5387678146362305,0.4612322151660919,0.6662815809249878,0.3337184488773346,0.0062772477976977825,0.9937227368354797
Mouse_Brain_E18_MISAR,Mouse brain E18,atac,ACTTAACCTTATCCGG-1,44.0,41.0,Diencephalonand hindbrain,0.48050302267074585,0.5194969773292542,0.509528398513794,0.49047160148620605,0.4604222774505615,0.5395777225494385,0.010571586899459362,0.9894284605979919
Mouse_Brain_E18_MISAR,Mouse brain E18,atac,ACTATGCAGAAGATCG-1,13.0,43.0,Cartilage-2,0.7106850147247314,0.28931501507759094,0.4209223985671997,0.5790775418281555,0.6490237712860107,0.35097625851631165,0.016582481563091278,0.9834174513816833
Mouse_Brain_E18_MISAR,Mouse brain E18,atac,CGACGCGACGAACGCC-1,12.0,2.0,Cartilage-3,0.6969051361083984,0.30309486389160156,0.5861951112747192,0.4138048589229584,0.379543662071228,0.620456337928772,0.0013653549831360579,0.9986346364021301
Mouse_Brain_E18_MISAR,Mouse brain E18,atac,ACTCAATAAGAGCTAT-1,30.0,19.0,Diencephalonand hindbrain,0.4508237838745117,0.5491761565208435,0.593652069568634,0.40634796023368835,0.45769479870796204,0.5423052310943604,0.06856109946966171,0.9314389228820801
Mouse_Brain_E18_MISAR,Mouse brain E18,atac,ACTATGCACCGATTCC-1,13.0,4.0,Cartilage-3,0.6403534412384033,0.3596465587615967,0.6427570581436157,0.35724297165870667,0.2653583884239197,0.7346416115760803,0.0026747456286102533,0.9973251819610596
Mouse_Brain_E18_MISAR,Mouse brain E18,atac,GCGTTGGATCCGGCCT-1,28.0,45.0,Diencephalonand hindbrain,0.4789186418056488,0.5210813879966736,0.5744548439979553,0.4255451560020447,0.3242594003677368,0.6757405996322632,0.08333303034305573,0.9166669249534607
Mouse_Brain_E18_MISAR,Mouse brain E18,atac,GCGTTGGAACCGCCAA-1,28.0,5.0,Cartilage-1,0.5004035830497742,0.49959638714790344,0.5543513894081116,0.4456486105918884,0.6594436168670654,0.34055644273757935,0.0017714882269501686,0.9982284903526306
Mouse_Brain_E18_MISAR,Mouse brain E18,atac,AATTAAGATGAGTCTG-1,19.0,28.0,DPallv,0.38965272903442383,0.6103472709655762,0.5307179093360901,0.4692820608615875,0.6582481861114502,0.3417518734931946,0.026620598509907722,0.973379373550415
Mouse_Brain_E18_MISAR,Mouse brain E18,atac,TTACCGAGAGAACGTC-1,16.0,13.0,Subpallium-1,0.582432210445404,0.41756778955459595,0.5105217695236206,0.4894782602787018,0.3208034038543701,0.6791965365409851,0.039531346410512924,0.960468590259552
Mouse_Brain_E18_MISAR,Mouse brain E18,atac,AACCTGCGCAACCGCT-1,1.0,8.0,Cartilage-3,0.49457335472106934,0.5054266452789307,0.6401234269142151,0.3598765730857849,0.14854873716831207,0.8514512777328491,0.0013617014046758413,0.9986383318901062
Mouse_Brain_E18_MISAR,Mouse brain E18,atac,GATACGGAACTCAATA-1,11.0,21.0,Subpallium-1,0.5537012815475464,0.44629865884780884,0.39028263092041016,0.6097173094749451,0.23028913140296936,0.769710898399353,0.04284904897212982,0.9571509957313538
Mouse_Brain_E18_MISAR,Mouse brain E18,atac,GATACGGACTAAGAGA-1,11.0,20.0,Subpallium-1,0.5228878855705261,0.4771120548248291,0.42416709661483765,0.5758329033851624,0.18842455744743347,0.8115754723548889,0.03863959759473801,0.9613603949546814
Mouse_Brain_E18_MISAR,Mouse brain E18,atac,GAAGATCGCTAAGAGA-1,8.0,20.0,DPallv,0.8146718740463257,0.18532812595367432,0.5654569268226624,0.43454310297966003,0.8293817043304443,0.17061825096607208,0.04532480239868164,0.9546751976013184
Mouse_Brain_E18_MISAR,Mouse brain E18,atac,ACCGCCAAAATTAAGA-1,46.0,32.0,Diencephalonand hindbrain,0.8448712825775146,0.15512867271900177,0.5670961737632751,0.43290379643440247,0.6411974430084229,0.35880258679389954,0.02827921137213707,0.9717207551002502
Mouse_Brain_E18_MISAR,Mouse brain E18,atac,GACCTTGATCCGGCCT-1,42.0,45.0,Diencephalonand hindbrain,0.5550796389579773,0.4449203908443451,0.46671074628829956,0.5332892537117004,0.6406958103179932,0.35930418968200684,0.03981781378388405,0.960182249546051
Mouse_Brain_E18_MISAR,Mouse brain E18,atac,TTGACTTCAGAGCTAT-1,33.0,19.0,Mesenchyme,0.41733789443969727,0.582662045955658,0.48037317395210266,0.519626796245575,0.3500654995441437,0.6499344706535339,0.09766441583633423,0.9023355841636658
Mouse_Brain_E18_MISAR,Mouse brain E18,atac,ACCGCCAAGGTACTGC-1,46.0,15.0,Cartilage-2,0.49059605598449707,0.5094040036201477,0.4359959363937378,0.5640040636062622,0.26799431443214417,0.7320056557655334,0.004997539799660444,0.9950024485588074
Mouse_Brain_E18_MISAR,Mouse brain E18,atac,CTAAGAGATCGGCCTT-1,31.0,12.0,Mesenchyme,0.6226305365562439,0.3773694634437561,0.5112008452415466,0.48879915475845337,0.5654624700546265,0.43453752994537354,0.0064293392933905125,0.9935706853866577
Mouse_Brain_E18_MISAR,Mouse brain E18,atac,TGGTCAGCACTTAACC-1,14.0,7.0,Cartilage-2,0.5439593195915222,0.4560406506061554,0.5747836828231812,0.42521634697914124,0.19937653839588165,0.8006234765052795,0.0019989279098808765,0.9980010390281677
Mouse_Brain_E18_MISAR,Mouse brain E18,atac,TAGATCTAGGTACTGC-1,20.0,15.0,Subpallium-1,0.39678990840911865,0.6032101511955261,0.5571315288543701,0.4428684711456299,0.344015896320343,0.655984103679657,0.00939869787544012,0.9906013011932373
Mouse_Brain_E18_MISAR,Mouse brain E18,atac,AGAGCTATTCCGGCCT-1,32.0,45.0,Diencephalonand hindbrain,0.49979424476623535,0.5002056956291199,0.5059213638305664,0.4940786361694336,0.2864777743816376,0.71352219581604,0.012954439036548138,0.9870455265045166
Mouse_Brain_E18_MISAR,Mouse brain E18,atac,AACCTGCGGCAGGTCC-1,1.0,11.0,Cartilage-3,0.7309999465942383,0.2690000534057617,0.5654220581054688,0.43457794189453125,0.2683463990688324,0.7316535711288452,0.0020680378656834364,0.997931957244873
Mouse_Brain_E18_MISAR,Mouse brain E18,atac,TAGATCTATTACCGAG-1,20.0,35.0,Mesenchyme,0.536340594291687,0.4636593759059906,0.44868817925453186,0.5513118505477905,0.664158284664154,0.33584171533584595,0.022608237341046333,0.9773917198181152
Mouse_Brain_E18_MISAR,Mouse brain E18,atac,TTGACTTCTGCGGACC-1,33.0,29.0,Diencephalonand hindbrain,0.4263737201690674,0.5736262798309326,0.42811286449432373,0.5718870759010315,0.8257095813751221,0.1742904633283615,0.05848279967904091,0.9415172338485718
Mouse_Brain_E18_MISAR,Mouse brain E18,atac,AATTAAGATTGACTTC-1,19.0,18.0,Subpallium-1,0.47901150584220886,0.5209884643554688,0.5604653358459473,0.4395346939563751,0.11746460199356079,0.8825353384017944,0.025525575503706932,0.9744744300842285
Mouse_Brain_E18_MISAR,Mouse brain E18,atac,ACGGAGGCGCCATTCT-1,21.0,17.0,Subpallium-1,0.44613397121429443,0.5538660287857056,0.562446117401123,0.43755385279655457,0.30120646953582764,0.6987935304641724,0.01704741083085537,0.9829525947570801
Mouse_Brain_E18_MISAR,Mouse brain E18,atac,CTAAGAGAGCGTTGGA-1,31.0,23.0,Cartilage-4,0.6811776757240295,0.31882232427597046,0.5405235290527344,0.4594765305519104,0.4910881519317627,0.5089118480682373,0.005845666863024235,0.9941543936729431
Mouse_Brain_E18_MISAR,Mouse brain E18,atac,GCCATTCTTGGTCAGC-1,34.0,37.0,Diencephalonand hindbrain,0.7454969882965088,0.25450295209884644,0.4878712594509125,0.5121287703514099,0.5564724802970886,0.4435275197029114,0.036169297993183136,0.9638307094573975
Mouse_Brain_E18_MISAR,Mouse brain E18,atac,CGACGCGAGGCTGAGC-1,12.0,3.0,Cartilage-3,0.6244288086891174,0.37557122111320496,0.45176026225090027,0.5482397675514221,0.2136876881122589,0.7863123416900635,0.0016961336368694901,0.9983038902282715
Mouse_Brain_E18_MISAR,Mouse brain E18,atac,TGAGTCTGCTGATGGT-1,23.0,25.0,Diencephalonand hindbrain,0.46648141741752625,0.5335185527801514,0.506391167640686,0.4936088025569916,0.10795871913433075,0.8920412659645081,0.03317716345191002,0.9668228030204773
Mouse_Brain_E18_MISAR,Mouse brain E18,atac,GCAGGTCCAGAACGTC-1,40.0,13.0,Cartilage-2,0.5213539600372314,0.47864601016044617,0.40988999605178833,0.5901100039482117,0.08107464015483856,0.918925404548645,0.0045293522998690605,0.9954706430435181
Mouse_Brain_E18_MISAR,Mouse brain E18,atac,TAGAATTATTATCCGG-1,35.0,41.0,Diencephalonand hindbrain,0.5141070485115051,0.4858929514884949,0.46698856353759766,0.5330113768577576,0.6755855679512024,0.3244144022464752,0.04144789278507233,0.9585521221160889
Mouse_Brain_E18_MISAR,Mouse brain E18,atac,CATACTCCTAGAGTAA-1,4.0,10.0,Cartilage-4,0.4961410462856293,0.5038589239120483,0.44854527711868286,0.5514547228813171,0.3762335181236267,0.6237664818763733,0.004075265023857355,0.995924711227417
Mouse_Brain_E18_MISAR,Mouse brain E18,atac,ACTCAATATAGATCTA-1,30.0,31.0,Diencephalonand hindbrain,0.6238263845443726,0.37617361545562744,0.5419260263442993,0.45807400345802307,0.78531813621521,0.21468183398246765,0.015182658098638058,0.9848173260688782
Mouse_Brain_E18_MISAR,Mouse brain E18,atac,GCTAACTTTGAGTCTG-1,3.0,28.0,Cartilage-3,0.6214128136634827,0.37858715653419495,0.513950526714325,0.48604944348335266,0.4181062579154968,0.5818937420845032,0.00856360886245966,0.9914364218711853
Mouse_Brain_E18_MISAR,Mouse brain E18,atac,TGCGGACCTAGAATTA-1,22.0,16.0,Diencephalonand hindbrain,0.49884718656539917,0.5011528134346008,0.528695821762085,0.47130417823791504,0.38587814569473267,0.6141218543052673,0.052277807146310806,0.9477222561836243
Mouse_Brain_E18_MISAR,Mouse brain E18,atac,AAGAAGCTGCAGGTCC-1,7.0,11.0,Cartilage-2,0.5065245032310486,0.49347546696662903,0.606083869934082,0.39391615986824036,0.6118945479393005,0.3881054222583771,0.0054876841604709625,0.9945123195648193
Mouse_Brain_E18_MISAR,Mouse brain E18,atac,GCGTTGGAATCATATT-1,28.0,36.0,Diencephalonand hindbrain,0.5023203492164612,0.4976796507835388,0.5157930254936218,0.4842069447040558,0.6965206861495972,0.30347928404808044,0.03765719383955002,0.9623427391052246
Mouse_Brain_E18_MISAR,Mouse brain E18,atac,CAACCGCTGATCTTAC-1,43.0,24.0,Mesenchyme,0.668233335018158,0.33176666498184204,0.51149982213974,0.48850017786026,0.44091272354125977,0.5590872764587402,0.02706422284245491,0.9729357361793518
Mouse_Brain_E18_MISAR,Mouse brain E18,atac,CTAAGAGATCCTACCA-1,31.0,22.0,Cartilage-2,0.6554961800575256,0.34450381994247437,0.5575571060180664,0.4424428939819336,0.3125181198120117,0.6874818801879883,0.017775367945432663,0.9822246432304382
Mouse_Brain_E18_MISAR,Mouse brain E18,atac,ACTATGCAACTATGCA-1,13.0,38.0,DPallm,0.5628434419631958,0.4371565580368042,0.47590628266334534,0.524093747138977,0.9731893539428711,0.0268106572329998,0.0027997340075671673,0.9972002506256104
Mouse_Brain_E18_MISAR,Mouse brain E18,atac,TGCCGGCACTGATGGT-1,17.0,25.0,Subpallium-1,0.4872452914714813,0.5127547383308411,0.5368594527244568,0.463140606880188,0.1842651516199112,0.81573486328125,0.01981736719608307,0.9801826477050781
Mouse_Brain_E18_MISAR,Mouse brain E18,atac,TGGTCAGCTGCGGACC-1,14.0,29.0,DPallv,0.5411173105239868,0.4588826894760132,0.4396972060203552,0.5603027939796448,0.8421063423156738,0.1578935980796814,0.006319638341665268,0.9936803579330444
Mouse_Brain_E18_MISAR,Mouse brain E18,atac,ACGGAGGCCATACTCC-1,21.0,47.0,Cartilage-2,0.7341187596321106,0.2658812403678894,0.5325708389282227,0.46742916107177734,0.10619699954986572,0.8938029408454895,0.014663688838481903,0.9853362441062927
Mouse_Brain_E18_MISAR,Mouse brain E18,atac,GACCTTGAGCGTTGGA-1,42.0,23.0,Mesenchyme,0.6844555735588074,0.315544456243515,0.6146668195724487,0.38533321022987366,0.21105654537677765,0.7889434099197388,0.021962396800518036,0.9780375957489014
Mouse_Brain_E18_MISAR,Mouse brain E18,atac,CCGAGAATAGAGCTAT-1,25.0,19.0,Diencephalonand hindbrain,0.5537389516830444,0.4462610185146332,0.3824494779109955,0.6175504922866821,0.30942732095718384,0.6905726790428162,0.05384943634271622,0.9461506009101868
Mouse_Brain_E18_MISAR,Mouse brain E18,atac,GGTATGCTGCGTTGGA-1,2.0,23.0,Cartilage-3,0.634402334690094,0.365597665309906,0.4753323793411255,0.5246676206588745,0.3959869146347046,0.6040130853652954,0.011351311579346657,0.9886487126350403
Mouse_Brain_E18_MISAR,Mouse brain E18,atac,TGAGTCTGTTATCCGG-1,23.0,41.0,DPallm,0.42806366086006165,0.5719363689422607,0.5598199963569641,0.4401800036430359,0.8922088146209717,0.10779120773077011,0.014613623730838299,0.9853863716125488
Mouse_Brain_E18_MISAR,Mouse brain E18,atac,GAAGATCGGATCTTAC-1,8.0,24.0,DPallm,0.5035538077354431,0.4964461624622345,0.6114674210548401,0.3885325789451599,0.9198780655860901,0.08012198656797409,0.029561715200543404,0.9704382419586182
Mouse_Brain_E18_MISAR,Mouse brain E18,atac,TAGAGTAAGCGTTGGA-1,41.0,23.0,Cartilage-2,0.7003670334815979,0.2996330261230469,0.5321860313415527,0.46781399846076965,0.1122477650642395,0.8877522349357605,0.005768349394202232,0.994231641292572
Mouse_Brain_E18_MISAR,Mouse brain E18,atac,ACTATGCAGGCTGAGC-1,13.0,3.0,Cartilage-3,0.6335761547088623,0.3664238750934601,0.5403897166252136,0.45961031317710876,0.45076337456703186,0.5492365956306458,0.002835301449522376,0.9971646666526794
Mouse_Brain_E18_MISAR,Mouse brain E18,atac,GCGTTGGATCGGCCTT-1,28.0,12.0,Diencephalonand hindbrain,0.6599637269973755,0.3400363028049469,0.5683852434158325,0.43161478638648987,0.3882082998752594,0.611791729927063,0.04789026826620102,0.9521097540855408
Mouse_Brain_E18_MISAR,Mouse brain E18,atac,TTGACTTCATCATATT-1,33.0,36.0,Diencephalonand hindbrain,0.5036806464195251,0.49631935358047485,0.5109115242958069,0.4890885055065155,0.496837854385376,0.5031620860099792,0.04680666700005531,0.9531933069229126
Mouse_Brain_E18_MISAR,Mouse brain E18,atac,GACCTTGAAGAACGTC-1,42.0,13.0,Cartilage-3,0.5629681944847107,0.4370318353176117,0.6456976532936096,0.35430240631103516,0.11440712213516235,0.8855929374694824,0.013829953037202358,0.9861700534820557
Mouse_Brain_E18_MISAR,Mouse brain E18,atac,GGTACTGCTTGACTTC-1,36.0,18.0,Mesenchyme,0.5237289667129517,0.47627097368240356,0.46172550320625305,0.5382744669914246,0.0771707072854042,0.9228293299674988,0.012826599180698395,0.9871734380722046
Mouse_Brain_E18_MISAR,Mouse brain E18,atac,TCTGATACCTGATGGT-1,9.0,25.0,Mesenchyme,0.5590717792510986,0.440928190946579,0.5718843340873718,0.4281156063079834,0.886090874671936,0.11390910297632217,0.02726319059729576,0.9727368354797363
Mouse_Brain_E18_MISAR,Mouse brain E18,atac,ATCATATTACTTAACC-1,15.0,7.0,Cartilage-2,0.5606307983398438,0.43936920166015625,0.6503241658210754,0.34967589378356934,0.21184861660003662,0.7881513833999634,0.002771686529740691,0.9972283244132996
Mouse_Brain_E18_MISAR,Mouse brain E18,atac,ACCGCCAATGCCGGCA-1,46.0,34.0,Diencephalonand hindbrain,0.6681983470916748,0.3318016529083252,0.5776674151420593,0.42233261466026306,0.31465768814086914,0.6853423118591309,0.01028992235660553,0.9897100329399109
Mouse_Brain_E18_MISAR,Mouse brain E18,atac,ACTTAACCTCGGCCTT-1,44.0,12.0,Muscle,0.5776423811912537,0.42235758900642395,0.5104001760482788,0.4895998239517212,0.5106277465820312,0.48937228322029114,0.015604933723807335,0.9843950271606445
Mouse_Brain_E18_MISAR,Mouse brain E18,atac,TTACCGAGATAAGGAG-1,16.0,1.0,Cartilage-3,0.6515592932701111,0.34844067692756653,0.5003040432929993,0.4996959865093231,0.4527203440666199,0.5472796559333801,0.0018771493341773748,0.9981228709220886
Mouse_Brain_E18_MISAR,Mouse brain E18,atac,CATACTCCCCGAGAAT-1,4.0,26.0,DPallm,0.6740092635154724,0.32599076628685,0.4984016418457031,0.5015983581542969,0.6816839575767517,0.3183160424232483,0.020400332286953926,0.9795997142791748
Mouse_Brain_E18_MISAR,Mouse brain E18,atac,TGGTCAGCGCCATTCT-1,14.0,17.0,Subpallium-1,0.4886130690574646,0.5113869309425354,0.5205650925636292,0.47943490743637085,0.19584551453590393,0.8041544556617737,0.04588121175765991,0.9541188478469849
Mouse_Brain_E18_MISAR,Mouse brain E18,atac,TGAGTCTGCCAGTTCC-1,23.0,6.0,Muscle,0.5720992684364319,0.4279007017612457,0.6409307718276978,0.35906922817230225,0.1549312174320221,0.8450687527656555,0.016383379697799683,0.9836165904998779
Mouse_Brain_E18_MISAR,Mouse brain E18,atac,AACCTGCGAGAGCTAT-1,1.0,19.0,Mesenchyme,0.7140515446662903,0.2859485149383545,0.5566297173500061,0.4433702826499939,0.5269142389297485,0.47308576107025146,0.017693402245640755,0.9823066592216492
Mouse_Brain_E18_MISAR,Mouse brain E18,atac,AGAGCTATCTTGCGCC-1,32.0,14.0,Mesenchyme,0.6663010716438293,0.33369892835617065,0.5399907231330872,0.46000930666923523,0.36743149161338806,0.6325685381889343,0.010649637319147587,0.9893503785133362
Mouse_Brain_E18_MISAR,Mouse brain E18,atac,ACGGAGGCGGCTGAGC-1,21.0,3.0,Cartilage-4,0.6305986642837524,0.36940130591392517,0.5397035479545593,0.4602964520454407,0.4552555978298187,0.5447444319725037,0.0026416340842843056,0.9973583817481995
Mouse_Brain_E18_MISAR,Mouse brain E18,atac,CAACCGCTGCAGGTCC-1,43.0,11.0,Cartilage-4,0.40250205993652344,0.5974979400634766,0.4877864122390747,0.5122135877609253,0.3065524399280548,0.6934475898742676,0.0437375046312809,0.956262469291687
Mouse_Brain_E18_MISAR,Mouse brain E18,atac,AGAGAAGGGCAGGTCC-1,5.0,11.0,Mesenchyme,0.5114345550537109,0.48856547474861145,0.4069441556930542,0.5930558443069458,0.47106459736824036,0.5289353728294373,0.005269138608127832,0.9947308301925659
Mouse_Brain_E18_MISAR,Mouse brain E18,atac,AGAACGTCGATCTTAC-1,38.0,24.0,Mesenchyme,0.6034992337226868,0.3965007960796356,0.4785003364086151,0.5214996933937073,0.5014344453811646,0.49856558442115784,0.007369144819676876,0.9926308393478394
Mouse_Brain_E18_MISAR,Mouse brain E18,atac,GGTATGCTCCAGTTCC-1,2.0,6.0,Cartilage-3,0.5555527806282043,0.44444724917411804,0.7288491725921631,0.2711507976055145,0.26435017585754395,0.7356498837471008,0.0007373316329903901,0.9992626309394836
Mouse_Brain_E18_MISAR,Mouse brain E18,atac,CGAACGCCTCTGATAC-1,49.0,42.0,Diencephalonand hindbrain,0.4948648512363434,0.5051351189613342,0.5606440901756287,0.4393559396266937,0.5845707058906555,0.41542932391166687,0.01243642345070839,0.9875636100769043
Mouse_Brain_E18_MISAR,Mouse brain E18,atac,AGAACGTCGCGTTGGA-1,38.0,23.0,Mesenchyme,0.761298656463623,0.23870132863521576,0.488222599029541,0.511777400970459,0.42243584990501404,0.5775641202926636,0.003429743694141507,0.9965702295303345
Mouse_Brain_E18_MISAR,Mouse brain E18,atac,GACCTTGAAAGAAGCT-1,42.0,44.0,Diencephalonand hindbrain,0.5766891241073608,0.42331087589263916,0.5496864914894104,0.4503135085105896,0.7428206205368042,0.2571793496608734,0.029047805815935135,0.9709522724151611
Mouse_Brain_E18_MISAR,Mouse brain E18,atac,TTATCCGGTTACCGAG-1,10.0,35.0,DPallm,0.5418908596038818,0.45810917019844055,0.5973467826843262,0.4026532471179962,0.9751518368721008,0.024848222732543945,0.0015814790967851877,0.9984185695648193
Mouse_Brain_E18_MISAR,Mouse brain E18,atac,AGAGAAGGTAGAATTA-1,5.0,16.0,DPallm,0.6345610618591309,0.36543887853622437,0.48315563797950745,0.5168443918228149,0.5620141625404358,0.4379858076572418,0.027951011434197426,0.9720489978790283
Mouse_Brain_E18_MISAR,Mouse brain E18,atac,TTATTCATGCAGGTCC-1,18.0,11.0,Diencephalonand hindbrain,0.38049495220184326,0.6195051074028015,0.4899965524673462,0.5100034475326538,0.4446861743927002,0.5553138256072998,0.02751884050667286,0.9724811911582947
Mouse_Brain_E18_MISAR,Mouse brain E18,atac,CGAACGCCGATACGGA-1,49.0,40.0,Diencephalonand hindbrain,0.43718698620796204,0.5628129839897156,0.548370361328125,0.4516296684741974,0.4013110399246216,0.5986889600753784,0.06434652209281921,0.9356535077095032
Mouse_Brain_E18_MISAR,Mouse brain E18,atac,GCCATTCTGATACGGA-1,34.0,40.0,Diencephalonand hindbrain,0.8700684905052185,0.1299314945936203,0.5362014174461365,0.4637986421585083,0.6357420086860657,0.3642579913139343,0.025305001065135002,0.9746949672698975
Mouse_Brain_E18_MISAR,Mouse brain E18,atac,ATCATATTGGCTGAGC-1,15.0,3.0,Cartilage-4,0.6733065843582153,0.3266933858394623,0.5403592586517334,0.4596407413482666,0.46049731969833374,0.5395026206970215,0.002317274920642376,0.9976826906204224
Mouse_Brain_E18_MISAR,Mouse brain E18,atac,TCTGATACACGGAGGC-1,9.0,30.0,DPallm,0.5133723020553589,0.4866276681423187,0.5383560657501221,0.46164390444755554,0.9831516742706299,0.016848335042595863,0.028776511549949646,0.9712235331535339
Mouse_Brain_E18_MISAR,Mouse brain E18,atac,CGACGCGAGCCGCAAC-1,12.0,27.0,DPallv,0.6000291109085083,0.3999708890914917,0.3835716247558594,0.6164283752441406,0.829910933971405,0.17008905112743378,0.003970183897763491,0.9960298538208008
Mouse_Brain_E18_MISAR,Mouse brain E18,atac,GACCTTGAGGTATGCT-1,42.0,49.0,Diencephalonand hindbrain,0.40128374099731445,0.5987162590026855,0.467711478471756,0.5322884917259216,0.23062050342559814,0.7693794965744019,0.007815751247107983,0.9921842217445374
Mouse_Brain_E18_MISAR,Mouse brain E18,atac,ACTCAATAGAAGATCG-1,30.0,43.0,Diencephalonand hindbrain,0.36111727356910706,0.6388826966285706,0.5114562511444092,0.4885437786579132,0.546276330947876,0.4537237286567688,0.03132685646414757,0.9686731696128845
Mouse_Brain_E18_MISAR,Mouse brain E18,atac,GACCTTGACATACTCC-1,42.0,47.0,Diencephalonand hindbrain,0.6240748763084412,0.37592512369155884,0.4487631618976593,0.5512368679046631,0.1264910250902176,0.8735089898109436,0.00838846992701292,0.9916115403175354
Mouse_Brain_E18_MISAR,Mouse brain E18,atac,CCAGTTCCCCGAGAAT-1,45.0,26.0,Diencephalonand hindbrain,0.6049343943595886,0.3950656056404114,0.5327386260032654,0.46726134419441223,0.12715381383895874,0.8728461861610413,0.013235202990472317,0.9867647886276245
Mouse_Brain_E18_MISAR,Mouse brain E18,atac,TCTGATACACTCAATA-1,9.0,21.0,DPallv,0.5407581925392151,0.4592417776584625,0.5815615057945251,0.41843855381011963,0.743110716342926,0.25688934326171875,0.03430861979722977,0.9656914472579956
Mouse_Brain_E18_MISAR,Mouse brain E18,atac,ACTTAACCGCGTTGGA-1,44.0,23.0,Cartilage-2,0.646765410900116,0.35323458909988403,0.6657876968383789,0.3342123031616211,0.27672961354255676,0.7232704162597656,0.007914750836789608,0.9920852780342102
Mouse_Brain_E18_MISAR,Mouse brain E18,atac,TCGGCCTTACTCAATA-1,39.0,21.0,Cartilage-2,0.7067463994026184,0.2932535707950592,0.39845970273017883,0.6015402674674988,0.23715443909168243,0.762845516204834,0.014743214473128319,0.9852567315101624
Mouse_Brain_E18_MISAR,Mouse brain E18,atac,CCGAGAATTCCGGCCT-1,25.0,45.0,Mesenchyme,0.5481478571891785,0.4518521726131439,0.5433652997016907,0.4566347599029541,0.1794678121805191,0.8205321431159973,0.02552058733999729,0.9744793772697449
Mouse_Brain_E18_MISAR,Mouse brain E18,atac,TAGATCTATAGAATTA-1,20.0,16.0,Subpallium-1,0.481486976146698,0.518513023853302,0.42023324966430664,0.5797667503356934,0.19980484247207642,0.8001951575279236,0.00365648721344769,0.9963435530662537
Mouse_Brain_E18_MISAR,Mouse brain E18,atac,TCCGGCCTCGAACGCC-1,6.0,2.0,Cartilage-3,0.5329128503799438,0.46708711981773376,0.43517592549324036,0.564824104309082,0.6831505298614502,0.3168494999408722,0.0018796846270561218,0.9981202483177185
Mouse_Brain_E18_MISAR,Mouse brain E18,atac,GCCGCAACGATCTTAC-1,24.0,24.0,Diencephalonand hindbrain,0.5460482835769653,0.4539516568183899,0.4971737563610077,0.5028262734413147,0.225633904337883,0.7743660807609558,0.04524499550461769,0.9547549486160278
Mouse_Brain_E18_MISAR,Mouse brain E18,atac,TCTGATACGACCTTGA-1,9.0,9.0,Mesenchyme,0.5068976879119873,0.4931023120880127,0.661400318145752,0.33859965205192566,0.34259676933288574,0.6574032306671143,0.0032152109779417515,0.9967848062515259
Mouse_Brain_E18_MISAR,Mouse brain E18,atac,GAAGATCGCGAACGCC-1,8.0,2.0,Cartilage-3,0.6166215538978577,0.38337841629981995,0.44547319412231445,0.5545268058776855,0.672611653804779,0.32738834619522095,0.0018238965421915054,0.998176097869873
Mouse_Brain_E18_MISAR,Mouse brain E18,atac,AATTAAGACGAACGCC-1,19.0,2.0,Cartilage-3,0.6772770881652832,0.3227229118347168,0.5319486856460571,0.46805131435394287,0.5927759408950806,0.4072241187095642,0.0014708198141306639,0.9985291957855225
Mouse_Brain_E18_MISAR,Mouse brain E18,atac,GCTAACTTACGGAGGC-1,3.0,30.0,Mesenchyme,0.564500629901886,0.435499370098114,0.489410936832428,0.5105890035629272,0.6684468984603882,0.3315531015396118,0.007582302205264568,0.9924176931381226
Mouse_Brain_E18_MISAR,Mouse brain E18,atac,TTACCGAGCAACCGCT-1,16.0,8.0,Cartilage-2,0.6019498109817505,0.3980502188205719,0.5757121443748474,0.424287885427475,0.23105692863464355,0.7689431309700012,0.0017301226034760475,0.9982699155807495
Mouse_Brain_E18_MISAR,Mouse brain E18,atac,GATCTTACGCCATTCT-1,27.0,17.0,Diencephalonand hindbrain,0.5364764332771301,0.46352362632751465,0.5021471977233887,0.49785280227661133,0.1887902170419693,0.8112097382545471,0.02752670831978321,0.9724732637405396
Mouse_Brain_E18_MISAR,Mouse brain E18,atac,TGCGGACCCCGATTCC-1,22.0,4.0,Cartilage-4,0.536120593547821,0.46387937664985657,0.46410489082336426,0.5358951091766357,0.2856810986995697,0.7143189311027527,0.0011779536725953221,0.998822033405304
Mouse_Brain_E18_MISAR,Mouse brain E18,atac,GATCTTACCCGATTCC-1,27.0,4.0,Cartilage-4,0.6579870581626892,0.3420129418373108,0.6463344693183899,0.3536655306816101,0.45128104090690613,0.5487189292907715,0.0010207133600488305,0.9989792704582214
Mouse_Brain_E18_MISAR,Mouse brain E18,atac,AAGAAGCTACGGAGGC-1,7.0,30.0,DPallm,0.4865540862083435,0.5134459137916565,0.6172379851341248,0.38276201486587524,0.9665878415107727,0.033412203192710876,0.00430717458948493,0.9956929087638855
Mouse_Brain_E18_MISAR,Mouse brain E18,atac,GCGTTGGATGCGGACC-1,28.0,29.0,Diencephalonand hindbrain,0.3752036988735199,0.6247963309288025,0.5492857098579407,0.45071426033973694,0.5880361795425415,0.4119638502597809,0.06766379624605179,0.932336151599884
Mouse_Brain_E18_MISAR,Mouse brain E18,atac,GCCGCAACTCCTACCA-1,24.0,22.0,Diencephalonand hindbrain,0.7537640333175659,0.24623596668243408,0.5873426198959351,0.41265735030174255,0.537783682346344,0.462216317653656,0.011435253545641899,0.9885647892951965
Mouse_Brain_E18_MISAR,Mouse brain E18,atac,TTATCCGGTCCTACCA-1,10.0,22.0,DPallv,0.5232051014900208,0.47679489850997925,0.6332529187202454,0.36674705147743225,0.542653501033783,0.45734652876853943,0.03003002144396305,0.9699699878692627
Mouse_Brain_E18_MISAR,Mouse brain E18,atac,CTGATGGTCAACCGCT-1,26.0,8.0,Cartilage-4,0.49957552552223206,0.5004244446754456,0.4854349195957184,0.5145650506019592,0.6122369766235352,0.38776305317878723,0.003577189287170768,0.9964228272438049
Mouse_Brain_E18_MISAR,Mouse brain E18,atac,AGAGCTATTTACCGAG-1,32.0,35.0,Diencephalonand hindbrain,0.6379553079605103,0.36204466223716736,0.5293667912483215,0.4706331491470337,0.7669394612312317,0.2330605834722519,0.0237027108669281,0.9762973189353943
Mouse_Brain_E18_MISAR,Mouse brain E18,atac,ACTCAATATAGAGTAA-1,30.0,10.0,Cartilage-4,0.5198272466659546,0.480172723531723,0.4913252890110016,0.508674681186676,0.48032429814338684,0.5196756720542908,0.0055585321970283985,0.9944414496421814
Mouse_Brain_E18_MISAR,Mouse brain E18,atac,ACGGAGGCGCCGCAAC-1,21.0,27.0,Cartilage-2,0.41836315393447876,0.581636905670166,0.5074001550674438,0.49259984493255615,0.1715240180492401,0.8284760117530823,0.052598562091588974,0.9474014639854431
Mouse_Brain_E18_MISAR,Mouse brain E18,atac,CGAACGCCGCGTTGGA-1,49.0,23.0,Cartilage-2,0.5468786954879761,0.4531213045120239,0.5550116896629333,0.44498831033706665,0.2712715268135071,0.7287284731864929,0.003205900778993964,0.9967940449714661
Mouse_Brain_E18_MISAR,Mouse brain E18,atac,CATACTCCAATTAAGA-1,4.0,32.0,Cartilage-2,0.723925769329071,0.27607420086860657,0.5344228148460388,0.46557721495628357,0.5809171795845032,0.4190828204154968,0.03091064654290676,0.9690893292427063
Mouse_Brain_E18_MISAR,Mouse brain E18,atac,AGAGCTATGCAGGTCC-1,32.0,11.0,Mesenchyme,0.5827552676200867,0.41724470257759094,0.5038807392120361,0.49611926078796387,0.5787623524665833,0.42123761773109436,0.006826543249189854,0.9931734204292297
Mouse_Brain_E18_MISAR,Mouse brain E18,atac,TCTGATACACTATGCA-1,9.0,38.0,Cartilage-2,0.6781588196754456,0.32184121012687683,0.5562382936477661,0.4437617063522339,0.2815929353237152,0.7184070944786072,0.06259080767631531,0.9374092221260071
Mouse_Brain_E18_MISAR,Mouse brain E18,atac,CCGATTCCAGAGCTAT-1,47.0,19.0,Cartilage-4,0.47695595026016235,0.5230440497398376,0.4767514765262604,0.523248553276062,0.6175693273544312,0.38243067264556885,0.009802020154893398,0.990198016166687
Mouse_Brain_E18_MISAR,Mouse brain E18,atac,TTGACTTCAGAACGTC-1,33.0,13.0,Mesenchyme,0.44232144951820374,0.5576785206794739,0.5798477530479431,0.4201521873474121,0.42178118228912354,0.5782188177108765,0.014637119136750698,0.9853628873825073
Mouse_Brain_E18_MISAR,Mouse brain E18,atac,GGTACTGCAAGAAGCT-1,36.0,44.0,Diencephalonand hindbrain,0.6006671190261841,0.3993329405784607,0.5459235310554504,0.45407646894454956,0.3882274925708771,0.6117724776268005,0.03255195543169975,0.9674479961395264
Mouse_Brain_E18_MISAR,Mouse brain E18,atac,TGGTCAGCTCGGCCTT-1,14.0,12.0,DPallm,0.49756962060928345,0.5024303793907166,0.44856053590774536,0.5514395236968994,0.4930226504802704,0.5069773197174072,0.02738407626748085,0.9726158976554871
Mouse_Brain_E18_MISAR,Mouse brain E18,atac,AAGAAGCTTTATTCAT-1,7.0,33.0,Mesenchyme,0.5375931262969971,0.46240687370300293,0.4532254636287689,0.5467745661735535,0.7694655060768127,0.23053447902202606,0.009373540990054607,0.9906264543533325
Mouse_Brain_E18_MISAR,Mouse brain E18,atac,TGCCGGCATCCGGCCT-1,17.0,45.0,Mesenchyme,0.6796497106552124,0.3203502595424652,0.5404849052429199,0.4595150649547577,0.37389135360717773,0.6261085867881775,0.13312391936779022,0.8668760657310486
Mouse_Brain_E18_MISAR,Mouse brain E18,atac,CTTGCGCCCCGAGAAT-1,37.0,26.0,Mesenchyme,0.5769685506820679,0.42303141951560974,0.5520986318588257,0.44790133833885193,0.4409165382385254,0.5590834617614746,0.010312446393072605,0.9896876215934753
Mouse_Brain_E18_MISAR,Mouse brain E18,atac,TGCGGACCACTCAATA-1,22.0,21.0,Diencephalonand hindbrain,0.5969449281692505,0.4030550420284271,0.5296871066093445,0.47031286358833313,0.3462224006652832,0.6537775993347168,0.024404222145676613,0.9755958318710327
Mouse_Brain_E18_MISAR,Mouse brain E18,atac,AGAGCTATTAGAATTA-1,32.0,16.0,Mesenchyme,0.5007503032684326,0.499249666929245,0.592053234577179,0.40794673562049866,0.22601786255836487,0.7739821076393127,0.021931501105427742,0.9780685305595398
Mouse_Brain_E18_MISAR,Mouse brain E18,atac,GCCGCAACCAACCGCT-1,24.0,8.0,Cartilage-2,0.5768859386444092,0.42311403155326843,0.5085386633872986,0.4914613366127014,0.526328980922699,0.4736710488796234,0.0040802122093737125,0.9959197044372559
Mouse_Brain_E18_MISAR,Mouse brain E18,atac,TTATCCGGAGAGCTAT-1,10.0,19.0,Subpallium-1,0.6294756531715393,0.3705243468284607,0.5436034798622131,0.45639657974243164,0.17006371915340424,0.8299362659454346,0.04179701209068298,0.9582029581069946
Mouse_Brain_E18_MISAR,Mouse brain E18,atac,GACCTTGATGAGTCTG-1,42.0,28.0,Diencephalonand hindbrain,0.5210074782371521,0.4789925217628479,0.5025483965873718,0.4974515736103058,0.5926336050033569,0.4073663353919983,0.020061980932950974,0.9799380898475647
Mouse_Brain_E18_MISAR,Mouse brain E18,atac,ACTTAACCGGTACTGC-1,44.0,15.0,Cartilage-2,0.6562477946281433,0.3437522053718567,0.633069634437561,0.3669303357601166,0.12798576056957245,0.8720142841339111,0.005412152037024498,0.9945878982543945
Mouse_Brain_E18_MISAR,Mouse brain E18,atac,GCAGGTCCCATACTCC-1,40.0,47.0,Diencephalonand hindbrain,0.30617213249206543,0.6938278675079346,0.48083436489105225,0.5191656351089478,0.35920748114585876,0.6407924890518188,0.0177549347281456,0.9822450876235962
Mouse_Brain_E18_MISAR,Mouse brain E18,atac,CTGATGGTTCCGGCCT-1,26.0,45.0,Mesenchyme,0.8098240494728088,0.1901758760213852,0.47783640027046204,0.5221636295318604,0.15099692344665527,0.8490030765533447,0.029057854786515236,0.9709421396255493
Mouse_Brain_E18_MISAR,Mouse brain E18,atac,GCCGCAACGGTACTGC-1,24.0,15.0,Diencephalonand hindbrain,0.3957817852497101,0.6042182445526123,0.5903878211975098,0.40961214900016785,0.38989394903182983,0.6101060509681702,0.022569822147488594,0.9774302244186401
Mouse_Brain_E18_MISAR,Mouse brain E18,atac,CGAACGCCTTATTCAT-1,49.0,33.0,Diencephalonand hindbrain,0.6023861765861511,0.39761388301849365,0.5495467185974121,0.4504532814025879,0.5342248678207397,0.46577510237693787,0.009724222123622894,0.9902757406234741
Mouse_Brain_E18_MISAR,Mouse brain E18,atac,GCCATTCTAATTAAGA-1,34.0,32.0,Diencephalonand hindbrain,0.39427295327186584,0.6057270765304565,0.5554105639457703,0.44458943605422974,0.7157406210899353,0.2842594087123871,0.016971152275800705,0.9830288887023926
Mouse_Brain_E18_MISAR,Mouse brain E18,atac,TGCGGACCACCGCCAA-1,22.0,5.0,Cartilage-4,0.5760294198989868,0.4239705801010132,0.5242841839790344,0.47571584582328796,0.32040345668792725,0.6795965433120728,0.0032244117464870214,0.9967755675315857
Mouse_Brain_E18_MISAR,Mouse brain E18,atac,CCAGTTCCGCCATTCT-1,45.0,17.0,Cartilage-2,0.49263137578964233,0.5073685646057129,0.4971693456172943,0.5028306245803833,0.22267940640449524,0.7773206233978271,0.004330592695623636,0.9956693649291992
Mouse_Brain_E18_MISAR,Mouse brain E18,atac,TGAGTCTGACTCAATA-1,23.0,21.0,Diencephalonand hindbrain,0.5126899480819702,0.4873100519180298,0.5498151183128357,0.4501848816871643,0.42620649933815,0.5737935304641724,0.012971722520887852,0.9870282411575317
Mouse_Brain_E18_MISAR,Mouse brain E18,atac,TTACCGAGGCTAACTT-1,16.0,48.0,Mesenchyme,0.8443201780319214,0.15567979216575623,0.5076308250427246,0.4923691749572754,0.4992921054363251,0.5007078647613525,0.017375068739056587,0.982624888420105
Mouse_Brain_E18_MISAR,Mouse brain E18,atac,CTTGCGCCGAAGATCG-1,37.0,43.0,Diencephalonand hindbrain,0.48929181694984436,0.5107081532478333,0.5897605419158936,0.41023945808410645,0.5038859248161316,0.496114045381546,0.015691833570599556,0.9843081831932068
Mouse_Brain_E18_MISAR,Mouse brain E18,atac,TGCCGGCACCGATTCC-1,17.0,4.0,Cartilage-4,0.595608115196228,0.40439191460609436,0.5127583742141724,0.48724165558815,0.3367851674556732,0.6632148623466492,0.0008235190762206912,0.9991764426231384
Mouse_Brain_E18_MISAR,Mouse brain E18,atac,GCTAACTTTGCGGACC-1,3.0,29.0,Mesenchyme,0.6918337941169739,0.30816617608070374,0.4400242567062378,0.5599757432937622,0.5981693863868713,0.40183064341545105,0.011108595877885818,0.9888914823532104
Mouse_Brain_E18_MISAR,Mouse brain E18,atac,GATACGGACCGAGAAT-1,11.0,26.0,DPallv,0.46515634655952454,0.5348436236381531,0.607836127281189,0.39216381311416626,0.8731857538223267,0.12681423127651215,0.011276700533926487,0.9887232780456543
Mouse_Brain_E18_MISAR,Mouse brain E18,atac,CTAAGAGACTGATGGT-1,31.0,25.0,Mesenchyme,0.601678192615509,0.39832186698913574,0.5524342656135559,0.4475657641887665,0.15171103179454803,0.8482890129089355,0.04355447366833687,0.956445574760437
Mouse_Brain_E18_MISAR,Mouse brain E18,atac,ACGGAGGCGGTATGCT-1,21.0,49.0,Cartilage-2,0.5922649502754211,0.40773504972457886,0.4649386405944824,0.5350612998008728,0.176140695810318,0.8238593339920044,0.05592896789312363,0.9440709948539734
Mouse_Brain_E18_MISAR,Mouse brain E18,atac,CTGATGGTTGCGGACC-1,26.0,29.0,Diencephalonand hindbrain,0.5903802514076233,0.4096197485923767,0.5410175919532776,0.4589824080467224,0.5326229929924011,0.4673770070075989,0.0331864096224308,0.9668135643005371
Mouse_Brain_E18_MISAR,Mouse brain E18,atac,GACCTTGAAGAGAAGG-1,42.0,46.0,Diencephalonand hindbrain,0.5000278353691101,0.4999721348285675,0.5033292174339294,0.49667078256607056,0.35516032576560974,0.6448396444320679,0.015493563376367092,0.9845064282417297
Mouse_Brain_E18_MISAR,Mouse brain E18,atac,GGTATGCTACCGCCAA-1,2.0,5.0,Cartilage-3,0.6662331819534302,0.3337668180465698,0.6741377115249634,0.32586225867271423,0.35217320919036865,0.6478267908096313,0.001538094482384622,0.9984619617462158
Mouse_Brain_E18_MISAR,Mouse brain E18,atac,TGGTCAGCATAAGGAG-1,14.0,1.0,Cartilage-3,0.6251003742218018,0.37489959597587585,0.5165506601333618,0.48344936966896057,0.5554580092430115,0.4445420205593109,0.0024461315479129553,0.9975538849830627
Mouse_Brain_E18_MISAR,Mouse brain E18,atac,TCCTACCAGCGTTGGA-1,29.0,23.0,Mesenchyme,0.7598892450332642,0.24011076986789703,0.5428147315979004,0.4571852385997772,0.44496798515319824,0.5550320148468018,0.03283779323101044,0.9671621918678284
Mouse_Brain_E18_MISAR,Mouse brain E18,atac,GCCGCAACGGTATGCT-1,24.0,49.0,Cartilage-4,0.7389801144599915,0.26101988554000854,0.5496623516082764,0.45033761858940125,0.1752079874277115,0.8247919678688049,0.06602776050567627,0.9339722394943237
Mouse_Brain_E18_MISAR,Mouse brain E18,atac,AATTAAGACCGATTCC-1,19.0,4.0,Cartilage-4,0.574748694896698,0.425251305103302,0.4941578209400177,0.5058422088623047,0.22650161385536194,0.7734984159469604,0.00580309284850955,0.994196891784668
Mouse_Brain_E18_MISAR,Mouse brain E18,atac,TTATCCGGCGAACGCC-1,10.0,2.0,Cartilage-3,0.650260865688324,0.3497391939163208,0.5814248323440552,0.41857513785362244,0.6565859317779541,0.3434140682220459,0.0015494892140850425,0.998450517654419
Mouse_Brain_E18_MISAR,Mouse brain E18,atac,TCGGCCTTACGGAGGC-1,39.0,30.0,Diencephalonand hindbrain,0.801697313785553,0.19830267131328583,0.526215136051178,0.47378483414649963,0.6231253147125244,0.376874715089798,0.008639774285256863,0.9913602471351624
Mouse_Brain_E18_MISAR,Mouse brain E18,atac,TAGATCTAATCATATT-1,20.0,36.0,DPallm,0.4875759780406952,0.5124239921569824,0.4644966721534729,0.5355033278465271,0.784552812576294,0.21544715762138367,0.006164106074720621,0.9938358664512634
Mouse_Brain_E18_MISAR,Mouse brain E18,atac,TCGGCCTTGAAGATCG-1,39.0,43.0,Diencephalonand hindbrain,0.6430879831314087,0.3569120764732361,0.40193653106689453,0.5980634689331055,0.4702939987182617,0.5297060012817383,0.03817235678434372,0.9618276953697205
Mouse_Brain_E18_MISAR,Mouse brain E18,atac,ACTATGCAGCAGGTCC-1,13.0,11.0,DPallm,0.3158480226993561,0.6841520071029663,0.5876161456108093,0.4123838543891907,0.5417283773422241,0.4582715928554535,0.036735519766807556,0.9632644653320312
Mouse_Brain_E18_MISAR,Mouse brain E18,atac,CTAAGAGAAGAGCTAT-1,31.0,19.0,Mesenchyme,0.7420348525047302,0.25796520709991455,0.5054636597633362,0.49453631043434143,0.32031720876693726,0.6796827912330627,0.05899576097726822,0.9410042762756348
Mouse_Brain_E18_MISAR,Mouse brain E18,atac,ACGGAGGCCGAACGCC-1,21.0,2.0,Cartilage-3,0.6437171697616577,0.3562828004360199,0.46731507778167725,0.5326849222183228,0.600978434085846,0.39902156591415405,0.003168656025081873,0.9968313574790955
Mouse_Brain_E18_MISAR,Mouse brain E18,atac,ACTATGCACTAAGAGA-1,13.0,20.0,Subpallium-1,0.3802124559879303,0.6197875738143921,0.5644099116325378,0.4355900287628174,0.12028756737709045,0.8797124624252319,0.09787093847990036,0.9021291136741638
Mouse_Brain_E18_MISAR,Mouse brain E18,atac,TGGTCAGCACCGCCAA-1,14.0,5.0,Cartilage-3,0.5136910080909729,0.4863089621067047,0.5281429290771484,0.4718570411205292,0.2450985163450241,0.7549014687538147,0.0032343058846890926,0.9967657327651978
Mouse_Brain_E18_MISAR,Mouse brain E18,atac,CTAAGAGACCGAGAAT-1,31.0,26.0,Mesenchyme,0.6240208745002747,0.37597906589508057,0.6227278113365173,0.3772721588611603,0.19328641891479492,0.8067135810852051,0.03736679628491402,0.9626331925392151
Mouse_Brain_E18_MISAR,Mouse brain E18,atac,TCCTACCATAGAGTAA-1,29.0,10.0,Cartilage-4,0.5496001839637756,0.450399786233902,0.5039136409759521,0.49608632922172546,0.5075172781944275,0.4924826920032501,0.0035043058451265097,0.9964956641197205
Mouse_Brain_E18_MISAR,Mouse brain E18,atac,GATACGGAAGAGCTAT-1,11.0,19.0,Subpallium-1,0.5862013697624207,0.41379863023757935,0.45309776067733765,0.5469022989273071,0.15774722397327423,0.842252790927887,0.04869045317173004,0.9513095617294312
Mouse_Brain_E18_MISAR,Mouse brain E18,atac,AACCTGCGTCCTACCA-1,1.0,22.0,Cartilage-2,0.8069202899932861,0.19307972490787506,0.6673332452774048,0.3326667249202728,0.4148203730583191,0.5851796865463257,0.012154359370470047,0.9878455996513367
Mouse_Brain_E18_MISAR,Mouse brain E18,atac,TAGAATTAGAAGATCG-1,35.0,43.0,Diencephalonand hindbrain,0.4038822650909424,0.5961177349090576,0.5269855260848999,0.4730144739151001,0.5973255038261414,0.40267446637153625,0.029971307143568993,0.9700286388397217
Mouse_Brain_E18_MISAR,Mouse brain E18,atac,GCCGCAACGCAGGTCC-1,24.0,11.0,Diencephalonand hindbrain,0.7853191494941711,0.21468080580234528,0.6426630020141602,0.35733696818351746,0.32478106021881104,0.675218939781189,0.07533885538578033,0.9246610999107361
Mouse_Brain_E18_MISAR,Mouse brain E18,atac,AGAACGTCGCCGCAAC-1,38.0,27.0,Mesenchyme,0.8033836483955383,0.19661638140678406,0.4941839873790741,0.5058159828186035,0.46680378913879395,0.533196210861206,0.03160380199551582,0.9683961868286133
Mouse_Brain_E18_MISAR,Mouse brain E18,atac,CTAAGAGATCCGGCCT-1,31.0,45.0,Diencephalonand hindbrain,0.4807750880718231,0.5192248821258545,0.5523415207862854,0.4476584792137146,0.2741534113883972,0.7258465886116028,0.035380154848098755,0.9646198153495789
Mouse_Brain_E18_MISAR,Mouse brain E18,atac,GCCATTCTGGTACTGC-1,34.0,15.0,Mesenchyme,0.6231862902641296,0.37681370973587036,0.5190312266349792,0.480968713760376,0.1537000983953476,0.846299946308136,0.011538771912455559,0.9884612560272217
Mouse_Brain_E18_MISAR,Mouse brain E18,atac,TAGAGTAAGATCTTAC-1,41.0,24.0,Cartilage-2,0.6109843850135803,0.38901564478874207,0.4701712131500244,0.5298287868499756,0.16934733092784882,0.8306527137756348,0.019922126084566116,0.980077862739563
Mouse_Brain_E18_MISAR,Mouse brain E18,atac,TGCGGACCGATCTTAC-1,22.0,24.0,Diencephalonand hindbrain,0.8344722986221313,0.16552773118019104,0.5875405073165894,0.41245952248573303,0.6977441310882568,0.30225589871406555,0.004175674170255661,0.9958243370056152
Mouse_Brain_E18_MISAR,Mouse brain E18,atac,CATACTCCGCAGGTCC-1,4.0,11.0,Cartilage-4,0.4327756464481354,0.5672243237495422,0.5421672463417053,0.45783278346061707,0.32754167914390564,0.672458291053772,0.007275830488651991,0.9927242398262024
Mouse_Brain_E18_MISAR,Mouse brain E18,atac,GCCATTCTTGAGTCTG-1,34.0,28.0,Mesenchyme,0.7635657787322998,0.2364341914653778,0.6234339475631714,0.3765660226345062,0.7973405122756958,0.20265953242778778,0.015435454435646534,0.9845645427703857
Mouse_Brain_E18_MISAR,Mouse brain E18,atac,CCGAGAATCGAACGCC-1,25.0,2.0,Cartilage-4,0.6407032012939453,0.3592968285083771,0.5914685130119324,0.4085314869880676,0.5798231959342957,0.42017680406570435,0.0020672273822128773,0.9979327917098999
Mouse_Brain_E18_MISAR,Mouse brain E18,atac,TGAGTCTGCGAACGCC-1,23.0,2.0,Cartilage-3,0.759885847568512,0.24011416733264923,0.4654853641986847,0.5345146656036377,0.6936545372009277,0.3063454329967499,0.003352976869791746,0.99664705991745
Mouse_Brain_E18_MISAR,Mouse brain E18,atac,ATCATATTGAAGATCG-1,15.0,43.0,DPallm,0.6968532204627991,0.3031468093395233,0.4837956726551056,0.5162043571472168,0.8937791585922241,0.10622087121009827,0.003580333199352026,0.9964196681976318
Mouse_Brain_E18_MISAR,Mouse brain E18,atac,GGCTGAGCATCATATT-1,48.0,36.0,Diencephalonand hindbrain,0.620719850063324,0.3792801797389984,0.4966762363910675,0.5033237934112549,0.5073202252388,0.49267977476119995,0.01798873580992222,0.9820111989974976
Mouse_Brain_E18_MISAR,Mouse brain E18,atac,TTATTCATCTTGCGCC-1,18.0,14.0,Subpallium-1,0.48630380630493164,0.5136961340904236,0.3986973464488983,0.6013026833534241,0.16580675542354584,0.834193229675293,0.011585909873247147,0.9884140491485596
Mouse_Brain_E18_MISAR,Mouse brain E18,atac,CCAGTTCCGCTAACTT-1,45.0,48.0,Mesenchyme,0.3907163739204407,0.6092836260795593,0.4360308349132538,0.5639691352844238,0.1112155020236969,0.8887845277786255,0.010691255331039429,0.9893087148666382
Mouse_Brain_E18_MISAR,Mouse brain E18,atac,GATCTTACACCGCCAA-1,27.0,5.0,Cartilage-1,0.5562507510185242,0.44374924898147583,0.5889988541603088,0.4110010862350464,0.4577890634536743,0.5422109365463257,0.002015145495533943,0.9979848861694336
Mouse_Brain_E18_MISAR,Mouse brain E18,atac,CGAACGCCCTTGCGCC-1,49.0,14.0,Cartilage-4,0.5577905178070068,0.4422094523906708,0.5409286022186279,0.4590713679790497,0.4070923626422882,0.5929076671600342,0.002545597730204463,0.9974543452262878
Mouse_Brain_E18_MISAR,Mouse brain E18,atac,CTGATGGTGATCTTAC-1,26.0,24.0,Diencephalonand hindbrain,0.5733195543289185,0.42668044567108154,0.5220190286636353,0.47798094153404236,0.619550347328186,0.3804495930671692,0.04490965977311134,0.955090343952179
Mouse_Brain_E18_MISAR,Mouse brain E18,atac,GCTAACTTCAACCGCT-1,3.0,8.0,Cartilage-3,0.44253766536712646,0.5574623346328735,0.5288513898849487,0.47114863991737366,0.5237954258918762,0.4762045443058014,0.002229277277365327,0.9977707862854004
Mouse_Brain_E18_MISAR,Mouse brain E18,atac,GAAGATCGCAACCGCT-1,8.0,8.0,Cartilage-4,0.4073655903339386,0.5926344394683838,0.4496113657951355,0.5503886342048645,0.4643126428127289,0.5356873869895935,0.003074127482250333,0.9969258904457092
Mouse_Brain_E18_MISAR,Mouse brain E18,atac,ACTTAACCAGAACGTC-1,44.0,13.0,Cartilage-2,0.5696864724159241,0.4303135573863983,0.5984576344490051,0.40154242515563965,0.45986655354499817,0.5401334166526794,0.007762379944324493,0.9922376275062561
Mouse_Brain_E18_MISAR,Mouse brain E18,atac,TAGATCTAGCAGGTCC-1,20.0,11.0,Diencephalonand hindbrain,0.531681478023529,0.46831855177879333,0.46845123171806335,0.5315487384796143,0.4236079156398773,0.5763920545578003,0.04651850089430809,0.9534814953804016
Mouse_Brain_E18_MISAR,Mouse brain E18,atac,ACTTAACCAACCTGCG-1,44.0,50.0,Mesenchyme,0.5406221151351929,0.45937788486480713,0.402870774269104,0.5971292853355408,0.47449856996536255,0.5255014300346375,0.002036585006862879,0.9979634284973145
Mouse_Brain_E18_MISAR,Mouse brain E18,atac,ACTCAATAGATCTTAC-1,30.0,24.0,Mesenchyme,0.7732356786727905,0.22676438093185425,0.5315584540367126,0.46844151616096497,0.3770017921924591,0.6229982376098633,0.015244419686496258,0.9847555756568909
Mouse_Brain_E18_MISAR,Mouse brain E18,atac,TAGAGTAATCGGCCTT-1,41.0,12.0,Cartilage-4,0.5228520631790161,0.4771479070186615,0.5041910409927368,0.4958088994026184,0.14308491349220276,0.8569150567054749,0.019896622747182846,0.9801034331321716
Mouse_Brain_E18_MISAR,Mouse brain E18,atac,AATTAAGAACTATGCA-1,19.0,38.0,DPallv,0.4576945900917053,0.5423054099082947,0.5329701900482178,0.46702975034713745,0.8916593194007874,0.10834061354398727,0.004972709342837334,0.9950272440910339
Mouse_Brain_E18_MISAR,Mouse brain E18,atac,TAGATCTATCCTACCA-1,20.0,22.0,Diencephalonand hindbrain,0.6760215759277344,0.32397839426994324,0.43037912249565125,0.5696209073066711,0.2717583477497101,0.7282416820526123,0.01973261497914791,0.9802674055099487
Mouse_Brain_E18_MISAR,Mouse brain E18,atac,GCTAACTTGCCGCAAC-1,3.0,27.0,Cartilage-3,0.6186380982398987,0.3813619017601013,0.5727631449699402,0.4272368252277374,0.2725636661052704,0.7274363040924072,0.0041261096484959126,0.9958738684654236
Mouse_Brain_E18_MISAR,Mouse brain E18,atac,GGCTGAGCTAGAATTA-1,48.0,16.0,Cartilage-4,0.4854987561702728,0.5145012736320496,0.4983367919921875,0.5016632676124573,0.3304100036621094,0.6695900559425354,0.011114903725683689,0.9888850450515747
Mouse_Brain_E18_MISAR,Mouse brain E18,atac,CCAGTTCCAGAGCTAT-1,45.0,19.0,Cartilage-2,0.4613744914531708,0.5386254787445068,0.56779545545578,0.43220457434654236,0.5987494587898254,0.40125054121017456,0.00677341315895319,0.9932265877723694
Mouse_Brain_E18_MISAR,Mouse brain E18,atac,ACTCAATAGACCTTGA-1,30.0,9.0,Cartilage-4,0.5839372873306274,0.41606277227401733,0.4716675877571106,0.5283324122428894,0.626528799533844,0.3734712302684784,0.007448736112564802,0.992551326751709
Mouse_Brain_E18_MISAR,Mouse brain E18,atac,TAGAATTATGCCGGCA-1,35.0,34.0,Diencephalonand hindbrain,0.460782527923584,0.5392175316810608,0.5197693705558777,0.4802306592464447,0.9047517776489258,0.09524822980165482,0.011367709375917912,0.9886322617530823
Mouse_Brain_E18_MISAR,Mouse brain E18,atac,AGAGCTATTCCTACCA-1,32.0,22.0,Mesenchyme,0.5787142515182495,0.4212857186794281,0.6078447103500366,0.39215531945228577,0.49822425842285156,0.5017756819725037,0.04257679358124733,0.957423210144043
Mouse_Brain_E18_MISAR,Mouse brain E18,atac,CTGATGGTGACCTTGA-1,26.0,9.0,Cartilage-4,0.46423378586769104,0.5357662439346313,0.4840157628059387,0.5159841775894165,0.5552191138267517,0.4447809159755707,0.005203482694923878,0.9947965741157532
Mouse_Brain_E18_MISAR,Mouse brain E18,atac,AAGAAGCTTAGAGTAA-1,7.0,10.0,Cartilage-4,0.5116766691207886,0.4883233904838562,0.48215410113334656,0.5178459286689758,0.415454626083374,0.584545373916626,0.0031394553370773792,0.9968605041503906
Mouse_Brain_E18_MISAR,Mouse brain E18,atac,TCTGATACTTATCCGG-1,9.0,41.0,Mesenchyme,0.42574456334114075,0.5742554068565369,0.56463223695755,0.43536779284477234,0.4322459101676941,0.5677540898323059,0.039664044976234436,0.9603360295295715
Mouse_Brain_E18_MISAR,Mouse brain E18,atac,TCTGATACGATCTTAC-1,9.0,24.0,DPallv,0.5036103129386902,0.4963897168636322,0.5172643065452576,0.48273566365242004,0.8403748273849487,0.15962517261505127,0.016049157828092575,0.9839508533477783
Mouse_Brain_E18_MISAR,Mouse brain E18,atac,CGACGCGATTATCCGG-1,12.0,41.0,Mesenchyme,0.5478582382202148,0.45214179158210754,0.5992997884750366,0.4007001519203186,0.5685102343559265,0.43148982524871826,0.024562053382396698,0.9754379391670227
Mouse_Brain_E18_MISAR,Mouse brain E18,atac,CCGATTCCTAGAATTA-1,47.0,16.0,Cartilage-4,0.6524671316146851,0.34753286838531494,0.4518420994281769,0.5481579303741455,0.18996845185756683,0.810031533241272,0.0063278088346123695,0.9936721324920654
Mouse_Brain_E18_MISAR,Mouse brain E18,atac,TCCGGCCTCCGATTCC-1,6.0,4.0,Cartilage-4,0.5426099300384521,0.45739006996154785,0.4519349932670593,0.5480650663375854,0.4619794189929962,0.5380205512046814,0.0034112175926566124,0.9965888261795044
Mouse_Brain_E18_MISAR,Mouse brain E18,atac,TCCGGCCTGCAGGTCC-1,6.0,11.0,Mesenchyme,0.6278349161148071,0.3721650242805481,0.5028554797172546,0.49714455008506775,0.5768855214118958,0.4231144189834595,0.006817455403506756,0.9931824803352356
Mouse_Brain_E18_MISAR,Mouse brain E18,atac,ATCATATTCCGATTCC-1,15.0,4.0,Cartilage-1,0.6347324252128601,0.3652675747871399,0.6376355290412903,0.3623645007610321,0.5614377856254578,0.43856221437454224,0.0020941172260791063,0.9979058504104614
Mouse_Brain_E18_MISAR,Mouse brain E18,atac,CAACCGCTAACCTGCG-1,43.0,50.0,Mesenchyme,0.5353070497512817,0.46469295024871826,0.4954795837402344,0.5045204758644104,0.31919676065444946,0.6808032393455505,0.005321672651916742,0.9946783781051636
Mouse_Brain_E18_MISAR,Mouse brain E18,atac,TGCGGACCGGTATGCT-1,22.0,49.0,Cartilage-2,0.7073298096656799,0.29267024993896484,0.6390295028686523,0.36097046732902527,0.1114017441868782,0.8885982036590576,0.057348012924194336,0.9426519870758057
Mouse_Brain_E18_MISAR,Mouse brain E18,atac,GCTAACTTCCGATTCC-1,3.0,4.0,Cartilage-3,0.4280094504356384,0.5719904899597168,0.6580331921577454,0.34196677803993225,0.5669413208961487,0.4330587089061737,0.0019269519252702594,0.9980729818344116
Mouse_Brain_E18_MISAR,Mouse brain E18,atac,CATACTCCCGAACGCC-1,4.0,2.0,Cartilage-3,0.6326576471328735,0.3673422932624817,0.41995295882225037,0.580047070980072,0.8021557331085205,0.1978442370891571,0.0017809304408729076,0.9982190728187561
Mouse_Brain_E18_MISAR,Mouse brain E18,atac,GAAGATCGCCGATTCC-1,8.0,4.0,Cartilage-3,0.6275822520256042,0.37241771817207336,0.512129545211792,0.487870454788208,0.6196374893188477,0.38036245107650757,0.0018369569443166256,0.9981630444526672
Mouse_Brain_E18_MISAR,Mouse brain E18,atac,TGGTCAGCGGCTGAGC-1,14.0,3.0,Cartilage-4,0.5433239936828613,0.45667600631713867,0.5359495878219604,0.46405038237571716,0.5349367260932922,0.4650632441043854,0.0032311417162418365,0.9967688322067261
Mouse_Brain_E18_MISAR,Mouse brain E18,atac,TTGACTTCGGTACTGC-1,33.0,15.0,Mesenchyme,0.6083505153656006,0.3916494846343994,0.4893939793109894,0.510606050491333,0.39038294553756714,0.6096169948577881,0.0042009055614471436,0.9957991242408752
Mouse_Brain_E18_MISAR,Mouse brain E18,atac,TTGACTTCTCGGCCTT-1,33.0,12.0,Mesenchyme,0.5300352573394775,0.46996474266052246,0.4972943663597107,0.5027055740356445,0.5427648425102234,0.4572351574897766,0.00983300432562828,0.9901670217514038
Mouse_Brain_E18_MISAR,Mouse brain E18,atac,CTAAGAGATAGAATTA-1,31.0,16.0,Diencephalonand hindbrain,0.5707879662513733,0.4292120933532715,0.5648955702781677,0.4351043999195099,0.2038191705942154,0.796180784702301,0.02472158707678318,0.9752784371376038
Mouse_Brain_E18_MISAR,Mouse brain E18,atac,TTACCGAGACGGAGGC-1,16.0,30.0,DPallv,0.41811493039131165,0.5818850994110107,0.526244580745697,0.47375544905662537,0.7613844275474548,0.23861557245254517,0.03182659670710564,0.9681734442710876
Mouse_Brain_E18_MISAR,Mouse brain E18,atac,CCAGTTCCGGTATGCT-1,45.0,49.0,Mesenchyme,0.45966339111328125,0.5403366088867188,0.459248811006546,0.5407511591911316,0.5358698964118958,0.46413013339042664,0.0024063449818640947,0.9975935816764832
Mouse_Brain_E18_MISAR,Mouse brain E18,atac,TAGATCTAAACCTGCG-1,20.0,50.0,Cartilage-2,0.7868762016296387,0.21312375366687775,0.6155464053153992,0.38445359468460083,0.24028944969177246,0.7597104907035828,0.017891233786940575,0.9821087121963501
Mouse_Brain_E18_MISAR,Mouse brain E18,atac,GCTAACTTGACCTTGA-1,3.0,9.0,Cartilage-3,0.41630059480667114,0.5836994051933289,0.5265787243843079,0.47342127561569214,0.30097496509552,0.69902503490448,0.002603290369734168,0.99739670753479
Mouse_Brain_E18_MISAR,Mouse brain E18,atac,GCTAACTTATAAGGAG-1,3.0,1.0,Cartilage-4,0.605251669883728,0.3947483003139496,0.43983274698257446,0.5601672530174255,0.8050723671913147,0.19492760300636292,0.0018982792971655726,0.9981017708778381
Mouse_Brain_E18_MISAR,Mouse brain E18,atac,GACCTTGAGATCTTAC-1,42.0,24.0,Mesenchyme,0.6696150898933411,0.33038488030433655,0.5442360639572144,0.45576393604278564,0.2278015911579132,0.7721984386444092,0.045601703226566315,0.9543982744216919
Mouse_Brain_E18_MISAR,Mouse brain E18,atac,TGAGTCTGAGAACGTC-1,23.0,13.0,Diencephalonand hindbrain,0.5529566407203674,0.44704338908195496,0.5544567704200745,0.44554319977760315,0.3617849051952362,0.6382150650024414,0.06467166543006897,0.9353283047676086
Mouse_Brain_E18_MISAR,Mouse brain E18,atac,GCCGCAACGCGTTGGA-1,24.0,23.0,Diencephalonand hindbrain,0.7696840763092041,0.2303159236907959,0.572828471660614,0.4271715581417084,0.37199831008911133,0.6280016899108887,0.032315827906131744,0.9676841497421265
Mouse_Brain_E18_MISAR,Mouse brain E18,atac,TTGACTTCGATCTTAC-1,33.0,24.0,Mesenchyme,0.7668637633323669,0.2331361621618271,0.5129385590553284,0.487061470746994,0.622096836566925,0.37790316343307495,0.013919050805270672,0.9860808849334717
Mouse_Brain_E18_MISAR,Mouse brain E18,atac,AACCTGCGCGAACGCC-1,1.0,2.0,Cartilage-3,0.581795871257782,0.418204128742218,0.6340041160583496,0.3659958839416504,0.3635334074497223,0.6364665627479553,0.0011057356605306268,0.9988942742347717
Mouse_Brain_E18_MISAR,Mouse brain E18,atac,TCCTACCATGAGTCTG-1,29.0,28.0,Diencephalonand hindbrain,0.6045888066291809,0.3954112231731415,0.4458788335323334,0.554121196269989,0.33031561970710754,0.6696844100952148,0.058137569576501846,0.9418624043464661
Mouse_Brain_E18_MISAR,Mouse brain E18,atac,CTGATGGTAGAGAAGG-1,26.0,46.0,Mesenchyme,0.6311807632446289,0.3688192069530487,0.4442906379699707,0.5557093620300293,0.1232428252696991,0.8767572045326233,0.03080984577536583,0.9691901206970215
Mouse_Brain_E18_MISAR,Mouse brain E18,atac,GCCGCAACTGAGTCTG-1,24.0,28.0,Diencephalonand hindbrain,0.4962838590145111,0.5037161707878113,0.4578203558921814,0.5421796441078186,0.2549464702606201,0.7450534701347351,0.0205782949924469,0.9794217348098755
Mouse_Brain_E18_MISAR,Mouse brain E18,atac,ATCATATTTAGAGTAA-1,15.0,10.0,Diencephalonand hindbrain,0.6297013163566589,0.37029871344566345,0.6497700810432434,0.3502298891544342,0.6197614073753357,0.3802386224269867,0.06319103389978409,0.9368089437484741
Mouse_Brain_E18_MISAR,Mouse brain E18,atac,CAACCGCTCTTGCGCC-1,43.0,14.0,Cartilage-3,0.43953052163124084,0.5604694485664368,0.7568380832672119,0.24316193163394928,0.16417653858661652,0.8358234167098999,0.004681725054979324,0.9953182339668274
Mouse_Brain_E18_MISAR,Mouse brain E18,atac,AGAGCTATACTCAATA-1,32.0,21.0,Mesenchyme,0.6387338638305664,0.3612661063671112,0.5856747627258301,0.4143252372741699,0.21918261051177979,0.7808173894882202,0.02411104366183281,0.9758889675140381
Mouse_Brain_E18_MISAR,Mouse brain E18,atac,GATCTTACGACCTTGA-1,27.0,9.0,Cartilage-4,0.5175364017486572,0.4824635684490204,0.437732994556427,0.562267005443573,0.6276987195014954,0.37230125069618225,0.0024141131434589624,0.9975858926773071
Mouse_Brain_E18_MISAR,Mouse brain E18,atac,TAGATCTAGCGTTGGA-1,20.0,23.0,Mesenchyme,0.6264796257019043,0.3735203742980957,0.5445991158485413,0.45540091395378113,0.25482696294784546,0.7451730370521545,0.02560495398938656,0.9743950366973877
Mouse_Brain_E18_MISAR,Mouse brain E18,atac,ACCGCCAACTTGCGCC-1,46.0,14.0,Cartilage-4,0.4324231445789337,0.5675768852233887,0.5320253968238831,0.4679746627807617,0.42593562602996826,0.5740644335746765,0.006561217829585075,0.9934387803077698
Mouse_Brain_E18_MISAR,Mouse brain E18,atac,AGAACGTCTGCCGGCA-1,38.0,34.0,Diencephalonand hindbrain,0.8633881211280823,0.1366119235754013,0.5887500047683716,0.4112499952316284,0.5645833015441895,0.43541669845581055,0.02709878608584404,0.9729011654853821
Mouse_Brain_E18_MISAR,Mouse brain E18,atac,TAGATCTACCGATTCC-1,20.0,4.0,Cartilage-4,0.4649146795272827,0.5350853204727173,0.46538376808166504,0.534616231918335,0.2606200575828552,0.7393798828125,0.02239123359322548,0.9776087999343872
Mouse_Brain_E18_MISAR,Mouse brain E18,atac,GCTAACTTGCAGGTCC-1,3.0,11.0,Cartilage-3,0.39100953936576843,0.608990490436554,0.47616568207740784,0.5238343477249146,0.5071439146995544,0.49285608530044556,0.005537923891097307,0.9944620728492737
Mouse_Brain_E18_MISAR,Mouse brain E18,atac,AAGAAGCTACTTAACC-1,7.0,7.0,Cartilage-4,0.4796167314052582,0.5203832983970642,0.48482173681259155,0.5151783227920532,0.5525115132331848,0.4474885165691376,0.002534621860831976,0.9974653720855713
Mouse_Brain_E18_MISAR,Mouse brain E18,atac,CGAACGCCTCCGGCCT-1,49.0,45.0,Midbrain,0.8321544528007507,0.16784550249576569,0.6054408550262451,0.3945591151714325,0.601463794708252,0.39853623509407043,0.02494286373257637,0.9750571846961975
Mouse_Brain_E18_MISAR,Mouse brain E18,atac,GACCTTGATCGGCCTT-1,42.0,12.0,Cartilage-4,0.5856288075447083,0.41437122225761414,0.4966109097003937,0.5033891201019287,0.08546757698059082,0.9145324230194092,0.035697899758815765,0.964302122592926
Mouse_Brain_E18_MISAR,Mouse brain E18,atac,TCCTACCACAACCGCT-1,29.0,8.0,Cartilage-4,0.49713894724845886,0.5028610825538635,0.4159107208251953,0.5840893387794495,0.7129583954811096,0.2870416045188904,0.005569183733314276,0.9944308400154114
Mouse_Brain_E18_MISAR,Mouse brain E18,atac,GGCTGAGCTTACCGAG-1,48.0,35.0,Diencephalonand hindbrain,0.47217410802841187,0.5278258919715881,0.5861405730247498,0.41385945677757263,0.38755324482917786,0.6124467849731445,0.085578553378582,0.9144214391708374
Mouse_Brain_E18_MISAR,Mouse brain E18,atac,CAACCGCTTCCGGCCT-1,43.0,45.0,Cartilage-2,0.8530634641647339,0.14693652093410492,0.5241961479187012,0.47580385208129883,0.4953666925430298,0.5046333074569702,0.00967730674892664,0.9903227686882019
Mouse_Brain_E18_MISAR,Mouse brain E18,atac,GCCGCAACCGAACGCC-1,24.0,2.0,Muscle,0.6432844996452332,0.35671550035476685,0.5024949312210083,0.4975050389766693,0.6604230403900146,0.33957698941230774,0.0022078591864556074,0.99779212474823
Mouse_Brain_E18_MISAR,Mouse brain E18,atac,TTGACTTCTCCGGCCT-1,33.0,45.0,Diencephalonand hindbrain,0.7478724122047424,0.25212758779525757,0.581125020980835,0.41887494921684265,0.3589153289794922,0.6410846710205078,0.04133429750800133,0.9586657285690308
Mouse_Brain_E18_MISAR,Mouse brain E18,atac,CTGATGGTCCGATTCC-1,26.0,4.0,Cartilage-4,0.6547591686248779,0.34524083137512207,0.5853431820869446,0.41465678811073303,0.2712087333202362,0.7287912368774414,0.0018468984635546803,0.998153030872345
Mouse_Brain_E18_MISAR,Mouse brain E18,atac,CTGATGGTTAGAGTAA-1,26.0,10.0,Diencephalonand hindbrain,0.6174259781837463,0.38257402181625366,0.48954492807388306,0.5104551315307617,0.48108065128326416,0.5189194083213806,0.00975177064538002,0.9902482628822327
Mouse_Brain_E18_MISAR,Mouse brain E18,atac,TGAGTCTGCCGATTCC-1,23.0,4.0,Cartilage-4,0.6132516264915466,0.386748343706131,0.4288323223590851,0.5711676478385925,0.2969246506690979,0.7030753493309021,0.0014385723043233156,0.998561441898346
Mouse_Brain_E18_MISAR,Mouse brain E18,atac,GGCTGAGCTTGACTTC-1,48.0,18.0,Cartilage-4,0.4021574854850769,0.5978425145149231,0.3901330828666687,0.6098668575286865,0.30878639221191406,0.6912135481834412,0.004481784999370575,0.9955182671546936
Mouse_Brain_E18_MISAR,Mouse brain E18,atac,GCTAACTTTAGAGTAA-1,3.0,10.0,Cartilage-3,0.557583749294281,0.4424162209033966,0.5395867824554443,0.46041327714920044,0.5848290920257568,0.41517090797424316,0.0045560747385025024,0.9954439401626587
Mouse_Brain_E18_MISAR,Mouse brain E18,atac,TAGAATTACATACTCC-1,35.0,47.0,Diencephalonand hindbrain,0.5331031680107117,0.46689683198928833,0.5983177423477173,0.4016822576522827,0.40056124329566956,0.5994387269020081,0.02569073811173439,0.9743092656135559
Mouse_Brain_E18_MISAR,Mouse brain E18,atac,CCAGTTCCAACCTGCG-1,45.0,50.0,Mesenchyme,0.5378009676933289,0.46219903230667114,0.42187434434890747,0.5781256556510925,0.5098680257797241,0.49013200402259827,0.002479417249560356,0.9975205063819885
Mouse_Brain_E18_MISAR,Mouse brain E18,atac,AGAGCTATAGAACGTC-1,32.0,13.0,Mesenchyme,0.6316466927528381,0.36835333704948425,0.5840661525726318,0.4159338176250458,0.5084651112556458,0.49153488874435425,0.011724802665412426,0.9882751703262329
Mouse_Brain_E18_MISAR,Mouse brain E18,atac,GGTACTGCACTTAACC-1,36.0,7.0,Cartilage-4,0.5610846877098083,0.43891531229019165,0.5870051980018616,0.4129948318004608,0.1939186006784439,0.8060814142227173,0.00379873882047832,0.99620121717453
Mouse_Brain_E18_MISAR,Mouse brain E18,atac,TTACCGAGCCGATTCC-1,16.0,4.0,Cartilage-3,0.5497263669967651,0.45027366280555725,0.5152984261512756,0.484701544046402,0.5187479257583618,0.48125213384628296,0.0020781743805855513,0.997921884059906
Mouse_Brain_E18_MISAR,Mouse brain E18,atac,ATCATATTACCGCCAA-1,15.0,5.0,Cartilage-3,0.6457852721214294,0.35421472787857056,0.6432874798774719,0.3567125201225281,0.22817403078079224,0.7718259692192078,0.0021853807847946882,0.9978146553039551
Mouse_Brain_E18_MISAR,Mouse brain E18,atac,GCGTTGGAAGAGCTAT-1,28.0,19.0,Diencephalonand hindbrain,0.47671666741371155,0.5232833623886108,0.4994959831237793,0.5005040168762207,0.44070133566856384,0.5592986941337585,0.07665645331144333,0.9233434796333313
Mouse_Brain_E18_MISAR,Mouse brain E18,atac,CATACTCCGGCTGAGC-1,4.0,3.0,Cartilage-4,0.6530773639678955,0.3469225764274597,0.37093618512153625,0.6290637850761414,0.7717482447624207,0.22825174033641815,0.001772337476722896,0.9982276558876038
Mouse_Brain_E18_MISAR,Mouse brain E18,atac,CATACTCCAGAACGTC-1,4.0,13.0,Mesenchyme,0.7704022526741028,0.229597806930542,0.5955753922462463,0.40442463755607605,0.6158360242843628,0.3841639459133148,0.016008500009775162,0.9839914441108704
Mouse_Brain_E18_MISAR,Mouse brain E18,atac,TGAGTCTGGGCTGAGC-1,23.0,3.0,Cartilage-4,0.6847456693649292,0.3152543008327484,0.5555606484413147,0.4444393217563629,0.46225324273109436,0.537746787071228,0.001877018017694354,0.9981229901313782
Mouse_Brain_E18_MISAR,Mouse brain E18,atac,AACCTGCGCCGATTCC-1,1.0,4.0,Cartilage-3,0.5415289402008057,0.45847102999687195,0.6220583319664001,0.37794166803359985,0.31088483333587646,0.6891151070594788,0.0017067694570869207,0.9982932209968567
Mouse_Brain_E18_MISAR,Mouse brain E18,atac,GCCATTCTTAGAATTA-1,34.0,16.0,Mesenchyme,0.5592089295387268,0.4407910406589508,0.4285857081413269,0.5714142918586731,0.1434963196516037,0.8565036654472351,0.03602916747331619,0.9639708399772644
Mouse_Brain_E18_MISAR,Mouse brain E18,atac,CGACGCGAGAAGATCG-1,12.0,43.0,Cartilage-2,0.7310160994529724,0.2689839005470276,0.5518317818641663,0.44816818833351135,0.45599907636642456,0.5440008640289307,0.04065850377082825,0.9593415260314941
Mouse_Brain_E18_MISAR,Mouse brain E18,atac,GCTAACTTCGAACGCC-1,3.0,2.0,Cartilage-3,0.6516539454460144,0.348346084356308,0.460591584444046,0.5394084453582764,0.7600736618041992,0.23992633819580078,0.0019084103405475616,0.9980915188789368
Mouse_Brain_E18_MISAR,Mouse brain E18,atac,TAGATCTAATAAGGAG-1,20.0,1.0,Cartilage-3,0.7043887376785278,0.2956112325191498,0.5281835794448853,0.47181645035743713,0.6614664793014526,0.338533490896225,0.002097338205203414,0.9979026317596436
Mouse_Brain_E18_MISAR,Mouse brain E18,atac,TCCGGCCTATAAGGAG-1,6.0,1.0,Cartilage-3,0.5863644480705261,0.4136355221271515,0.4063418209552765,0.5936582088470459,0.7616482973098755,0.23835165798664093,0.001952820341102779,0.9980472326278687
Mouse_Brain_E18_MISAR,Mouse brain E18,atac,GGCTGAGCAGAGCTAT-1,48.0,19.0,Cartilage-4,0.6403821706771851,0.35961782932281494,0.4231301248073578,0.5768699049949646,0.29735031723976135,0.7026496529579163,0.005367973353713751,0.9946320056915283
Mouse_Brain_E18_MISAR,Mouse brain E18,atac,TAGAGTAAAAGAAGCT-1,41.0,44.0,Diencephalonand hindbrain,0.6217942237854004,0.3782057762145996,0.5371849536895752,0.4628150761127472,0.5530820488929749,0.44691795110702515,0.005695922300219536,0.9943040013313293
Mouse_Brain_E18_MISAR,Mouse brain E18,atac,TTGACTTCTTACCGAG-1,33.0,35.0,Diencephalonand hindbrain,0.5604916214942932,0.4395083785057068,0.48024824261665344,0.519751787185669,0.6222413778305054,0.37775859236717224,0.0250192042440176,0.9749807715415955
Mouse_Brain_E18_MISAR,Mouse brain E18,atac,ACGGAGGCCCGATTCC-1,21.0,4.0,Cartilage-4,0.5619829893112183,0.4380170404911041,0.4286208152770996,0.5713791251182556,0.3411361575126648,0.6588638424873352,0.002824953058734536,0.9971749782562256
Mouse_Brain_E18_MISAR,Mouse brain E18,atac,ACGGAGGCGCGTTGGA-1,21.0,23.0,Diencephalonand hindbrain,0.7510926127433777,0.2489074021577835,0.5202722549438477,0.47972771525382996,0.7729126214981079,0.2270873337984085,0.004707315471023321,0.9952926635742188
Mouse_Brain_E18_MISAR,Mouse brain E18,atac,GCCGCAACGCTAACTT-1,24.0,48.0,Cartilage-2,0.5695576071739197,0.4304423928260803,0.45352935791015625,0.5464707016944885,0.12224172055721283,0.8777583241462708,0.012697899714112282,0.9873020648956299
Mouse_Brain_E18_MISAR,Mouse brain E18,atac,GCTAACTTTAGATCTA-1,3.0,31.0,Cartilage-2,0.7690577507019043,0.23094221949577332,0.6539266109466553,0.3460733890533447,0.6374096870422363,0.36259031295776367,0.011820836924016476,0.988179087638855
Mouse_Brain_E18_MISAR,Mouse brain E18,atac,AGAGCTATGAAGATCG-1,32.0,43.0,Diencephalonand hindbrain,0.5624300241470337,0.4375700056552887,0.5140556693077087,0.48594430088996887,0.488181471824646,0.5118185877799988,0.06846457719802856,0.9315354228019714
Mouse_Brain_E18_MISAR,Mouse brain E18,atac,CCAGTTCCCTTGCGCC-1,45.0,14.0,Cartilage-2,0.5124396085739136,0.48756036162376404,0.5938693284988403,0.40613067150115967,0.33196064829826355,0.6680393815040588,0.0031384695321321487,0.9968615770339966
Mouse_Brain_E18_MISAR,Mouse brain E18,atac,AGAACGTCACGGAGGC-1,38.0,30.0,Cartilage-2,0.812736988067627,0.18726301193237305,0.5704407691955566,0.42955920100212097,0.6781720519065857,0.3218279480934143,0.004676020238548517,0.9953239560127258
Mouse_Brain_E18_MISAR,Mouse brain E18,atac,TGGTCAGCCAACCGCT-1,14.0,8.0,Cartilage-2,0.5269654393196106,0.4730345606803894,0.6777244806289673,0.3222754895687103,0.4884401261806488,0.5115599036216736,0.003300672397017479,0.9966992735862732
Mouse_Brain_E18_MISAR,Mouse brain E18,atac,TAGAATTAAAGAAGCT-1,35.0,44.0,Diencephalonand hindbrain,0.4747883081436157,0.5252116918563843,0.5885297060012817,0.41147029399871826,0.18629737198352814,0.8137026429176331,0.05612284690141678,0.9438771605491638
Mouse_Brain_E18_MISAR,Mouse brain E18,atac,CAACCGCTGCTAACTT-1,43.0,48.0,Diencephalonand hindbrain,0.45157018303871155,0.5484297871589661,0.5023527145385742,0.4976472556591034,0.15967942774295807,0.8403205871582031,0.005804575979709625,0.9941954016685486
Mouse_Brain_E18_MISAR,Mouse brain E18,atac,AGAACGTCCTGATGGT-1,38.0,25.0,Mesenchyme,0.7717528939247131,0.22824715077877045,0.5084127187728882,0.49158725142478943,0.5158726572990417,0.484127402305603,0.055430058389902115,0.944570004940033
Mouse_Brain_E18_MISAR,Mouse brain E18,atac,TGCGGACCCGAACGCC-1,22.0,2.0,Cartilage-3,0.7006852030754089,0.29931482672691345,0.477821946144104,0.5221779942512512,0.6993787884712219,0.3006211817264557,0.0036195542197674513,0.9963805079460144
Mouse_Brain_E18_MISAR,Mouse brain E18,atac,GGTATGCTCGAACGCC-1,2.0,2.0,Cartilage-4,0.5730767250061035,0.4269232749938965,0.5592036247253418,0.4407964050769806,0.6084919571876526,0.3915080726146698,0.0017574229277670383,0.9982426166534424
Mouse_Brain_E18_MISAR,Mouse brain E18,atac,CATACTCCATAAGGAG-1,4.0,1.0,Cartilage-3,0.5574312806129456,0.44256868958473206,0.4112982749938965,0.5887016654014587,0.8375938534736633,0.1624061018228531,0.0016826316714286804,0.9983173608779907
Mouse_Brain_E18_MISAR,Mouse brain E18,atac,TTATCCGGCGACGCGA-1,10.0,39.0,Cartilage-2,0.7855984568595886,0.214401513338089,0.6491393446922302,0.35086068511009216,0.6908726692199707,0.3091272711753845,0.010517825372517109,0.9894821643829346
Mouse_Brain_E18_MISAR,Mouse brain E18,atac,CCGATTCCGGTACTGC-1,47.0,15.0,Cartilage-4,0.4258781969547272,0.5741217732429504,0.4774162769317627,0.5225837230682373,0.187990203499794,0.8120097517967224,0.008592555299401283,0.9914074540138245
Mouse_Brain_E18_MISAR,Mouse brain E18,atac,TCCGGCCTTTACCGAG-1,6.0,35.0,Cartilage-2,0.5305521488189697,0.46944788098335266,0.4904167354106903,0.5095832943916321,0.27744701504707336,0.722553014755249,0.06707198172807693,0.9329280257225037
Mouse_Brain_E18_MISAR,Mouse brain E18,atac,AGAGAAGGATAAGGAG-1,5.0,1.0,Cartilage-3,0.5985650420188904,0.401434987783432,0.4886699616909027,0.5113300085067749,0.7581769824028015,0.24182303249835968,0.0018783495761454105,0.9981216788291931
Mouse_Brain_E18_MISAR,Mouse brain E18,atac,GGTATGCTCCGAGAAT-1,2.0,26.0,Mesenchyme,0.5785966515541077,0.42140328884124756,0.5048538446426392,0.49514615535736084,0.1260945051908493,0.8739054799079895,0.0016905054217204452,0.9983094930648804
Mouse_Brain_E18_MISAR,Mouse brain E18,atac,CAACCGCTGGTATGCT-1,43.0,49.0,Mesenchyme,0.5503182411193848,0.44968175888061523,0.5179254412651062,0.4820745885372162,0.304538756608963,0.6954612731933594,0.005330288782715797,0.9946697354316711
Mouse_Brain_E18_MISAR,Mouse brain E18,atac,TAGATCTACGAACGCC-1,20.0,2.0,Cartilage-3,0.7393983602523804,0.260601669549942,0.5369265675544739,0.4630734622478485,0.6503453254699707,0.3496546745300293,0.0019732078071683645,0.9980267882347107
Mouse_Brain_E18_MISAR,Mouse brain E18,atac,ACCGCCAAAGAACGTC-1,46.0,13.0,Cartilage-4,0.4363146424293518,0.5636853575706482,0.5483129024505615,0.45168715715408325,0.285096138715744,0.7149038910865784,0.007691140286624432,0.9923088550567627
Mouse_Brain_E18_MISAR,Mouse brain E18,atac,CTGATGGTAGAACGTC-1,26.0,13.0,Diencephalonand hindbrain,0.37251490354537964,0.6274850964546204,0.5260558724403381,0.47394415736198425,0.26448771357536316,0.7355122566223145,0.015047102235257626,0.9849528670310974
Mouse_Brain_E18_MISAR,Mouse brain E18,atac,CATACTCCACGGAGGC-1,4.0,30.0,Cartilage-2,0.6776421666145325,0.3223578929901123,0.5736882090568542,0.42631182074546814,0.6714136004447937,0.3285863995552063,0.005849660839885473,0.9941503405570984
Mouse_Brain_E18_MISAR,Mouse brain E18,atac,AGAGCTATCTGATGGT-1,32.0,25.0,Mesenchyme,0.665424644947052,0.3345752954483032,0.4792887270450592,0.5207112431526184,0.2722894251346588,0.7277106046676636,0.0687573030591011,0.9312427043914795
Mouse_Brain_E18_MISAR,Mouse brain E18,atac,AAGAAGCTATAAGGAG-1,7.0,1.0,Cartilage-3,0.5655142068862915,0.4344857633113861,0.4456699788570404,0.554330050945282,0.6085376143455505,0.39146244525909424,0.0016050217673182487,0.9983949065208435
Mouse_Brain_E18_MISAR,Mouse brain E18,atac,TCTGATACATAAGGAG-1,9.0,1.0,Cartilage-3,0.6381239891052246,0.36187607049942017,0.5208167433738708,0.47918328642845154,0.7151772975921631,0.28482264280319214,0.001839565229602158,0.9981604218482971
Mouse_Brain_E18_MISAR,Mouse brain E18,atac,GATCTTACGCGTTGGA-1,27.0,23.0,Mesenchyme,0.4553033113479614,0.5446966886520386,0.5109256505966187,0.48907434940338135,0.3930749297142029,0.6069250702857971,0.03715391084551811,0.9628461003303528
Mouse_Brain_E18_MISAR,Mouse brain E18,atac,GCCATTCTCCGAGAAT-1,34.0,26.0,Mesenchyme,0.6109809279441833,0.38901904225349426,0.44467875361442566,0.5553212761878967,0.5918901562690735,0.4081099033355713,0.010554112493991852,0.9894458651542664
Mouse_Brain_E18_MISAR,Mouse brain E18,atac,TCCGGCCTCAACCGCT-1,6.0,8.0,Cartilage-4,0.4628439247608185,0.5371561050415039,0.4979543387889862,0.5020456910133362,0.5568814873695374,0.44311851263046265,0.00219392916187644,0.9978061318397522
Mouse_Brain_E18_MISAR,Mouse brain E18,atac,GGTATGCTGATCTTAC-1,2.0,24.0,Cartilage-4,0.6708755493164062,0.32912445068359375,0.5738611817359924,0.42613881826400757,0.365776002407074,0.634223997592926,0.009293450973927975,0.9907066226005554
Mouse_Brain_E18_MISAR,Mouse brain E18,atac,TAGAATTAACTTAACC-1,35.0,7.0,Cartilage-4,0.5391795039176941,0.4608204662799835,0.6492846608161926,0.3507153391838074,0.22117206454277039,0.778827965259552,0.003306156722828746,0.9966938495635986
Mouse_Brain_E18_MISAR,Mouse brain E18,atac,TTATCCGGACTTAACC-1,10.0,7.0,Cartilage-3,0.5531812906265259,0.44681867957115173,0.5430027842521667,0.45699718594551086,0.22175802290439606,0.7782419919967651,0.0022984868846833706,0.9977014660835266
Mouse_Brain_E18_MISAR,Mouse brain E18,atac,GATACGGAGGCTGAGC-1,11.0,3.0,Cartilage-3,0.7159960269927979,0.28400397300720215,0.44513610005378723,0.5548639297485352,0.32321634888648987,0.6767836809158325,0.001607361133210361,0.998392641544342
Mouse_Brain_E18_MISAR,Mouse brain E18,atac,TTATCCGGCCAGTTCC-1,10.0,6.0,Cartilage-3,0.688301146030426,0.31169888377189636,0.5335679650306702,0.46643200516700745,0.09883035719394684,0.9011696577072144,0.0030768909491598606,0.9969231486320496
Mouse_Brain_E18_MISAR,Mouse brain E18,atac,GCCATTCTGCCGCAAC-1,34.0,27.0,Mesenchyme,0.8885070085525513,0.11149300634860992,0.46030357480049133,0.539696455001831,0.6309598684310913,0.3690401017665863,0.01321656908839941,0.9867833852767944
Mouse_Brain_E18_MISAR,Mouse brain E18,atac,TGGTCAGCCCGATTCC-1,14.0,4.0,Cartilage-4,0.5137081742286682,0.4862917959690094,0.45350614190101624,0.5464938282966614,0.4445601999759674,0.555439829826355,0.0023322138004004955,0.9976677298545837
Mouse_Brain_E18_MISAR,Mouse brain E18,atac,CCGAGAATCCGATTCC-1,25.0,4.0,Cartilage-4,0.6805306077003479,0.3194694519042969,0.5933585166931152,0.40664151310920715,0.2575712502002716,0.7424287796020508,0.0013276409590616822,0.998672366142273
Mouse_Brain_E18_MISAR,Mouse brain E18,atac,GGTATGCTCCGATTCC-1,2.0,4.0,Cartilage-3,0.5746060013771057,0.4253939986228943,0.5941466093063354,0.40585339069366455,0.49358877539634705,0.5064112544059753,0.002959123346954584,0.9970408082008362
Mouse_Brain_E18_MISAR,Mouse brain E18,atac,AACCTGCGATAAGGAG-1,1.0,1.0,Cartilage-3,0.5579690337181091,0.4420309364795685,0.5776388645172119,0.4223611652851105,0.6497259736061096,0.3502740263938904,0.0017114694928750396,0.9982885718345642
Mouse_Brain_E18_MISAR,Mouse brain E18,atac,GCTAACTTGGCTGAGC-1,3.0,3.0,Cartilage-4,0.5452560186386108,0.45474398136138916,0.4110284149646759,0.5889715552330017,0.6213405132293701,0.3786594271659851,0.0021630236878991127,0.9978370070457458
Mouse_Brain_E18_MISAR,Mouse brain E18,atac,CCAGTTCCGGTACTGC-1,45.0,15.0,Cartilage-2,0.39918252825737,0.6008174419403076,0.520847499370575,0.47915250062942505,0.3033462166786194,0.6966537833213806,0.00416915537789464,0.9958308339118958
Mouse_Brain_E18_MISAR,Mouse brain E18,atac,GGTATGCTATAAGGAG-1,2.0,1.0,Cartilage-3,0.5473291277885437,0.4526708424091339,0.39413732290267944,0.6058627367019653,0.6196608543395996,0.3803391456604004,0.0014867766294628382,0.9985131621360779
Mouse_Brain_E18_MISAR,Mouse brain E18,atac,AAGAAGCTCCAGTTCC-1,7.0,6.0,Cartilage-3,0.3883613646030426,0.6116386651992798,0.46943384408950806,0.5305662155151367,0.2859824001789093,0.7140175700187683,0.0020136642269790173,0.9979863166809082
Mouse_Brain_E18_MISAR,Mouse brain E18,atac,CTGATGGTACCGCCAA-1,26.0,5.0,Cartilage-4,0.6047631502151489,0.3952368199825287,0.5255565047264099,0.4744434952735901,0.2096680998802185,0.7903319001197815,0.0013836503494530916,0.9986163377761841
Mouse_Brain_E18_MISAR,Mouse brain E18,atac,TAGATCTATGAGTCTG-1,20.0,28.0,Mesenchyme,0.5682494640350342,0.43175050616264343,0.5259068608283997,0.47409310936927795,0.5723205208778381,0.42767947912216187,0.03616083785891533,0.9638391137123108
Mouse_Brain_E18_MISAR,Mouse brain E18,atac,AGAGAAGGTTATTCAT-1,5.0,33.0,Mesenchyme,0.5548186898231506,0.44518133997917175,0.6121326088905334,0.38786736130714417,0.6509885191917419,0.34901148080825806,0.023269208148121834,0.9767307639122009
Mouse_Brain_E18_MISAR,Mouse brain E18,atac,CGAACGCCGGTACTGC-1,49.0,15.0,Cartilage-4,0.3997911810874939,0.6002088189125061,0.4019031524658203,0.5980967879295349,0.34123164415359497,0.6587682962417603,0.0022583308164030313,0.99774169921875
Mouse_Brain_E18_MISAR,Mouse brain E18,atac,TGAGTCTGATAAGGAG-1,23.0,1.0,Mesenchyme,0.5910167098045349,0.4089832901954651,0.520621657371521,0.4793783128261566,0.823203444480896,0.17679651081562042,0.0028120416682213545,0.9971879124641418
Mouse_Brain_E18_MISAR,Mouse brain E18,atac,CATACTCCTGCGGACC-1,4.0,29.0,Mesenchyme,0.6147042512893677,0.38529571890830994,0.5965888500213623,0.4034111201763153,0.6304991245269775,0.3695008456707001,0.009088326245546341,0.990911602973938
Mouse_Brain_E18_MISAR,Mouse brain E18,atac,CCAGTTCCAGAACGTC-1,45.0,13.0,Cartilage-4,0.44559189677238464,0.554408073425293,0.5570911765098572,0.44290879368782043,0.48262640833854675,0.5173736214637756,0.006149622146040201,0.9938503503799438
Mouse_Brain_E18_MISAR,Mouse brain E18,atac,ACTATGCACGAACGCC-1,13.0,2.0,Cartilage-3,0.6145260334014893,0.38547396659851074,0.5700908303260803,0.42990922927856445,0.5461938381195068,0.45380619168281555,0.0024030208587646484,0.9975969195365906
Mouse_Brain_E18_MISAR,Mouse brain E18,atac,TGCCGGCAATAAGGAG-1,17.0,1.0,Cartilage-3,0.5863530039787292,0.413646936416626,0.5757097601890564,0.4242902100086212,0.5722540616989136,0.42774590849876404,0.002029967028647661,0.9979700446128845
Mouse_Brain_E18_MISAR,Mouse brain E18,atac,GCCGCAACATAAGGAG-1,24.0,1.0,Muscle,0.5647704601287842,0.4352295696735382,0.44568654894828796,0.5543134212493896,0.7561584115028381,0.24384155869483948,0.0020969072356820107,0.9979031085968018
Mouse_Brain_E18_MISAR,Mouse brain E18,atac,TGCCGGCAGGCTGAGC-1,17.0,3.0,Cartilage-4,0.695346474647522,0.304653525352478,0.5760313272476196,0.42396873235702515,0.4877944588661194,0.5122055411338806,0.001784004969522357,0.9982159733772278
Mouse_Brain_E18_MISAR,Mouse brain E18,atac,TGCCGGCACGAACGCC-1,17.0,2.0,Cartilage-3,0.7090159058570862,0.2909841239452362,0.5481146574020386,0.4518853425979614,0.5315225720405579,0.46847739815711975,0.0015529536176472902,0.9984471201896667
Mouse_Brain_E18_MISAR,Mouse brain E18,atac,GGTATGCTCTGATGGT-1,2.0,25.0,Cartilage-4,0.7437116503715515,0.2562883198261261,0.5693914890289307,0.4306085407733917,0.1997181624174118,0.8002818822860718,0.0050856126472353935,0.9949144124984741
Mouse_Brain_E18_MISAR,Mouse brain E18,atac,ATCATATTCGAACGCC-1,15.0,2.0,Cartilage-3,0.593286395072937,0.406713604927063,0.5364739894866943,0.46352601051330566,0.37018463015556335,0.629815399646759,0.0016594682820141315,0.9983404874801636
Mouse_Brain_E18_MISAR,Mouse brain E18,atac,AATTAAGAATAAGGAG-1,19.0,1.0,Cartilage-3,0.6596410274505615,0.3403589725494385,0.5446280241012573,0.4553719758987427,0.6477125287055969,0.35228750109672546,0.0015842574648559093,0.9984157085418701
Mouse_Brain_E18_MISAR,Mouse brain E18,atac,CCGATTCCTTGACTTC-1,47.0,18.0,Cartilage-4,0.4926544427871704,0.5073454976081848,0.43781089782714844,0.5621891021728516,0.4114443361759186,0.5885556936264038,0.0064725750125944614,0.993527352809906
Mouse_Brain_E18_MISAR,Mouse brain E18,atac,GGCTGAGCGCCATTCT-1,48.0,17.0,Cartilage-4,0.5741647481918335,0.42583519220352173,0.492990106344223,0.5070099234580994,0.2673937976360321,0.7326062321662903,0.0056931632570922375,0.9943068623542786
Mouse_Brain_E18_MISAR,Mouse brain E18,atac,TTATCCGGGGCTGAGC-1,10.0,3.0,Cartilage-3,0.7227595448493958,0.27724048495292664,0.465239554643631,0.5347604751586914,0.4832181930541992,0.5167818069458008,0.0011869445443153381,0.9988130331039429
Mouse_Brain_E18_MISAR,Mouse brain E18,atac,AGAGAAGGCGAACGCC-1,5.0,2.0,Cartilage-3,0.6264862418174744,0.3735138177871704,0.45062559843063354,0.5493743419647217,0.8528093695640564,0.14719069004058838,0.0017447426216676831,0.99825519323349
Mouse_Brain_E18_MISAR,Mouse brain E18,atac,AAGAAGCTGACCTTGA-1,7.0,9.0,Cartilage-4,0.3908822536468506,0.6091178059577942,0.4898581802845001,0.5101418495178223,0.2900002598762512,0.7099997401237488,0.003348298603668809,0.9966517090797424
Mouse_Brain_E18_MISAR,Mouse brain E18,atac,CCGAGAATGGCTGAGC-1,25.0,3.0,Cartilage-4,0.6500858068466187,0.34991416335105896,0.5145462155342102,0.4854537844657898,0.4376755654811859,0.5623244047164917,0.0020236396230757236,0.9979763627052307
Mouse_Brain_E18_MISAR,Mouse brain E18,atac,GCGTTGGACCGATTCC-1,28.0,4.0,Cartilage-4,0.525149405002594,0.4748506546020508,0.6209086179733276,0.37909144163131714,0.6718670725822449,0.32813289761543274,0.0016029656399041414,0.9983970522880554
Mouse_Brain_E18_MISAR,Mouse brain E18,atac,AAGAAGCTCCGATTCC-1,7.0,4.0,Cartilage-3,0.6737350225448608,0.32626497745513916,0.4097370207309723,0.5902630090713501,0.4875129461288452,0.5124871134757996,0.0034524714574217796,0.996547520160675
Mouse_Brain_E18_MISAR,Mouse brain E18,atac,GATACGGAATAAGGAG-1,11.0,1.0,Cartilage-3,0.6857129335403442,0.31428706645965576,0.6028618216514587,0.39713817834854126,0.5789122581481934,0.42108777165412903,0.0023616079706698656,0.997638463973999
Mouse_Brain_E18_MISAR,Mouse brain E18,atac,TAGATCTAGGCTGAGC-1,20.0,3.0,Cartilage-4,0.6356853246688843,0.3643147051334381,0.5653722882270813,0.4346277713775635,0.4591757655143738,0.5408242344856262,0.0032861707732081413,0.9967138767242432
Mouse_Brain_E18_MISAR,Mouse brain E18,atac,GGTATGCTGGCTGAGC-1,2.0,3.0,Cartilage-4,0.7130799293518066,0.28692013025283813,0.589593768119812,0.410406231880188,0.6025057435035706,0.39749422669410706,0.00200295471586287,0.997996985912323
Mouse_Brain_E18_MISAR,Mouse brain E18,atac,TTACCGAGGGCTGAGC-1,16.0,3.0,Cartilage-4,0.585715651512146,0.414284348487854,0.5381730794906616,0.46182695031166077,0.4808756411075592,0.5191243886947632,0.0018093753606081009,0.9981905817985535
Mouse_Brain_E18_MISAR,Mouse brain E18,atac,GCCGCAACCCGATTCC-1,24.0,4.0,Cartilage-4,0.6226847767829895,0.3773152232170105,0.46359750628471375,0.5364024639129639,0.30226799845695496,0.6977320313453674,0.0013684624573215842,0.9986315369606018
Mouse_Brain_E18_MISAR,Mouse brain E18,atac,TCTGATACGGCTGAGC-1,9.0,3.0,Cartilage-3,0.6908106207847595,0.3091893494129181,0.5706871747970581,0.42931288480758667,0.5522736310958862,0.44772639870643616,0.0014228839427232742,0.9985771179199219
Mouse_Brain_E18_MISAR,Mouse brain E18,atac,GAAGATCGATAAGGAG-1,8.0,1.0,Cartilage-3,0.6155254244804382,0.38447460532188416,0.4606015682220459,0.5393984317779541,0.6634983420372009,0.33650171756744385,0.001657505752518773,0.9983425140380859
Mouse_Brain_E18_MISAR,Mouse brain E18,atac,AATTAAGAGGCTGAGC-1,19.0,3.0,Cartilage-4,0.7215591669082642,0.2784408628940582,0.5870911478996277,0.4129088521003723,0.5049307942390442,0.4950691759586334,0.0019051480339840055,0.9980948567390442
Mouse_Brain_E18_MISAR,Mouse brain E18,atac,TTATTCATCGAACGCC-1,18.0,2.0,Cartilage-3,0.5907783508300781,0.4092216193675995,0.5744165182113647,0.42558351159095764,0.5531365871429443,0.44686341285705566,0.0014045829884707928,0.9985954165458679
Mouse_Brain_E18_MISAR,Mouse brain E18,atac,TGCGGACCGGCTGAGC-1,22.0,3.0,Cartilage-4,0.6143139600753784,0.3856860101222992,0.5337757468223572,0.4662243127822876,0.30682089924812317,0.6931790709495544,0.0021532345563173294,0.9978467226028442
Mouse_Brain_E18_MISAR,Mouse brain E18,atac,CTGATGGTCGAACGCC-1,26.0,2.0,Cartilage-4,0.588129460811615,0.411870539188385,0.5443575382232666,0.4556425213813782,0.4837036728858948,0.5162963271141052,0.001876364927738905,0.9981235861778259
Mouse_Brain_E18_MISAR,Mouse brain E18,atac,TTATTCATGGCTGAGC-1,18.0,3.0,Cartilage-4,0.7357200384140015,0.2642799913883209,0.5653640031814575,0.4346359968185425,0.45547008514404297,0.544529914855957,0.0010781900491565466,0.9989218711853027
Mouse_Brain_E18_MISAR,Mouse brain E18,atac,ACGGAGGCATAAGGAG-1,21.0,1.0,Cartilage-3,0.5888780951499939,0.4111219048500061,0.47285816073417664,0.5271418690681458,0.6537268161773682,0.34627318382263184,0.0024970886297523975,0.997502863407135
Mouse_Brain_E18_MISAR,Mouse brain E18,atac,TCTGATACCGAACGCC-1,9.0,2.0,Cartilage-3,0.6570119857788086,0.3429880738258362,0.6659232974052429,0.3340766727924347,0.7067096829414368,0.29329031705856323,0.0019229163881391287,0.9980770349502563
Mouse_Brain_E18_MISAR,Mouse brain E18,atac,GCGTTGGAGGCTGAGC-1,28.0,3.0,Cartilage-4,0.5024267435073853,0.49757328629493713,0.5380970239639282,0.4619029462337494,0.6217294931411743,0.3782704770565033,0.0010760234436020255,0.9989239573478699
Mouse_Brain_E18_MISAR,Mouse brain E18,atac,AAGAAGCTCGAACGCC-1,7.0,2.0,Cartilage-3,0.7022863030433655,0.2977137267589569,0.5606103539466858,0.43938958644866943,0.7616147994995117,0.23838521540164948,0.0024916324764490128,0.9975082874298096
Mouse_Brain_E18_MISAR,Mouse brain E18,atac,ATCATATTATAAGGAG-1,15.0,1.0,Cartilage-3,0.587592601776123,0.41240739822387695,0.5725391507148743,0.42746078968048096,0.39484724402427673,0.6051527261734009,0.0022194269113242626,0.9977806210517883
Mouse_Brain_E18_MISAR,Mouse brain E18,atac,GAAGATCGGGCTGAGC-1,8.0,3.0,Cartilage-3,0.6424161195755005,0.3575838506221771,0.5420066714286804,0.4579932987689972,0.6397615075111389,0.3602384328842163,0.0018751054303720593,0.998124897480011
Mouse_Brain_E18_MISAR,Mouse brain E18,atac,CTGATGGTGGCTGAGC-1,26.0,3.0,Cartilage-4,0.6633995771408081,0.3366003930568695,0.5528140068054199,0.4471859931945801,0.39400696754455566,0.6059930324554443,0.001315377769060433,0.9986845850944519
Mouse_Brain_E18_MISAR,Mouse brain E18,atac,GCCGCAACGGCTGAGC-1,24.0,3.0,Cartilage-4,0.5951056480407715,0.4048943519592285,0.447369247674942,0.5526307225227356,0.4894474148750305,0.5105525851249695,0.00215060543268919,0.9978494644165039
Mouse_Brain_E18_MISAR,Mouse brain E18,atac,ACTATGCAATAAGGAG-1,13.0,1.0,Cartilage-3,0.5636035203933716,0.4363965392112732,0.5426015257835388,0.4573984742164612,0.5689418315887451,0.4310581386089325,0.0019638296216726303,0.9980362057685852
Mouse_Brain_E18_MISAR,Mouse brain E18,atac,AGAGAAGGGGCTGAGC-1,5.0,3.0,Cartilage-4,0.7283848524093628,0.2716151177883148,0.4321143627166748,0.5678856372833252,0.6421477794647217,0.3578522205352783,0.002141033299267292,0.9978589415550232
Mouse_Brain_E18_MISAR,Mouse brain E18,atac,AAGAAGCTGGCTGAGC-1,7.0,3.0,Cartilage-3,0.6417607665061951,0.35823920369148254,0.49055352807044983,0.5094465017318726,0.7698708176612854,0.2301291674375534,0.0032436612527817488,0.996756374835968
Mouse_Brain_E18_MISAR,Mouse brain E18,atac,TTATCCGGATAAGGAG-1,10.0,1.0,Cartilage-3,0.6266108155250549,0.3733891546726227,0.5776029825210571,0.42239701747894287,0.7189524173736572,0.2810475826263428,0.0018000520067289472,0.9981999397277832
Mouse_Brain_E18_MISAR,Mouse brain E18,atac,CGACGCGAATAAGGAG-1,12.0,1.0,Cartilage-3,0.6062584519386292,0.39374154806137085,0.6133935451507568,0.38660645484924316,0.5888435244560242,0.41115647554397583,0.001956226537004113,0.9980437755584717
