"gene","p_val_primary","p_val_adj_primary","p_val_bh_primary","avg_log2FC_primary","pct.1_primary","pct.2_primary","analysis_primary","p_val_sensitivity","p_val_adj_sensitivity","p_val_bh_sensitivity","avg_log2FC_sensitivity","pct.1_sensitivity","pct.2_sensitivity","analysis_sensitivity","gene_type","same_direction","higher_in","enriched_group_pct","delta_pct"
"Ppef1",0.000431024909451214,1,0.165663486936901,4.90535184744727,0.106,0,"reference_DPallm_only",0.000209648788694147,1,0.0881305227515697,5.05920087573973,0.104,0,"all_D01_D06","protein_coding",TRUE,"D01",0.106,0.106
"Htr1f",2.95990904626536e-09,5.23341518470178e-05,7.47588456256736e-06,3.09371270018016,0.404,0.071,"reference_DPallm_only",1.31183879345926e-09,2.31946217071531e-05,4.63892434143062e-06,2.8549671074,0.396,0.071,"all_D01_D06","protein_coding",TRUE,"D01",0.404,0.333
"Tmem176b",0.00859119458709903,1,0.691899452328666,2.99958291470086,0.115,0.027,"reference_DPallm_only",0.00454402665675501,1,0.53148573651048,3.15343194299332,0.113,0.024,"all_D01_D06","protein_coding",TRUE,"D01",0.115,0.088
"Caap1",0.00143958668039932,1,0.382100594477596,2.96316536925437,0.144,0.027,"reference_DPallm_only",0.0112673144591242,1,0.687181577850573,1.71660681367142,0.142,0.047,"all_D01_D06","protein_coding",TRUE,"D01",0.144,0.117
"Orc5",0.0164081424223884,1,0.756565216929359,2.58669238715357,0.106,0.027,"reference_DPallm_only",0.00481217532484573,1,0.545410717426906,2.84613991316907,0.113,0.024,"all_D01_D06","protein_coding",TRUE,"D01",0.106,0.079
"Dock6",0.000991061702101405,1,0.30210294643367,2.36475925377194,0.154,0.027,"reference_DPallm_only",0.00736995571417021,1,0.60049855752186,1.65205162087569,0.151,0.047,"all_D01_D06","protein_coding",TRUE,"D01",0.154,0.127
"Ap1g2",0.00376125635205638,1,0.599090200940151,2.35331991492044,0.115,0.018,"reference_DPallm_only",0.00603384252699568,1,0.579806357172884,1.93481482622016,0.113,0.024,"all_D01_D06","protein_coding",TRUE,"D01",0.115,0.097
"Ing5",0.0157341053512101,1,0.756565216929359,2.35165247497328,0.106,0.027,"reference_DPallm_only",0.0225927804030888,1,0.752855323920864,1.97469579395394,0.104,0.031,"all_D01_D06","protein_coding",TRUE,"D01",0.106,0.079
"Atic",0.00978294656770496,1,0.691899452328666,2.30261696261023,0.115,0.027,"reference_DPallm_only",0.0027132361679225,1,0.444995984587889,2.56600115917478,0.123,0.024,"all_D01_D06","protein_coding",TRUE,"D01",0.115,0.088
"Lmx1b",0.0025082692574812,1,0.498271915418738,2.18291523989348,0.154,0.036,"reference_DPallm_only",0.00720229788065936,1,0.60049855752186,1.658189229001,0.151,0.047,"all_D01_D06","protein_coding",TRUE,"D01",0.154,0.118
"Xylt2",0.0367098745409039,1,0.787036368575225,2.17297438955223,0.106,0.036,"reference_DPallm_only",0.0215274613160908,1,0.752855323920864,2.32682341784469,0.104,0.031,"all_D01_D06","protein_coding",TRUE,"D01",0.106,0.07
"Rcor3",0.0216662774934732,1,0.787036368575225,2.16601885292595,0.115,0.036,"reference_DPallm_only",0.0119638573862283,1,0.687181577850573,2.31986788121841,0.113,0.031,"all_D01_D06","protein_coding",TRUE,"D01",0.115,0.079
"Pex3",0.00992395067459385,1,0.691899452328666,2.16543766543043,0.115,0.027,"reference_DPallm_only",0.0052412413658924,1,0.562183026009008,2.31928669372288,0.113,0.024,"all_D01_D06","protein_coding",TRUE,"D01",0.115,0.088
"Tbc1d31",0.00980783454623363,1,0.691899452328666,2.0768496537551,0.144,0.045,"reference_DPallm_only",0.00471091514371889,1,0.540767267881767,2.23069868204755,0.142,0.039,"all_D01_D06","protein_coding",TRUE,"D01",0.144,0.099
"Ttc9c",0.0134775843136925,1,0.735174689517033,2.0600752280938,0.125,0.036,"reference_DPallm_only",0.00700179793066585,1,0.60049855752186,2.21392425638625,0.123,0.031,"all_D01_D06","protein_coding",TRUE,"D01",0.125,0.089
"Wnt5a",0.0085451294993634,1,0.691899452328666,2.03362656616758,0.135,0.036,"reference_DPallm_only",0.0382073924511984,1,0.752855323920864,1.41848097473933,0.132,0.055,"all_D01_D06","protein_coding",TRUE,"D01",0.135,0.099
"Bloc1s5",0.010506838359825,1,0.693137694782486,2.02689270432292,0.115,0.027,"reference_DPallm_only",0.00554628449400229,1,0.566882721575026,2.18074173261537,0.113,0.024,"all_D01_D06","protein_coding",TRUE,"D01",0.115,0.088
"Hibch",0.0039093412743309,1,0.606290822194477,2.02668273915321,0.173,0.054,"reference_DPallm_only",0.00389471342722891,1,0.517762617344619,1.88714993634635,0.17,0.055,"all_D01_D06","protein_coding",TRUE,"D01",0.173,0.119
"Lrrc47",0.0394645350158138,1,0.787036368575225,2.00411066168991,0.106,0.036,"reference_DPallm_only",0.012581514114577,1,0.687181577850573,2.36059554868659,0.113,0.031,"all_D01_D06","protein_coding",TRUE,"D01",0.106,0.07
"Vdac2",0.00518225184718966,1,0.637985529361486,1.98597991365229,0.154,0.045,"reference_DPallm_only",0.00597956693412283,1,0.579140736137706,1.72253817459001,0.151,0.047,"all_D01_D06","protein_coding",TRUE,"D01",0.154,0.109
"Wdr81",0.00632482205624439,1,0.65999842828182,1.97952197939628,0.125,0.027,"reference_DPallm_only",0.00313718402585765,1,0.47817716173439,2.13337100768874,0.123,0.024,"all_D01_D06","protein_coding",TRUE,"D01",0.125,0.098
"Bfar",0.00514218297152257,1,0.637985529361486,1.9312569420382,0.192,0.071,"reference_DPallm_only",0.00261205390080589,1,0.444995984587889,1.84962473303728,0.198,0.071,"all_D01_D06","protein_coding",TRUE,"D01",0.192,0.121
"Acadm",0.0196306554797364,1,0.767853957702963,1.90132085799775,0.106,0.027,"reference_DPallm_only",0.0263775892198712,1,0.752855323920864,1.71540990281199,0.104,0.031,"all_D01_D06","protein_coding",TRUE,"D01",0.106,0.079
"Rfwd3",0.00408512520328981,1,0.617307808497127,1.88381073258137,0.212,0.08,"reference_DPallm_only",0.00151000933204828,1,0.354253027780248,2.03765976087382,0.208,0.071,"all_D01_D06","protein_coding",TRUE,"D01",0.212,0.132
"Hs3st4",2.01863400616264e-16,3.56914678629617e-12,3.56894492289555e-12,1.87510996526102,0.865,0.625,"reference_DPallm_only",2.33814879840918e-16,4.13408089046726e-12,4.13408089046726e-12,1.84891647720884,0.849,0.606,"all_D01_D06","protein_coding",TRUE,"D01",0.865,0.24
"Hspb11",0.00613687602782751,1,0.65999842828182,1.87494844309039,0.154,0.045,"reference_DPallm_only",0.00277117880041773,1,0.445429203365326,2.02879747138284,0.151,0.039,"all_D01_D06","protein_coding",TRUE,"D01",0.154,0.109
"Ankrd16",0.0445462928896467,1,0.787036368575225,1.86762759929734,0.115,0.045,"reference_DPallm_only",0.0256528465760904,1,0.752855323920864,2.0214766275898,0.113,0.039,"all_D01_D06","protein_coding",TRUE,"D01",0.115,0.07
"Fam133b",0.00735155853385739,1,0.691899452328666,1.84173601460396,0.231,0.107,"reference_DPallm_only",0.00270697605488657,1,0.444995984587889,1.99558504289641,0.226,0.094,"all_D01_D06","protein_coding",TRUE,"D01",0.231,0.124
"Wasf3",0.00914286739558475,1,0.691899452328666,1.80024284971714,0.163,0.054,"reference_DPallm_only",0.00894984626512722,1,0.635510971139415,1.69720543022506,0.16,0.055,"all_D01_D06","protein_coding",TRUE,"D01",0.163,0.109
"Fam53c",0.0155391834411599,1,0.756565216929359,1.79463448163764,0.125,0.036,"reference_DPallm_only",0.00806960798292025,1,0.620342342373969,1.94848350993009,0.123,0.031,"all_D01_D06","protein_coding",TRUE,"D01",0.125,0.089
"Tecta",0.0112779965732872,1,0.714434458062051,1.75960934838124,0.115,0.027,"reference_DPallm_only",0.00594999207141076,1,0.579140736137706,1.9134583766737,0.113,0.024,"all_D01_D06","protein_coding",TRUE,"D01",0.115,0.088
"Zbtb5",0.0114815385232792,1,0.714434458062051,1.74133759178651,0.183,0.071,"reference_DPallm_only",0.00491099264150461,1,0.548883888846601,1.89518662007897,0.179,0.063,"all_D01_D06","protein_coding",TRUE,"D01",0.183,0.112
"St6galnac6",0.0135338739144994,1,0.735174689517033,1.73626854877879,0.173,0.071,"reference_DPallm_only",0.0254609808193756,1,0.752855323920864,1.31829239711597,0.17,0.079,"all_D01_D06","protein_coding",TRUE,"D01",0.173,0.102
"Stat2",0.00570374946358074,1,0.637985529361486,1.72851147152144,0.183,0.062,"reference_DPallm_only",0.0193755405954587,1,0.752855323920864,1.28164989316627,0.179,0.079,"all_D01_D06","protein_coding",TRUE,"D01",0.183,0.121
"Tmem26",0.0151448931401886,1,0.756565216929359,1.72290183002199,0.125,0.036,"reference_DPallm_only",0.0078652379419522,1,0.61384205603361,1.87675085831444,0.123,0.031,"all_D01_D06","protein_coding",TRUE,"D01",0.125,0.089
"Armc2",0.00877638441197779,1,0.691899452328666,1.6845838710653,0.135,0.036,"reference_DPallm_only",0.0251143370092293,1,0.752855323920864,0.991586761053131,0.132,0.047,"all_D01_D06","protein_coding",TRUE,"D01",0.135,0.099
"Acer3",0.0258685165521257,1,0.787036368575225,1.68453691233216,0.154,0.062,"reference_DPallm_only",0.0153787532287285,1,0.690775439022005,1.54042099809053,0.16,0.063,"all_D01_D06","protein_coding",TRUE,"D01",0.154,0.092
"Rxrg",0.0138911448286467,1,0.735315690330759,1.67962983137228,0.163,0.062,"reference_DPallm_only",0.0140480139172883,1,0.687181577850573,1.47637967104502,0.16,0.063,"all_D01_D06","protein_coding",TRUE,"D01",0.163,0.101
"Zgpat",0.0244832563974345,1,0.787036368575225,1.65870104222028,0.163,0.071,"reference_DPallm_only",0.0118091209563475,1,0.687181577850573,1.81255007051273,0.16,0.063,"all_D01_D06","protein_coding",TRUE,"D01",0.163,0.092
"Ngef",0.0048250779451898,1,0.637985529361486,1.65608716286664,0.202,0.071,"reference_DPallm_only",0.00505349057918163,1,0.551547944015496,1.44035763367539,0.208,0.079,"all_D01_D06","protein_coding",TRUE,"D01",0.202,0.131
"Fam45a",0.00963044235939968,1,0.691899452328666,1.65262268693214,0.135,0.036,"reference_DPallm_only",0.0112318739196273,1,0.687181577850573,1.5396049152254,0.132,0.039,"all_D01_D06","protein_coding",TRUE,"D01",0.135,0.099
"Tle4",1.05034621471155e-07,0.00185711714223149,0.000154751008967502,1.65137262871822,0.587,0.259,"reference_DPallm_only",6.98934241310408e-09,0.000123578563206093,1.41648895667856e-05,1.75976266031119,0.594,0.252,"all_D01_D06","protein_coding",TRUE,"D01",0.587,0.328
"Chaf1a",0.0153453848185319,1,0.756565216929359,1.64432048741878,0.163,0.062,"reference_DPallm_only",0.00710970750319778,1,0.60049855752186,1.79816951571123,0.16,0.055,"all_D01_D06","protein_coding",TRUE,"D01",0.163,0.101
"Wdr45b",0.00227698016672035,1,0.490939138385558,1.62370182324542,0.24,0.089,"reference_DPallm_only",0.00218232148672787,1,0.437605264638351,1.37747825707353,0.255,0.102,"all_D01_D06","protein_coding",TRUE,"D01",0.24,0.151
"Osbpl7",0.0256230859087631,1,0.787036368575225,1.61323161064618,0.173,0.08,"reference_DPallm_only",0.0220426191956416,1,0.752855323920864,1.59583603471317,0.17,0.079,"all_D01_D06","protein_coding",TRUE,"D01",0.173,0.093
"Ralgapb",0.00733060689105024,1,0.691899452328666,1.61089580881401,0.288,0.161,"reference_DPallm_only",0.00440111691113533,1,0.530378050212718,1.63847723946491,0.283,0.15,"all_D01_D06","protein_coding",TRUE,"D01",0.288,0.127
"Sec24d",0.0102532611148253,1,0.691899452328666,1.60271086637825,0.173,0.062,"reference_DPallm_only",0.0044695622126404,1,0.530378050212718,1.7565598946707,0.17,0.055,"all_D01_D06","protein_coding",TRUE,"D01",0.173,0.111
"Cep41",0.020007723248228,1,0.775738041729543,1.58596444877991,0.135,0.045,"reference_DPallm_only",0.0102198264403766,1,0.684457391258705,1.73981347707237,0.132,0.039,"all_D01_D06","protein_coding",TRUE,"D01",0.135,0.09
"Zfp263",0.0476008239209178,1,0.787036368575225,1.57909730663637,0.115,0.045,"reference_DPallm_only",0.0274221696790327,1,0.752855323920864,1.73294633492883,0.113,0.039,"all_D01_D06","protein_coding",TRUE,"D01",0.115,0.07
"Apcdd1",0.00583067747370901,1,0.640950218616875,1.56238021940424,0.212,0.08,"reference_DPallm_only",0.00528118743224013,1,0.562183026009008,1.45466330761775,0.217,0.087,"all_D01_D06","protein_coding",TRUE,"D01",0.212,0.132
"Plod3",0.0360484936212352,1,0.787036368575225,1.56053491162508,0.144,0.062,"reference_DPallm_only",0.0380704876559559,1,0.752855323920864,1.25919905432898,0.142,0.063,"all_D01_D06","protein_coding",TRUE,"D01",0.144,0.082
"Hadhb",0.0245646375061075,1,0.787036368575225,1.55753604366339,0.115,0.036,"reference_DPallm_only",0.030940284932373,1,0.752855323920864,1.40887773938809,0.113,0.039,"all_D01_D06","protein_coding",TRUE,"D01",0.115,0.079
"Med12",0.020007723248228,1,0.775738041729543,1.55664437688062,0.135,0.045,"reference_DPallm_only",0.0214539515213658,1,0.752855323920864,1.48732322231658,0.132,0.047,"all_D01_D06","protein_coding",TRUE,"D01",0.135,0.09
"Fshr",0.0394924386079194,1,0.787036368575225,1.54794964473861,0.144,0.062,"reference_DPallm_only",0.0206592628639165,1,0.752855323920864,1.70179867303106,0.142,0.055,"all_D01_D06","protein_coding",TRUE,"D01",0.144,0.082
"Abcb8",0.00590921298837956,1,0.640950218616875,1.54654815860366,0.183,0.062,"reference_DPallm_only",0.00565463658562105,1,0.568066076536169,1.37925245492285,0.179,0.063,"all_D01_D06","protein_coding",TRUE,"D01",0.183,0.121
"Ccdc90b",0.0245330258943207,1,0.787036368575225,1.53058785294321,0.144,0.054,"reference_DPallm_only",0.0123192874097511,1,0.687181577850573,1.68443688123566,0.142,0.047,"all_D01_D06","protein_coding",TRUE,"D01",0.144,0.09
"Cnnm2",0.0137356077929646,1,0.735174689517033,1.53037877910336,0.202,0.089,"reference_DPallm_only",0.0120857647853494,1,0.687181577850573,1.38336934383841,0.208,0.094,"all_D01_D06","protein_coding",TRUE,"D01",0.202,0.113
"Rnf11",0.0397768073124709,1,0.787036368575225,1.52485241922867,0.135,0.054,"reference_DPallm_only",0.0212273517240458,1,0.752855323920864,1.67870144752113,0.132,0.047,"all_D01_D06","protein_coding",TRUE,"D01",0.135,0.081
"Npy",0.031474582991419,1,0.787036368575225,1.51154244333771,0.24,0.143,"reference_DPallm_only",0.0202048344884697,1,0.752855323920864,1.56665617601651,0.236,0.134,"all_D01_D06","protein_coding",TRUE,"D01",0.24,0.097
"Usp40",0.00354531601647022,1,0.575056763038473,1.51062272530912,0.221,0.08,"reference_DPallm_only",0.0114791545176316,1,0.687181577850573,0.981006033075997,0.217,0.094,"all_D01_D06","protein_coding",TRUE,"D01",0.221,0.141
"Commd1",0.00430497725026949,1,0.637985529361486,1.50766198183561,0.25,0.107,"reference_DPallm_only",0.00163059651508709,1,0.355594233271565,1.53321446539235,0.255,0.102,"all_D01_D06","protein_coding",TRUE,"D01",0.25,0.143
"Habp4",0.0114381257873707,1,0.714434458062051,1.50591324921527,0.115,0.027,"reference_DPallm_only",0.0159171221526967,1,0.701778312344473,1.35292178498503,0.113,0.031,"all_D01_D06","protein_coding",TRUE,"D01",0.115,0.088
"Tmem63c",0.0058706794808575,1,0.640950218616875,1.49864601630531,0.221,0.089,"reference_DPallm_only",0.0092378072119093,1,0.64558762574612,1.19240020422125,0.217,0.094,"all_D01_D06","protein_coding",TRUE,"D01",0.221,0.132
"Wnt7b",1.84697664677712e-06,0.0326563940916663,0.00192085571264821,1.49529844677494,0.529,0.25,"reference_DPallm_only",2.13170073673691e-06,0.0376906007262452,0.00217987871773027,1.44964806379247,0.519,0.252,"all_D01_D06","protein_coding",TRUE,"D01",0.529,0.279
"Cnih3",0.0137954703420946,1,0.735174689517033,1.48719953641167,0.212,0.098,"reference_DPallm_only",0.00554667218101236,1,0.566882721575026,1.64104856470412,0.208,0.087,"all_D01_D06","protein_coding",TRUE,"D01",0.212,0.114
"Rbm34",0.0250656687532392,1,0.787036368575225,1.48202826329057,0.154,0.062,"reference_DPallm_only",0.0245968534629987,1,0.752855323920864,1.4254122147481,0.151,0.063,"all_D01_D06","protein_coding",TRUE,"D01",0.154,0.092
"Nelfe",0.017679648448349,1,0.767853957702963,1.46229789282663,0.221,0.107,"reference_DPallm_only",0.012543230659552,1,0.687181577850573,1.4664069594644,0.217,0.102,"all_D01_D06","protein_coding",TRUE,"D01",0.221,0.114
"Rufy1",0.00926657596560473,1,0.691899452328666,1.45953681133733,0.202,0.08,"reference_DPallm_only",0.00365986800384627,1,0.497068263765554,1.61338583962978,0.198,0.071,"all_D01_D06","protein_coding",TRUE,"D01",0.202,0.122
"Mtx2",0.0138471325515614,1,0.735187097632451,1.45895000710185,0.144,0.045,"reference_DPallm_only",0.0066540453355153,1,0.60049855752186,1.61279903539431,0.142,0.039,"all_D01_D06","protein_coding",TRUE,"D01",0.144,0.099
"Kif16b",0.00198520151514512,1,0.450141010367085,1.44885161420381,0.365,0.196,"reference_DPallm_only",0.00127549943339781,1,0.322172935455809,1.47345443360851,0.358,0.189,"all_D01_D06","protein_coding",TRUE,"D01",0.365,0.169
"Nrde2",0.0345332745667059,1,0.787036368575225,1.42999699102812,0.125,0.045,"reference_DPallm_only",0.0381968172843161,1,0.752855323920864,1.33692604508678,0.123,0.047,"all_D01_D06","protein_coding",TRUE,"D01",0.125,0.08
"Rprd1a",0.0233793343583658,1,0.787036368575225,1.42560184116784,0.231,0.125,"reference_DPallm_only",0.0288950619079713,1,0.752855323920864,1.2023159748707,0.226,0.126,"all_D01_D06","protein_coding",TRUE,"D01",0.231,0.106
"Oscp1",0.0307864629960744,1,0.787036368575225,1.41476865843703,0.173,0.08,"reference_DPallm_only",0.0145924035478185,1,0.687181577850573,1.56861768672949,0.17,0.071,"all_D01_D06","protein_coding",TRUE,"D01",0.173,0.093
"Prkaca",0.00907256410957147,1,0.691899452328666,1.40871738234014,0.202,0.08,"reference_DPallm_only",0.0035821708622052,1,0.497068263765554,1.56256641063259,0.198,0.071,"all_D01_D06","protein_coding",TRUE,"D01",0.202,0.122
"Akap7",0.0103774029886503,1,0.693137694782486,1.40649421403091,0.231,0.107,"reference_DPallm_only",0.00716744883291823,1,0.60049855752186,1.43472940214936,0.226,0.102,"all_D01_D06","protein_coding",TRUE,"D01",0.231,0.124
"Tmem237",0.0148478625052653,1,0.754339681301982,1.39694035404693,0.192,0.08,"reference_DPallm_only",0.0222212518056656,1,0.752855323920864,1.22873921868963,0.189,0.087,"all_D01_D06","protein_coding",TRUE,"D01",0.192,0.112
"Tdrd3",0.0179309120245315,1,0.767853957702963,1.39024900099065,0.25,0.143,"reference_DPallm_only",0.0126361548804792,1,0.687181577850573,1.3516725941551,0.245,0.134,"all_D01_D06","protein_coding",TRUE,"D01",0.25,0.107
"Pdpr",0.0214700480604287,1,0.787036368575225,1.38653559730649,0.183,0.08,"reference_DPallm_only",0.0173564683202354,1,0.717008683107669,1.40195002152144,0.179,0.079,"all_D01_D06","protein_coding",TRUE,"D01",0.183,0.103
"Prkcg",0.00282927722766066,1,0.519765239991191,1.38146036646332,0.279,0.125,"reference_DPallm_only",0.00290051037741288,1,0.449858982307344,1.31525929817604,0.283,0.134,"all_D01_D06","protein_coding",TRUE,"D01",0.279,0.154
"Lcmt1",0.0151570134384896,1,0.756565216929359,1.38065924838043,0.24,0.125,"reference_DPallm_only",0.0484766768629444,1,0.752855323920864,0.711792695368985,0.236,0.142,"all_D01_D06","protein_coding",TRUE,"D01",0.24,0.115
"Tax1bp3",0.0470798332313802,1,0.787036368575225,1.37605888486469,0.115,0.045,"reference_DPallm_only",0.0338304096063167,1,0.752855323920864,1.21434162714032,0.123,0.047,"all_D01_D06","protein_coding",TRUE,"D01",0.115,0.07
"Bace1",0.022528722975059,1,0.787036368575225,1.36414061469962,0.202,0.098,"reference_DPallm_only",0.0167589926475283,1,0.708889351676909,1.38871341961017,0.198,0.094,"all_D01_D06","protein_coding",TRUE,"D01",0.202,0.104
"Endod1",0.0207275704149615,1,0.787036368575225,1.3458123471816,0.106,0.027,"reference_DPallm_only",0.0116244936742242,1,0.687181577850573,1.49966137547405,0.104,0.024,"all_D01_D06","protein_coding",TRUE,"D01",0.106,0.079
"Prickle1",1.93647773019466e-08,0.000342388627475718,3.80410291887128e-05,1.3440650087807,0.75,0.446,"reference_DPallm_only",2.0248496346358e-09,3.58013663899955e-05,5.1144809128565e-06,1.36518096988712,0.755,0.433,"all_D01_D06","protein_coding",TRUE,"D01",0.75,0.304
"Tamm41",0.0264602623936286,1,0.787036368575225,1.34401175028158,0.115,0.036,"reference_DPallm_only",0.0191821887380626,1,0.752855323920864,1.34767607954198,0.123,0.039,"all_D01_D06","protein_coding",TRUE,"D01",0.115,0.079
"Strap",0.0428981875358026,1,0.787036368575225,1.34290823114051,0.106,0.036,"reference_DPallm_only",0.0251585739287447,1,0.752855323920864,1.49675725943296,0.104,0.031,"all_D01_D06","protein_coding",TRUE,"D01",0.106,0.07
"Nin",4.26855935509566e-08,0.000754723979574463,7.54681293980912e-05,1.34188362319507,0.74,0.509,"reference_DPallm_only",7.21022601103277e-09,0.00012748400610107,1.41648895667856e-05,1.39676185006559,0.736,0.48,"all_D01_D06","protein_coding",TRUE,"D01",0.74,0.231
"Ercc3",0.0201726078860417,1,0.780419491083626,1.33756374579374,0.106,0.027,"reference_DPallm_only",0.0270060073091194,1,0.752855323920864,1.24695302246554,0.104,0.031,"all_D01_D06","protein_coding",TRUE,"D01",0.106,0.079
"Pdhb",0.0380268599486103,1,0.787036368575225,1.3042495106384,0.192,0.098,"reference_DPallm_only",0.0284976516862178,1,0.752855323920864,1.33514893084344,0.189,0.094,"all_D01_D06","protein_coding",TRUE,"D01",0.192,0.094
"Nfe2l3",0.0183674316899868,1,0.767853957702963,1.30396064428145,0.212,0.098,"reference_DPallm_only",0.0138184380391725,1,0.687181577850573,1.30778210504079,0.208,0.094,"all_D01_D06","protein_coding",TRUE,"D01",0.212,0.114
"Fut11",0.0107391582718862,1,0.699271666111773,1.2952204771695,0.212,0.089,"reference_DPallm_only",0.00416245708621121,1,0.521960310221988,1.44906950546196,0.208,0.079,"all_D01_D06","protein_coding",TRUE,"D01",0.212,0.123
"Zfp365",0.0460391738698565,1,0.787036368575225,1.29206381382919,0.106,0.036,"reference_DPallm_only",0.0270060073091194,1,0.752855323920864,1.44591284212164,0.104,0.031,"all_D01_D06","protein_coding",TRUE,"D01",0.106,0.07
"Eya4",0.0034729042400449,1,0.568527286703646,1.28477964518312,0.26,0.107,"reference_DPallm_only",0.0350657026190792,1,0.752855323920864,0.762495186587141,0.255,0.142,"all_D01_D06","protein_coding",TRUE,"D01",0.26,0.153
"Map2k1",0.00772497437367831,1,0.691899452328666,1.28135261015992,0.288,0.152,"reference_DPallm_only",0.00229415057296928,1,0.437605264638351,1.40229360468071,0.292,0.142,"all_D01_D06","protein_coding",TRUE,"D01",0.288,0.136
"Ppfia4",0.00895265541108817,1,0.691899452328666,1.26075638996587,0.269,0.134,"reference_DPallm_only",0.0085322254159301,1,0.634026019881003,1.22216627406555,0.264,0.134,"all_D01_D06","protein_coding",TRUE,"D01",0.269,0.135
"Spire2",0.0055938776254539,1,0.637985529361486,1.25614974422649,0.202,0.071,"reference_DPallm_only",0.02654734950584,1,0.752855323920864,0.913289418818561,0.198,0.094,"all_D01_D06","protein_coding",TRUE,"D01",0.202,0.131
"Ccdc141",0.0183547764954046,1,0.767853957702963,1.25216698004968,0.231,0.116,"reference_DPallm_only",0.0132378631833951,1,0.687181577850573,1.20712172620523,0.226,0.11,"all_D01_D06","protein_coding",TRUE,"D01",0.231,0.115
"Neu1",0.0204484471446808,1,0.784226779865414,1.25153626342473,0.106,0.027,"reference_DPallm_only",0.0114687651238228,1,0.687181577850573,1.40538529171718,0.104,0.024,"all_D01_D06","protein_coding",TRUE,"D01",0.106,0.079
"Afg3l2",0.0078037930213749,1,0.691899452328666,1.25108023502399,0.24,0.107,"reference_DPallm_only",0.00537350440560615,1,0.562183026009008,1.26510851479549,0.236,0.102,"all_D01_D06","protein_coding",TRUE,"D01",0.24,0.133
"Spsb1",0.0274545791177553,1,0.787036368575225,1.24703311465211,0.115,0.036,"reference_DPallm_only",0.015156460747546,1,0.690775439022005,1.40088214294457,0.113,0.031,"all_D01_D06","protein_coding",TRUE,"D01",0.115,0.079
"Anks3",0.0116378463756714,1,0.714434458062051,1.22415867336556,0.25,0.125,"reference_DPallm_only",0.0172489747147158,1,0.715913431762654,1.10424114135403,0.245,0.134,"all_D01_D06","protein_coding",TRUE,"D01",0.25,0.125
"Ddx1",0.0172533387560044,1,0.760695833431816,1.22174187334401,0.288,0.17,"reference_DPallm_only",0.0099268601014275,1,0.672478212464903,1.27216428601585,0.283,0.157,"all_D01_D06","protein_coding",TRUE,"D01",0.288,0.118
"Zfp521",1.5955434129564e-05,0.282108030844821,0.0108496952081035,1.21976970511339,0.625,0.384,"reference_DPallm_only",6.5070907659931e-05,1,0.038350623944508,1.03408160332556,0.613,0.386,"all_D01_D06","protein_coding",TRUE,"D01",0.625,0.241
"Baz1a",0.0224130138449802,1,0.787036368575225,1.2187862340283,0.212,0.098,"reference_DPallm_only",0.00911664208570975,1,0.639648209196167,1.37263526232076,0.208,0.087,"all_D01_D06","protein_coding",TRUE,"D01",0.212,0.114
"Neto2",8.54979940128782e-05,1,0.0503868178049229,1.21385814940732,0.567,0.357,"reference_DPallm_only",1.76349559911653e-05,0.311803656879793,0.0119924483415305,1.24101303580448,0.566,0.331,"all_D01_D06","protein_coding",TRUE,"D01",0.567,0.21
"Xpa",0.0145722163884423,1,0.748944144615289,1.20929756344718,0.24,0.116,"reference_DPallm_only",0.00975334481364976,1,0.671007352724286,1.23025693147697,0.236,0.11,"all_D01_D06","protein_coding",TRUE,"D01",0.24,0.124
"Brix1",0.0290054183778355,1,0.787036368575225,1.20792202144066,0.154,0.062,"reference_DPallm_only",0.0487235263356458,1,0.752855323920864,1.02912255543319,0.151,0.071,"all_D01_D06","protein_coding",TRUE,"D01",0.154,0.092
"Ccnt2",0.00310004035833183,1,0.532877080120838,1.20283882745303,0.308,0.152,"reference_DPallm_only",0.000959731268791394,1,0.25710619035607,1.27885106157976,0.311,0.142,"all_D01_D06","protein_coding",TRUE,"D01",0.308,0.156
"6030458C11Rik",0.0396544220578454,1,0.787036368575225,1.19762332268203,0.183,0.089,"reference_DPallm_only",0.0185104918363471,1,0.743827286723755,1.35147235097448,0.179,0.079,"all_D01_D06","protein_coding",TRUE,"D01",0.183,0.094
"Nudt19",0.0284469060077447,1,0.787036368575225,1.1918733011777,0.125,0.045,"reference_DPallm_only",0.0154321756921946,1,0.690775439022005,1.34572232947015,0.123,0.039,"all_D01_D06","protein_coding",TRUE,"D01",0.125,0.08
"Elmo1",4.66072498182706e-06,0.0824062784036843,0.00392388655612869,1.1877680019699,0.615,0.348,"reference_DPallm_only",9.39316267801528e-06,0.166080509309988,0.00722089170912992,1.09871201581756,0.604,0.346,"all_D01_D06","protein_coding",TRUE,"D01",0.615,0.267
"Tut7",0.0100559256164782,1,0.691899452328666,1.18575819829882,0.279,0.143,"reference_DPallm_only",0.00503906457831312,1,0.551547944015496,1.26131790649562,0.283,0.142,"all_D01_D06","protein_coding",TRUE,"D01",0.279,0.136
"Gxylt2",0.0261993040840093,1,0.787036368575225,1.18266240118971,0.144,0.054,"reference_DPallm_only",0.0131644542052244,1,0.687181577850573,1.33651142948217,0.142,0.047,"all_D01_D06","protein_coding",TRUE,"D01",0.144,0.09
"Vstm2b",0.0389489856182777,1,0.787036368575225,1.18120855505288,0.135,0.054,"reference_DPallm_only",0.0207803993341628,1,0.752855323920864,1.33505758334533,0.132,0.047,"all_D01_D06","protein_coding",TRUE,"D01",0.135,0.081
"Mindy3",0.0187147198366372,1,0.767853957702963,1.17465392167421,0.212,0.098,"reference_DPallm_only",0.0246574974523217,1,0.752855323920864,1.03667332894798,0.208,0.102,"all_D01_D06","protein_coding",TRUE,"D01",0.212,0.114
"Lmo7",0.00501737447866032,1,0.637985529361486,1.14477824611121,0.404,0.259,"reference_DPallm_only",0.00161371005207027,1,0.355594233271565,1.22105701656704,0.406,0.244,"all_D01_D06","protein_coding",TRUE,"D01",0.404,0.145
"Ap4e1",0.00648928549827092,1,0.65999842828182,1.14005083214501,0.279,0.134,"reference_DPallm_only",0.00716903084546468,1,0.60049855752186,1.06223520447466,0.274,0.134,"all_D01_D06","protein_coding",TRUE,"D01",0.279,0.145
"Tbc1d4",0.0175603372963584,1,0.767853957702963,1.13604409121617,0.202,0.089,"reference_DPallm_only",0.00725257508388414,1,0.60049855752186,1.28989311950863,0.198,0.079,"all_D01_D06","protein_coding",TRUE,"D01",0.202,0.113
"Sox5",2.71053820439332e-13,4.79250259918783e-09,1.68389989146843e-09,1.13188395458059,0.981,0.812,"reference_DPallm_only",2.00378987939569e-14,3.54290088575952e-10,1.77145044287976e-10,1.14659643415372,0.981,0.811,"all_D01_D06","protein_coding",TRUE,"D01",0.981,0.169
"Syt6",0.00833273396178169,1,0.691899452328666,1.12309429969917,0.269,0.125,"reference_DPallm_only",0.00493595036064757,1,0.548883888846601,1.17665188102599,0.264,0.118,"all_D01_D06","protein_coding",TRUE,"D01",0.269,0.144
"Snapc3",0.0253521006418904,1,0.787036368575225,1.11993574989209,0.308,0.205,"reference_DPallm_only",0.0342434578662794,1,0.752855323920864,0.950652794929356,0.302,0.205,"all_D01_D06","protein_coding",TRUE,"D01",0.308,0.103
"Nxph3",0.00645807164462376,1,0.65999842828182,1.11035461016879,0.25,0.107,"reference_DPallm_only",0.00409027019237655,1,0.521960310221988,1.16159062798564,0.245,0.102,"all_D01_D06","protein_coding",TRUE,"D01",0.25,0.143
"Abcb10",0.0475187124878261,1,0.787036368575225,1.10942223471618,0.192,0.098,"reference_DPallm_only",0.0394089941400263,1,0.752855323920864,1.02256499454117,0.189,0.094,"all_D01_D06","protein_coding",TRUE,"D01",0.192,0.094
"Ndrg4",0.0308636241011433,1,0.787036368575225,1.07836382271633,0.231,0.125,"reference_DPallm_only",0.0124704791672244,1,0.687181577850573,1.23221285100879,0.226,0.11,"all_D01_D06","protein_coding",TRUE,"D01",0.231,0.106
"Nap1l5",0.0177983925190294,1,0.767853957702963,1.07771263399689,0.317,0.196,"reference_DPallm_only",0.0151160030827443,1,0.690775439022005,1.07525845778727,0.311,0.189,"all_D01_D06","protein_coding",TRUE,"D01",0.317,0.121
"Slc12a5",0.0286187255491078,1,0.787036368575225,1.0766663487184,0.221,0.116,"reference_DPallm_only",0.0210539145913274,1,0.752855323920864,1.09875172278415,0.217,0.11,"all_D01_D06","protein_coding",TRUE,"D01",0.221,0.105
"Prep",0.0432840342039619,1,0.787036368575225,1.07620297741785,0.192,0.098,"reference_DPallm_only",0.0363929467542026,1,0.752855323920864,1.01590539761705,0.189,0.094,"all_D01_D06","protein_coding",TRUE,"D01",0.192,0.094
"Vsnl1",0.0449669874521413,1,0.787036368575225,1.07505126301902,0.279,0.188,"reference_DPallm_only",0.027141602580488,1,0.752855323920864,1.13413143037877,0.274,0.173,"all_D01_D06","protein_coding",TRUE,"D01",0.279,0.091
"Dpp10",2.8572961959306e-13,5.05198540402489e-09,1.68389989146843e-09,1.07323267086937,0.952,0.804,"reference_DPallm_only",9.91981409139875e-14,1.75392232950021e-09,5.84640776500071e-10,1.08597491444368,0.953,0.787,"all_D01_D06","protein_coding",TRUE,"D01",0.952,0.148
"Pla2g4e",0.0220981568444585,1,0.787036368575225,1.06666579506025,0.231,0.116,"reference_DPallm_only",0.00859881475180554,1,0.634026019881003,1.2205148233527,0.226,0.102,"all_D01_D06","protein_coding",TRUE,"D01",0.231,0.115
"Brwd3",0.00458952025715153,1,0.637985529361486,1.06338011741609,0.327,0.152,"reference_DPallm_only",0.00113447524412083,1,0.290705170888413,1.21722914570855,0.321,0.134,"all_D01_D06","protein_coding",TRUE,"D01",0.327,0.175
"Igf2bp1",0.00449162871420147,1,0.637985529361486,1.05749174317642,0.356,0.196,"reference_DPallm_only",0.00230175270693777,1,0.437605264638351,1.02869716180846,0.358,0.189,"all_D01_D06","protein_coding",TRUE,"D01",0.356,0.16
"Sned1",0.0369111298604098,1,0.787036368575225,1.05532280429318,0.183,0.089,"reference_DPallm_only",0.0171968561458628,1,0.715429678858823,1.20917183258563,0.179,0.079,"all_D01_D06","protein_coding",TRUE,"D01",0.183,0.094
"Dph6",0.0104302418243643,1,0.693137694782486,1.054521767082,0.288,0.152,"reference_DPallm_only",0.015490584995152,1,0.691638972977985,0.961926727526298,0.283,0.157,"all_D01_D06","protein_coding",TRUE,"D01",0.288,0.136
"Ndrg3",0.000267201154053242,1,0.11664582758421,1.0507208614953,0.452,0.232,"reference_DPallm_only",0.00221218329410186,1,0.437605264638351,0.802451057006407,0.443,0.26,"all_D01_D06","protein_coding",TRUE,"D01",0.452,0.22
"Pdzd2",3.12449625143035e-07,0.005524421822154,0.00036827395816859,1.04196850357826,0.779,0.562,"reference_DPallm_only",1.20926462712035e-07,0.00213810078721149,0.00015272148480082,1.01113165824881,0.783,0.551,"all_D01_D06","protein_coding",TRUE,"D01",0.779,0.217
"Zfp560",0.0499462850028474,1,0.787036368575225,1.04045716448149,0.106,0.036,"reference_DPallm_only",0.0293082941582054,1,0.752855323920864,1.19430619277395,0.104,0.031,"all_D01_D06","protein_coding",TRUE,"D01",0.106,0.07
"Lypd6",0.0118285152749832,1,0.718722666995666,1.03732678310103,0.26,0.125,"reference_DPallm_only",0.00685046372993299,1,0.60049855752186,1.1188698827884,0.255,0.118,"all_D01_D06","protein_coding",TRUE,"D01",0.26,0.135
"Zfp334",0.0291940088020296,1,0.787036368575225,1.03491961106294,0.144,0.054,"reference_DPallm_only",0.0167225660787765,1,0.708889351676909,1.19319458780795,0.151,0.055,"all_D01_D06","protein_coding",TRUE,"D01",0.144,0.09
"Dusp7",0.0359248551315826,1,0.787036368575225,1.03332747581217,0.183,0.089,"reference_DPallm_only",0.0288880670677517,1,0.752855323920864,1.06866257487508,0.179,0.087,"all_D01_D06","protein_coding",TRUE,"D01",0.183,0.094
"Rgmb",0.014945761807108,1,0.754974482141915,1.03227455191452,0.221,0.098,"reference_DPallm_only",0.0110749776644503,1,0.687181577850573,1.05623992488067,0.217,0.094,"all_D01_D06","protein_coding",TRUE,"D01",0.221,0.123
"Galnt1",0.0085176550525246,1,0.691899452328666,1.0269448649049,0.298,0.161,"reference_DPallm_only",0.00838903417796392,1,0.630868670031596,0.946036153733149,0.302,0.165,"all_D01_D06","protein_coding",TRUE,"D01",0.298,0.137
"Ctsb",0.0109381182591482,1,0.70322156662451,1.02675833566468,0.298,0.161,"reference_DPallm_only",0.0246712133263849,1,0.752855323920864,0.838157451660764,0.292,0.173,"all_D01_D06","protein_coding",TRUE,"D01",0.298,0.137
"Hexa",0.0322174387209061,1,0.787036368575225,1.0205965114385,0.221,0.116,"reference_DPallm_only",0.0378190901630815,1,0.752855323920864,0.913882241633197,0.217,0.118,"all_D01_D06","protein_coding",TRUE,"D01",0.221,0.105
"Cenpc1",0.00450287376992209,1,0.637985529361486,1.01907113336044,0.327,0.17,"reference_DPallm_only",0.00705505860471621,1,0.60049855752186,0.908636488828479,0.321,0.173,"all_D01_D06","protein_coding",TRUE,"D01",0.327,0.157
"Col4a3bp",0.00210690595996571,1,0.463340041582307,1.018526339443,0.375,0.196,"reference_DPallm_only",0.00235339645362346,1,0.438902693252547,0.984941463208814,0.368,0.197,"all_D01_D06","protein_coding",TRUE,"D01",0.375,0.179
"Orc6",0.0329315564137622,1,0.787036368575225,1.00887547621307,0.212,0.107,"reference_DPallm_only",0.0246574974523217,1,0.752855323920864,1.01921468208142,0.208,0.102,"all_D01_D06","protein_coding",TRUE,"D01",0.212,0.105
"Ewsr1",0.00707556831430231,1,0.691899452328666,1.00406880360788,0.365,0.214,"reference_DPallm_only",0.0230779913433642,1,0.752855323920864,0.715266965522535,0.368,0.236,"all_D01_D06","protein_coding",TRUE,"D01",0.365,0.151
"Wdr26",0.000629153613100045,1,0.209876148671864,1.00348021636764,0.5,0.304,"reference_DPallm_only",0.00486295431339855,1,0.547655383536304,0.762286958183898,0.491,0.331,"all_D01_D06","protein_coding",TRUE,"D01",0.5,0.196
"Aars",0.00788109507709139,1,0.691899452328666,0.99875466281578,0.24,0.107,"reference_DPallm_only",0.00573594474102194,1,0.572978751220389,0.899273799168588,0.236,0.102,"all_D01_D06","protein_coding",TRUE,"D01",0.24,0.133
"Ocrl",0.0186302018688545,1,0.767853957702963,0.998045960595996,0.26,0.134,"reference_DPallm_only",0.0345781401558857,1,0.752855323920864,0.796080208226616,0.255,0.142,"all_D01_D06","protein_coding",TRUE,"D01",0.26,0.126
"Gps1",0.0356041505565959,1,0.787036368575225,0.996453253058023,0.221,0.116,"reference_DPallm_only",0.0160611944083619,1,0.702915787956056,1.07824914756664,0.226,0.11,"all_D01_D06","protein_coding",TRUE,"D01",0.221,0.105
"Tmem258",0.0420805473942452,1,0.787036368575225,0.987121433387884,0.25,0.143,"reference_DPallm_only",0.0402849960049592,1,0.752855323920864,0.978088083982943,0.245,0.142,"all_D01_D06","protein_coding",TRUE,"D01",0.25,0.107
"Rhot1",0.00982691900190193,1,0.691899452328666,0.982605666552243,0.346,0.214,"reference_DPallm_only",0.00760108827422031,1,0.603689635519892,0.901371618377634,0.349,0.213,"all_D01_D06","protein_coding",TRUE,"D01",0.346,0.132
"Ece1",0.0478925395159122,1,0.787036368575225,0.977061005294182,0.221,0.125,"reference_DPallm_only",0.0381242005758621,1,0.752855323920864,0.945004166065497,0.226,0.126,"all_D01_D06","protein_coding",TRUE,"D01",0.221,0.096
"Cd47",0.0137989738528719,1,0.735174689517033,0.972180142425901,0.346,0.205,"reference_DPallm_only",0.00686863418939799,1,0.60049855752186,0.885567808973652,0.349,0.197,"all_D01_D06","protein_coding",TRUE,"D01",0.346,0.141
"Maml2",7.88964919084559e-05,1,0.0480996543772931,0.971149530858246,0.74,0.589,"reference_DPallm_only",0.000206413238270857,1,0.0881305227515697,0.886526871553211,0.736,0.591,"all_D01_D06","protein_coding",TRUE,"D01",0.74,0.151
"Rgs8",0.0181959127538851,1,0.767853957702963,0.96639367581212,0.212,0.098,"reference_DPallm_only",0.00736041663560986,1,0.60049855752186,1.12024270410458,0.208,0.087,"all_D01_D06","protein_coding",TRUE,"D01",0.212,0.114
"Bcar1",0.0217254875447752,1,0.787036368575225,0.956132971025273,0.26,0.143,"reference_DPallm_only",0.0387202282946289,1,0.752855323920864,0.75109705720798,0.264,0.157,"all_D01_D06","protein_coding",TRUE,"D01",0.26,0.117
"Necab1",0.0163578216092888,1,0.756565216929359,0.955687049469813,0.385,0.25,"reference_DPallm_only",0.00414737780095892,1,0.521960310221988,1.10953607776227,0.377,0.22,"all_D01_D06","protein_coding",TRUE,"D01",0.385,0.135
"Ubxn7",0.00902841213000698,1,0.691899452328666,0.953111282842844,0.356,0.196,"reference_DPallm_only",0.00254428783099274,1,0.442268141607661,1.04496982882841,0.358,0.181,"all_D01_D06","protein_coding",TRUE,"D01",0.356,0.16
"Cab39",0.0429888948166044,1,0.787036368575225,0.949778181986015,0.288,0.188,"reference_DPallm_only",0.0156983201058069,1,0.69739195424817,1.10362721027847,0.283,0.165,"all_D01_D06","protein_coding",TRUE,"D01",0.288,0.1
"Tomm70a",0.00171702766380247,1,0.421625681889274,0.940958596309612,0.442,0.268,"reference_DPallm_only",0.00164094783478906,1,0.355594233271565,0.925273504968222,0.434,0.26,"all_D01_D06","protein_coding",TRUE,"D01",0.442,0.174
"Mmp15",0.0306302191551073,1,0.787036368575225,0.938701809138818,0.221,0.116,"reference_DPallm_only",0.0407101951088064,1,0.752855323920864,0.409621945130403,0.217,0.118,"all_D01_D06","protein_coding",TRUE,"D01",0.221,0.105
"Sulf2",0.0144315273625123,1,0.746569462414516,0.938632584673108,0.337,0.196,"reference_DPallm_only",0.0135231676811452,1,0.687181577850573,0.939889406100246,0.33,0.197,"all_D01_D06","protein_coding",TRUE,"D01",0.337,0.141
"B3galnt2",0.0288819796933087,1,0.787036368575225,0.9382656869706,0.231,0.125,"reference_DPallm_only",0.00702797048992848,1,0.60049855752186,1.14932324160856,0.236,0.11,"all_D01_D06","protein_coding",TRUE,"D01",0.231,0.106
"Kif13a",0.00331379055929144,1,0.548185524002171,0.937862101788623,0.346,0.179,"reference_DPallm_only",0.0153181062191642,1,0.690775439022005,0.524478752539658,0.34,0.197,"all_D01_D06","protein_coding",TRUE,"D01",0.346,0.167
"Adgrv1",0.0480942980549313,1,0.787036368575225,0.936288552733856,0.462,0.384,"reference_DPallm_only",0.0280591575897677,1,0.752855323920864,0.909060259621074,0.462,0.37,"all_D01_D06","protein_coding",TRUE,"D01",0.462,0.078
"3300002I08Rik",0.0081204844792781,1,0.691899452328666,0.93368668976442,0.221,0.089,"reference_DPallm_only",0.00296416383691611,1,0.455733746091423,1.08753571805688,0.217,0.079,"all_D01_D06","protein_coding",TRUE,"D01",0.221,0.132
"Otof",0.0308505961020526,1,0.787036368575225,0.930560214393967,0.154,0.062,"reference_DPallm_only",0.00894984626512722,1,0.635510971139415,1.16475181436146,0.16,0.055,"all_D01_D06","protein_coding",TRUE,"D01",0.154,0.092
"Btbd1",0.0262993920601404,1,0.787036368575225,0.92584177889004,0.317,0.196,"reference_DPallm_only",0.0143085641080437,1,0.687181577850573,0.971078643201795,0.311,0.181,"all_D01_D06","protein_coding",TRUE,"D01",0.317,0.121
"Msl1",0.0154417222124178,1,0.756565216929359,0.924457619156349,0.308,0.17,"reference_DPallm_only",0.0267716677697184,1,0.752855323920864,0.817134076755881,0.311,0.189,"all_D01_D06","protein_coding",TRUE,"D01",0.308,0.138
"Bcl2",0.0165140742085827,1,0.756565216929359,0.924327284777836,0.385,0.259,"reference_DPallm_only",0.0119844934446023,1,0.687181577850573,0.906851187781832,0.396,0.268,"all_D01_D06","protein_coding",TRUE,"D01",0.385,0.126
"Ppme1",0.0074635575485849,1,0.691899452328666,0.921653873150842,0.337,0.188,"reference_DPallm_only",0.0209010241403872,1,0.752855323920864,0.744777962525333,0.34,0.213,"all_D01_D06","protein_coding",TRUE,"D01",0.337,0.149
"Sulf1",0.0138037655822706,1,0.735174689517033,0.920061708651067,0.404,0.268,"reference_DPallm_only",0.0120224454491811,1,0.687181577850573,0.883503256329817,0.406,0.268,"all_D01_D06","protein_coding",TRUE,"D01",0.404,0.136
"Tagln2",0.0450634249220728,1,0.787036368575225,0.917822648490584,0.135,0.054,"reference_DPallm_only",0.0240888835331903,1,0.752855323920864,1.07167167678304,0.132,0.047,"all_D01_D06","protein_coding",TRUE,"D01",0.135,0.081
"Atg12",0.0370197009991828,1,0.787036368575225,0.913830171712888,0.365,0.259,"reference_DPallm_only",0.0219352111636586,1,0.752855323920864,0.983771693862654,0.358,0.244,"all_D01_D06","protein_coding",TRUE,"D01",0.365,0.106
"Rimbp2",0.0318044171331733,1,0.787036368575225,0.911429633937082,0.365,0.268,"reference_DPallm_only",0.0208003689345348,1,0.752855323920864,0.899890333123809,0.368,0.26,"all_D01_D06","protein_coding",TRUE,"D01",0.365,0.097
"Qser1",0.00310443095319266,1,0.532877080120838,0.902999118189784,0.365,0.196,"reference_DPallm_only",0.000885714536350692,1,0.240927980264871,0.975606129295041,0.377,0.189,"all_D01_D06","protein_coding",TRUE,"D01",0.365,0.169
"Lonp2",0.021880152227882,1,0.787036368575225,0.901438466430969,0.298,0.17,"reference_DPallm_only",0.012147393017312,1,0.687181577850573,0.922052003472196,0.311,0.173,"all_D01_D06","protein_coding",TRUE,"D01",0.298,0.128
"Pcmt1",0.0392241488403143,1,0.787036368575225,0.896906662047237,0.308,0.196,"reference_DPallm_only",0.0326064359946354,1,0.752855323920864,0.768098460430684,0.302,0.189,"all_D01_D06","protein_coding",TRUE,"D01",0.308,0.112
"Adcy1",0.000562514883441764,1,0.1912550603702,0.892218928505662,0.606,0.438,"reference_DPallm_only",0.000335326833606703,1,0.120873215367195,0.910536334589262,0.604,0.425,"all_D01_D06","protein_coding",TRUE,"D01",0.606,0.168
"Klhl3",0.0229013185607343,1,0.787036368575225,0.891167655644563,0.308,0.188,"reference_DPallm_only",0.0131298327950302,1,0.687181577850573,0.923462171430625,0.302,0.173,"all_D01_D06","protein_coding",TRUE,"D01",0.308,0.12
"Gadl1",0.0400114830458431,1,0.787036368575225,0.890640599435223,0.173,0.08,"reference_DPallm_only",0.019077540385539,1,0.752855323920864,1.04448962772768,0.17,0.071,"all_D01_D06","protein_coding",TRUE,"D01",0.173,0.093
"Dnajb6",0.0229649170502963,1,0.787036368575225,0.868522141552004,0.404,0.268,"reference_DPallm_only",0.0305003875018961,1,0.752855323920864,0.786453100516114,0.396,0.268,"all_D01_D06","protein_coding",TRUE,"D01",0.404,0.136
"Clasrp",0.00195693095369017,1,0.450141010367085,0.862891734985247,0.442,0.25,"reference_DPallm_only",0.0192039815895554,1,0.752855323920864,0.570730152394701,0.434,0.283,"all_D01_D06","protein_coding",TRUE,"D01",0.442,0.192
"Zfp385b",0.00298307703283352,1,0.527408019404966,0.858531703357766,0.587,0.393,"reference_DPallm_only",0.00403282907863648,1,0.521960310221988,0.805307056052277,0.585,0.402,"all_D01_D06","protein_coding",TRUE,"D01",0.587,0.194
"Brinp2",0.018188109266475,1,0.767853957702963,0.850688339190982,0.365,0.241,"reference_DPallm_only",0.018821839700267,1,0.751216586321492,0.82861452649685,0.358,0.236,"all_D01_D06","protein_coding",TRUE,"D01",0.365,0.124
"Ap3b2",0.00174836993643471,1,0.423440828440625,0.833461997370964,0.404,0.196,"reference_DPallm_only",0.00180438884656784,1,0.370969758094953,0.73663514471317,0.396,0.197,"all_D01_D06","protein_coding",TRUE,"D01",0.404,0.208
"Ino80d",0.0376924043983319,1,0.787036368575225,0.826230450967386,0.337,0.223,"reference_DPallm_only",0.0332470494801137,1,0.752855323920864,0.828229503111979,0.34,0.228,"all_D01_D06","protein_coding",TRUE,"D01",0.337,0.114
"Adamts3",0.0111531299436256,1,0.711867644055237,0.820030391042996,0.471,0.33,"reference_DPallm_only",0.0106492569145317,1,0.687181577850573,0.796235289580322,0.472,0.331,"all_D01_D06","protein_coding",TRUE,"D01",0.471,0.141
"U2surp",0.0181159415711234,1,0.767853957702963,0.816118947152503,0.413,0.286,"reference_DPallm_only",0.0301833556879097,1,0.752855323920864,0.729613905525241,0.415,0.299,"all_D01_D06","protein_coding",TRUE,"D01",0.413,0.127
"Safb2",0.0217369894977075,1,0.787036368575225,0.814438865083099,0.423,0.286,"reference_DPallm_only",0.0165105634976649,1,0.705128679232399,0.827462708184201,0.425,0.283,"all_D01_D06","protein_coding",TRUE,"D01",0.423,0.137
"N4bp2l2",0.00929112848329499,1,0.691899452328666,0.809712286818372,0.404,0.25,"reference_DPallm_only",0.021862467890596,1,0.752855323920864,0.656545607776011,0.396,0.26,"all_D01_D06","protein_coding",TRUE,"D01",0.404,0.154
"Atp6v1a",0.0151799192271126,1,0.756565216929359,0.804808441774772,0.26,0.125,"reference_DPallm_only",0.00534911537582991,1,0.562183026009008,0.97756151171852,0.264,0.118,"all_D01_D06","protein_coding",TRUE,"D01",0.26,0.135
"St3gal1",0.0111389361296572,1,0.711867644055237,0.804041543075557,0.413,0.268,"reference_DPallm_only",0.0114388077584025,1,0.687181577850573,0.763297163524709,0.406,0.26,"all_D01_D06","protein_coding",TRUE,"D01",0.413,0.145
"Rbm17",0.00863734258838824,1,0.691899452328666,0.800707462867331,0.288,0.134,"reference_DPallm_only",0.00910299256544998,1,0.639648209196167,0.740123334273346,0.292,0.142,"all_D01_D06","protein_coding",TRUE,"D01",0.288,0.154
"Kras",0.0409728639098613,1,0.787036368575225,0.798044586339603,0.26,0.152,"reference_DPallm_only",0.00942458587438604,1,0.653474913117724,1.05290137893027,0.264,0.134,"all_D01_D06","protein_coding",TRUE,"D01",0.26,0.108
"G2e3",0.0338247426680033,1,0.787036368575225,0.798018623413125,0.308,0.188,"reference_DPallm_only",0.0120129373584308,1,0.687181577850573,0.688290733990089,0.311,0.173,"all_D01_D06","protein_coding",TRUE,"D01",0.308,0.12
"Cherp",0.0471198659853612,1,0.787036368575225,0.787975195005194,0.192,0.098,"reference_DPallm_only",0.0216481898447979,1,0.752855323920864,0.941824223297649,0.189,0.087,"all_D01_D06","protein_coding",TRUE,"D01",0.192,0.094
"Ephb1",5.54822545640275e-06,0.098098174294657,0.00426489678561742,0.778606033294561,0.837,0.723,"reference_DPallm_only",3.69018075501808e-06,0.0652460859294747,0.00296573117861249,0.765499960293396,0.84,0.74,"all_D01_D06","protein_coding",TRUE,"D01",0.837,0.114
"Asxl2",0.0282887680031415,1,0.787036368575225,0.778248671747287,0.365,0.232,"reference_DPallm_only",0.0425378003135703,1,0.752855323920864,0.683044971855728,0.358,0.236,"all_D01_D06","protein_coding",TRUE,"D01",0.365,0.133
"Spock1",0.000460243829152162,1,0.169523143737713,0.777266373753067,0.731,0.589,"reference_DPallm_only",0.000314155026173112,1,0.118182447186528,0.792077385765161,0.726,0.591,"all_D01_D06","protein_coding",TRUE,"D01",0.731,0.142
"Syngap1",0.0331203205484929,1,0.787036368575225,0.776231399638166,0.337,0.223,"reference_DPallm_only",0.0138162696159456,1,0.687181577850573,0.866682150742137,0.34,0.213,"all_D01_D06","protein_coding",TRUE,"D01",0.337,0.114
"Ran",0.0327952095324362,1,0.787036368575225,0.772247925312969,0.423,0.312,"reference_DPallm_only",0.0457693542435534,1,0.752855323920864,0.714924728891507,0.415,0.315,"all_D01_D06","protein_coding",TRUE,"D01",0.423,0.111
"Nxn",0.00736964181729313,1,0.691899452328666,0.77105662963074,0.51,0.357,"reference_DPallm_only",0.0238887027687369,1,0.752855323920864,0.594273643400787,0.509,0.378,"all_D01_D06","protein_coding",TRUE,"D01",0.51,0.153
"Chd7",0.00884375573910587,1,0.691899452328666,0.768366719326269,0.538,0.366,"reference_DPallm_only",0.00474062137445133,1,0.540767267881767,0.80942436867818,0.528,0.346,"all_D01_D06","protein_coding",TRUE,"D01",0.538,0.172
"Ano4",0.00891834754520021,1,0.691899452328666,0.765468942588853,0.519,0.375,"reference_DPallm_only",0.00238096789958748,1,0.438902693252547,0.847654588827797,0.528,0.362,"all_D01_D06","protein_coding",TRUE,"D01",0.519,0.144
"Nfia",1.56794765382059e-07,0.00277228824672018,0.0002132408809196,0.762013148507073,0.923,0.786,"reference_DPallm_only",1.08116973264441e-06,0.0191161620428858,0.00119476012768036,0.646973713242889,0.915,0.803,"all_D01_D06","protein_coding",TRUE,"D01",0.923,0.137
"Mid1",0.0438268453396541,1,0.787036368575225,0.761971358593254,0.404,0.295,"reference_DPallm_only",0.0371430585852519,1,0.752855323920864,0.773053132392945,0.396,0.283,"all_D01_D06","protein_coding",TRUE,"D01",0.404,0.109
"Pcsk2",0.00387006221125888,1,0.605510618540328,0.758987878110894,0.644,0.536,"reference_DPallm_only",0.000155128602996279,1,0.0716731072332094,0.954810160910934,0.651,0.48,"all_D01_D06","protein_coding",TRUE,"D01",0.644,0.108
"Pik3r3",0.00212062928092361,1,0.463340041582307,0.756986404210928,0.567,0.375,"reference_DPallm_only",0.00225742220782969,1,0.437605264638351,0.742382984539558,0.557,0.37,"all_D01_D06","protein_coding",TRUE,"D01",0.567,0.192
"Tmem108",1.8774377600828e-10,3.31949770360239e-06,6.63861991965277e-07,0.752284122581186,0.99,0.875,"reference_DPallm_only",3.09498672475126e-13,5.47224602803271e-09,1.36806150700818e-09,0.867148740915453,0.991,0.85,"all_D01_D06","protein_coding",TRUE,"D01",0.99,0.115
"Sipa1l2",0.0484706680896455,1,0.787036368575225,0.749384406536968,0.327,0.214,"reference_DPallm_only",0.0390782112924953,1,0.752855323920864,0.733942311792219,0.321,0.205,"all_D01_D06","protein_coding",TRUE,"D01",0.327,0.113
"Rai14",0.0225005620529617,1,0.787036368575225,0.746126033177515,0.404,0.268,"reference_DPallm_only",0.00812485522141074,1,0.621885563505469,0.842823602918978,0.406,0.252,"all_D01_D06","protein_coding",TRUE,"D01",0.404,0.136
"Dmtf1",0.0208903773618314,1,0.787036368575225,0.745769675029621,0.298,0.161,"reference_DPallm_only",0.0417018454567822,1,0.752855323920864,0.620915666694696,0.292,0.173,"all_D01_D06","protein_coding",TRUE,"D01",0.298,0.137
"Specc1l",0.01642370943671,1,0.756565216929359,0.731426897038213,0.375,0.232,"reference_DPallm_only",0.00731803764772592,1,0.60049855752186,0.805741060252759,0.377,0.22,"all_D01_D06","protein_coding",TRUE,"D01",0.375,0.143
"Gse1",0.000100273208501643,1,0.0521420684208542,0.725234057132979,0.817,0.643,"reference_DPallm_only",0.000115277166830325,1,0.0566170996313048,0.703115204876565,0.811,0.63,"all_D01_D06","protein_coding",TRUE,"D01",0.817,0.174
"Arhgap5",0.036211135387844,1,0.787036368575225,0.723410518091935,0.279,0.17,"reference_DPallm_only",0.00787279657001307,1,0.61384205603361,0.953289613551484,0.283,0.15,"all_D01_D06","protein_coding",TRUE,"D01",0.279,0.109
"Irak1",0.0430861862434436,1,0.787036368575225,0.721743201970946,0.125,0.045,"reference_DPallm_only",0.0136827117523581,1,0.687181577850573,0.994845447752059,0.132,0.039,"all_D01_D06","protein_coding",TRUE,"D01",0.125,0.08
"Slc4a10",0.0130612945168858,1,0.735174689517033,0.716449281873545,0.365,0.232,"reference_DPallm_only",0.00719856941523854,1,0.60049855752186,0.785372504556845,0.358,0.22,"all_D01_D06","protein_coding",TRUE,"D01",0.365,0.133
"Smdt1",0.00626358489082113,1,0.65999842828182,0.712853367280324,0.365,0.196,"reference_DPallm_only",0.000469599800794891,1,0.150963528688263,1.0196378882192,0.377,0.173,"all_D01_D06","protein_coding",TRUE,"D01",0.365,0.169
"Ogdh",0.00772989093186812,1,0.691899452328666,0.705761188518337,0.375,0.214,"reference_DPallm_only",0.00596104272952861,1,0.579140736137706,0.66093450036535,0.368,0.205,"all_D01_D06","protein_coding",TRUE,"D01",0.375,0.161
"Usp37",0.0283276430091836,1,0.787036368575225,0.691037807814399,0.346,0.214,"reference_DPallm_only",0.0315518146393893,1,0.752855323920864,0.627365770861756,0.34,0.213,"all_D01_D06","protein_coding",TRUE,"D01",0.346,0.132
"Wnt5b",0.0497915764240693,1,0.787036368575225,0.690975627926024,0.24,0.134,"reference_DPallm_only",0.0200967882847526,1,0.752855323920864,0.844824656218479,0.236,0.118,"all_D01_D06","protein_coding",TRUE,"D01",0.24,0.106
"Tmem132c",0.0327245588473923,1,0.787036368575225,0.689946209999838,0.481,0.375,"reference_DPallm_only",0.0142945736015992,1,0.687181577850573,0.69481929803441,0.491,0.362,"all_D01_D06","protein_coding",TRUE,"D01",0.481,0.106
"Pcsk5",0.0117507320524394,1,0.718722666995666,0.687019752557,0.51,0.366,"reference_DPallm_only",0.00411136849251677,1,0.521960310221988,0.769178493630386,0.509,0.346,"all_D01_D06","protein_coding",TRUE,"D01",0.51,0.144
"Bmpr1b",0.0128091161352992,1,0.732897000880551,0.681817158277872,0.5,0.366,"reference_DPallm_only",0.00892144129296482,1,0.635510971139415,0.677417500151335,0.5,0.354,"all_D01_D06","protein_coding",TRUE,"D01",0.5,0.134
"Cntnap5b",0.00529914590485189,1,0.637985529361486,0.681648213459446,0.615,0.455,"reference_DPallm_only",0.00345543140884115,1,0.496711241786344,0.729219722772924,0.604,0.449,"all_D01_D06","protein_coding",TRUE,"D01",0.615,0.16
"Mctp1",0.00486109690955157,1,0.637985529361486,0.675420901381729,0.644,0.562,"reference_DPallm_only",0.0123488606068693,1,0.687181577850573,0.605429716192829,0.632,0.575,"all_D01_D06","protein_coding",TRUE,"D01",0.644,0.082
"Fam160b2",0.0499718440113854,1,0.787036368575225,0.675058637969729,0.192,0.098,"reference_DPallm_only",0.023005827259184,1,0.752855323920864,0.828907666262184,0.189,0.087,"all_D01_D06","protein_coding",TRUE,"D01",0.192,0.094
"Tbc1d23",0.0234595693006989,1,0.787036368575225,0.674985694487741,0.404,0.259,"reference_DPallm_only",0.0146401559627698,1,0.687181577850573,0.699878899210926,0.396,0.244,"all_D01_D06","protein_coding",TRUE,"D01",0.404,0.145
"Mdga2",3.55862038824429e-06,0.0629199670845473,0.00331138991916627,0.673015333831178,0.962,0.884,"reference_DPallm_only",2.21920801533538e-06,0.0392378169191449,0.00217987871773027,0.656988685250984,0.962,0.882,"all_D01_D06","protein_coding",TRUE,"D01",0.962,0.078
"Anapc2",0.0296211523799349,1,0.787036368575225,0.66746365721921,0.337,0.214,"reference_DPallm_only",0.0356465270030058,1,0.752855323920864,0.607191967764519,0.34,0.22,"all_D01_D06","protein_coding",TRUE,"D01",0.337,0.123
"Ube2s",0.00727183456869534,1,0.691899452328666,0.665270317214128,0.529,0.384,"reference_DPallm_only",0.026400878987832,1,0.752855323920864,0.449686819178509,0.519,0.394,"all_D01_D06","protein_coding",TRUE,"D01",0.529,0.145
"Cpeb4",0.0102269005719457,1,0.691899452328666,0.663870107208694,0.365,0.196,"reference_DPallm_only",0.0193250851218247,1,0.752855323920864,0.406512204749162,0.358,0.205,"all_D01_D06","protein_coding",TRUE,"D01",0.365,0.169
"Slc39a10",0.0237741133783699,1,0.787036368575225,0.660741995645502,0.365,0.214,"reference_DPallm_only",0.00624715796986988,1,0.597059459812267,0.814591023937957,0.358,0.189,"all_D01_D06","protein_coding",TRUE,"D01",0.365,0.151
"Nrg2",0.0100384954094012,1,0.691899452328666,0.658606466048527,0.471,0.304,"reference_DPallm_only",0.00269283109935626,1,0.444995984587889,0.778406834939081,0.472,0.283,"all_D01_D06","protein_coding",TRUE,"D01",0.471,0.167
"Epha7",0.00901466533284651,1,0.691899452328666,0.648567893627537,0.567,0.455,"reference_DPallm_only",0.00354461001122885,1,0.497068263765554,0.714739649609051,0.566,0.425,"all_D01_D06","protein_coding",TRUE,"D01",0.567,0.112
"Pard6g",0.0381625745224878,1,0.787036368575225,0.646395920761334,0.308,0.188,"reference_DPallm_only",0.0459056826783444,1,0.752855323920864,0.618196328937202,0.302,0.189,"all_D01_D06","protein_coding",TRUE,"D01",0.308,0.12
"Smarca2",0.0103399714101725,1,0.693137694782486,0.645097129599703,0.654,0.518,"reference_DPallm_only",0.00414297203767128,1,0.521960310221988,0.690891099259818,0.66,0.504,"all_D01_D06","protein_coding",TRUE,"D01",0.654,0.136
"Sh3gl2",0.00331763863508101,1,0.548185524002171,0.643097993469252,0.587,0.393,"reference_DPallm_only",0.000693806070196372,1,0.207918391985459,0.741150317954806,0.575,0.354,"all_D01_D06","protein_coding",TRUE,"D01",0.587,0.194
"Hsp90aa1",0.0180231516684839,1,0.767853957702963,0.642903112239373,0.529,0.393,"reference_DPallm_only",0.0490558999048444,1,0.752855323920864,0.377321532722769,0.519,0.394,"all_D01_D06","protein_coding",TRUE,"D01",0.529,0.136
"Hook3",0.00988270817656968,1,0.691899452328666,0.64097095307379,0.548,0.384,"reference_DPallm_only",0.011711459299979,1,0.687181577850573,0.577484867739905,0.547,0.386,"all_D01_D06","protein_coding",TRUE,"D01",0.548,0.164
"Shisa9",0.00883065590947216,1,0.691899452328666,0.633512642193706,0.673,0.5,"reference_DPallm_only",0.0063065437160379,1,0.599494620662721,0.634586538145745,0.67,0.488,"all_D01_D06","protein_coding",TRUE,"D01",0.673,0.173
"H13",0.0165358009735222,1,0.756565216929359,0.632850511198454,0.587,0.438,"reference_DPallm_only",0.0228807953323314,1,0.752855323920864,0.51429947035759,0.585,0.441,"all_D01_D06","protein_coding",TRUE,"D01",0.587,0.149
"Hmg20a",0.00652521303313545,1,0.65999842828182,0.631571393609201,0.51,0.304,"reference_DPallm_only",0.00242733916949696,1,0.43941795613128,0.701118584018667,0.509,0.291,"all_D01_D06","protein_coding",TRUE,"D01",0.51,0.206
"Trim9",0.00690438362658058,1,0.685783722010925,0.630708540144267,0.462,0.312,"reference_DPallm_only",0.00982418567013235,1,0.672478212464903,0.604510109196276,0.453,0.315,"all_D01_D06","protein_coding",TRUE,"D01",0.462,0.15
"Tmem132d",0.00917628885707055,1,0.691899452328666,0.627402421468338,0.577,0.411,"reference_DPallm_only",0.020101752785406,1,0.752855323920864,0.566218015896768,0.575,0.433,"all_D01_D06","protein_coding",TRUE,"D01",0.577,0.166
"Ankrd44",0.0334028566181274,1,0.787036368575225,0.626978394174824,0.519,0.411,"reference_DPallm_only",0.0244410312854317,1,0.752855323920864,0.656556025234808,0.509,0.394,"all_D01_D06","protein_coding",TRUE,"D01",0.519,0.108
"Fut9",0.00246240721896842,1,0.498271915418738,0.624994475644903,0.673,0.527,"reference_DPallm_only",0.00599416066473616,1,0.579140736137706,0.542779856790047,0.67,0.535,"all_D01_D06","protein_coding",TRUE,"D01",0.673,0.146
"Zfp609",0.00774577125846176,1,0.691899452328666,0.616374694657476,0.625,0.527,"reference_DPallm_only",0.0024604025596401,1,0.43941795613128,0.669792297010092,0.632,0.504,"all_D01_D06","protein_coding",TRUE,"D01",0.625,0.098
"Adgrb3",1.57422035960024e-08,0.000278337901780918,3.47902699471653e-05,0.614458798023823,0.99,0.938,"reference_DPallm_only",1.5899419597514e-08,0.000281117637903645,2.67441370335802e-05,0.590486532746922,0.991,0.929,"all_D01_D06","protein_coding",TRUE,"D01",0.99,0.052
"Tia1",0.0265236165959071,1,0.787036368575225,0.613922625798396,0.529,0.402,"reference_DPallm_only",0.0459122959920138,1,0.752855323920864,0.47518001677312,0.528,0.409,"all_D01_D06","protein_coding",TRUE,"D01",0.529,0.127
"Prpsap1",0.0152756373884512,1,0.756565216929359,0.613897485667635,0.433,0.286,"reference_DPallm_only",0.0033112734779756,1,0.494602528902803,0.767746513960089,0.425,0.252,"all_D01_D06","protein_coding",TRUE,"D01",0.433,0.147
"Pcnx",0.00404299973191005,1,0.616406305839948,0.613342520943117,0.683,0.545,"reference_DPallm_only",0.00249688117157103,1,0.441473559945473,0.640450120018258,0.679,0.528,"all_D01_D06","protein_coding",TRUE,"D01",0.683,0.138
"Grik3",0.00310170937082969,1,0.532877080120838,0.611906422349881,0.692,0.491,"reference_DPallm_only",0.00288692618518323,1,0.449858982307344,0.573108124083886,0.679,0.48,"all_D01_D06","protein_coding",TRUE,"D01",0.692,0.201
"Sema6a",0.00278188000615653,1,0.519765239991191,0.609851632111853,0.606,0.42,"reference_DPallm_only",0.0115755723955524,1,0.687181577850573,0.453183325471528,0.604,0.433,"all_D01_D06","protein_coding",TRUE,"D01",0.606,0.186
"Usp4",0.0297652607807706,1,0.787036368575225,0.608699664018496,0.471,0.33,"reference_DPallm_only",0.0133563139094163,1,0.687181577850573,0.714964419692113,0.472,0.315,"all_D01_D06","protein_coding",TRUE,"D01",0.471,0.141
"Smarcad1",0.02538003328901,1,0.787036368575225,0.605595770058627,0.337,0.196,"reference_DPallm_only",0.0350356195299778,1,0.752855323920864,0.574004119164749,0.33,0.205,"all_D01_D06","protein_coding",TRUE,"D01",0.337,0.141
"Kcnd3",0.0119381899171391,1,0.720365862576858,0.602282130021363,0.567,0.464,"reference_DPallm_only",0.00639198513427911,1,0.60049855752186,0.572471631338792,0.575,0.449,"all_D01_D06","protein_coding",TRUE,"D01",0.567,0.103
"Hba-a2",0.0118400080647435,1,0.718722666995666,0.599634311767849,0.75,0.661,"reference_DPallm_only",0.0114269367989246,1,0.687181577850573,0.556653116387416,0.755,0.661,"all_D01_D06","protein_coding",TRUE,"D01",0.75,0.089
"St7",0.0118703064911049,1,0.718722666995666,0.598558418769353,0.635,0.491,"reference_DPallm_only",0.0224992615814146,1,0.752855323920864,0.542998624601792,0.632,0.504,"all_D01_D06","protein_coding",TRUE,"D01",0.635,0.144
"Foxp2",0.000807446867605796,1,0.259557465804918,0.597167835392362,0.788,0.607,"reference_DPallm_only",0.000281424604186906,1,0.108171052752798,0.631082321456876,0.783,0.591,"all_D01_D06","protein_coding",TRUE,"D01",0.788,0.181
"Btrc",0.00538339406931735,1,0.637985529361486,0.593148946220713,0.577,0.402,"reference_DPallm_only",0.0136477918224879,1,0.687181577850573,0.496096816727336,0.575,0.417,"all_D01_D06","protein_coding",TRUE,"D01",0.577,0.175
"Gria3",0.0207513406012182,1,0.787036368575225,0.592546788082627,0.577,0.455,"reference_DPallm_only",0.0114394556917903,1,0.687181577850573,0.638049927131803,0.585,0.449,"all_D01_D06","protein_coding",TRUE,"D01",0.577,0.122
"Thoc2",0.0439405341470034,1,0.787036368575225,0.590857729324369,0.442,0.348,"reference_DPallm_only",0.0376153240622333,1,0.752855323920864,0.544787705249797,0.443,0.339,"all_D01_D06","protein_coding",TRUE,"D01",0.442,0.094
"Kcnab1",0.0215698727019815,1,0.787036368575225,0.589184917536072,0.538,0.393,"reference_DPallm_only",0.0107264846166928,1,0.687181577850573,0.645904092516555,0.538,0.378,"all_D01_D06","protein_coding",TRUE,"D01",0.538,0.145
"Bag6",0.0225478247323805,1,0.787036368575225,0.587021258800445,0.442,0.295,"reference_DPallm_only",0.0101461944116124,1,0.682109746736574,0.678610184810101,0.434,0.276,"all_D01_D06","protein_coding",TRUE,"D01",0.442,0.147
"Ilf3",0.0131610759431109,1,0.735174689517033,0.577176655109333,0.529,0.339,"reference_DPallm_only",0.0118352433601082,1,0.687181577850573,0.483740274383103,0.528,0.339,"all_D01_D06","protein_coding",TRUE,"D01",0.529,0.19
"Galnt2",0.0113326797165015,1,0.714434458062051,0.57624956233903,0.375,0.205,"reference_DPallm_only",0.0120570062961241,1,0.687181577850573,0.559771641474295,0.368,0.205,"all_D01_D06","protein_coding",TRUE,"D01",0.375,0.17
"Ltn1",0.047053542034541,1,0.787036368575225,0.573557730535037,0.365,0.241,"reference_DPallm_only",0.0347453635570299,1,0.752855323920864,0.568383200701658,0.368,0.236,"all_D01_D06","protein_coding",TRUE,"D01",0.365,0.124
"Ext1",0.000372918031209068,1,0.153330018413403,0.572919374379323,0.856,0.777,"reference_DPallm_only",6.15492172717812e-05,1,0.0375259210545642,0.63391808665598,0.858,0.764,"all_D01_D06","protein_coding",TRUE,"D01",0.856,0.079
"Slc24a3",0.0267789145867696,1,0.787036368575225,0.569758766477147,0.577,0.446,"reference_DPallm_only",0.0468613149844916,1,0.752855323920864,0.402938265887409,0.585,0.457,"all_D01_D06","protein_coding",TRUE,"D01",0.577,0.131
"Lrrtm4",9.09073132221421e-05,1,0.0518464934763701,0.567577359062851,0.923,0.812,"reference_DPallm_only",0.000107887129965802,1,0.0551208688454638,0.546386350788741,0.925,0.835,"all_D01_D06","protein_coding",TRUE,"D01",0.923,0.111
"Fry",0.000270502201976957,1,0.11664582758421,0.566964224267126,0.827,0.625,"reference_DPallm_only",8.84199734367602e-05,1,0.0488547984479799,0.595050975403926,0.83,0.606,"all_D01_D06","protein_coding",TRUE,"D01",0.827,0.202
"Cxadr",0.0215673771820197,1,0.787036368575225,0.563721347858049,0.481,0.339,"reference_DPallm_only",0.0250235323746768,1,0.752855323920864,0.544563593435463,0.481,0.346,"all_D01_D06","protein_coding",TRUE,"D01",0.481,0.142
"Sybu",0.00919213769892133,1,0.691899452328666,0.56039255575385,0.692,0.589,"reference_DPallm_only",0.000855558160853848,1,0.236361310032139,0.692269973068195,0.698,0.551,"all_D01_D06","protein_coding",TRUE,"D01",0.692,0.103
"Arhgef11",0.0330517534439881,1,0.787036368575225,0.560329231058473,0.529,0.429,"reference_DPallm_only",0.0103246471047641,1,0.686278516764415,0.670281542736734,0.538,0.409,"all_D01_D06","protein_coding",TRUE,"D01",0.529,0.1
"Tspan7",0.0142931211752354,1,0.74324230111224,0.542835700672489,0.596,0.464,"reference_DPallm_only",0.0111850060950599,1,0.687181577850573,0.600135861816323,0.604,0.465,"all_D01_D06","protein_coding",TRUE,"D01",0.596,0.132
"Grik4",0.00942657605431993,1,0.691899452328666,0.532975381425537,0.577,0.455,"reference_DPallm_only",0.00280286451277413,1,0.446463490543778,0.639542792434511,0.575,0.433,"all_D01_D06","protein_coding",TRUE,"D01",0.577,0.122
"Celf4",0.000334277080654216,1,0.140714732999203,0.527380043932003,0.971,0.884,"reference_DPallm_only",0.000803100401076673,1,0.229026099861882,0.462339706385296,0.972,0.898,"all_D01_D06","protein_coding",TRUE,"D01",0.971,0.087
"Atp6v0b",0.0360471250068139,1,0.787036368575225,0.52524299341283,0.519,0.411,"reference_DPallm_only",0.0190677471617961,1,0.752855323920864,0.552755276458734,0.519,0.394,"all_D01_D06","protein_coding",TRUE,"D01",0.519,0.108
"Mapk14",0.041992265360931,1,0.787036368575225,0.521558629933183,0.433,0.304,"reference_DPallm_only",0.0206282914573436,1,0.752855323920864,0.603406981150712,0.434,0.291,"all_D01_D06","protein_coding",TRUE,"D01",0.433,0.129
"Pde4d",3.1212296806885e-06,0.0551864619842534,0.00306574115303182,0.514081145318716,0.962,0.893,"reference_DPallm_only",3.1480786316746e-06,0.0556611782866386,0.00291685057468064,0.497833971755638,0.962,0.89,"all_D01_D06","protein_coding",TRUE,"D01",0.962,0.069
"Islr2",0.0243407542742615,1,0.787036368575225,0.513719313604231,0.596,0.464,"reference_DPallm_only",0.0176337784185871,1,0.723394051552294,0.38716769207583,0.585,0.441,"all_D01_D06","protein_coding",TRUE,"D01",0.596,0.132
"Hivep2",0.00198591622220773,1,0.450141010367085,0.512941812074363,0.875,0.741,"reference_DPallm_only",0.000252238606601667,1,0.0991073511849795,0.585030999819738,0.877,0.724,"all_D01_D06","protein_coding",TRUE,"D01",0.875,0.134
"Zfpm2",0.0266677760083065,1,0.787036368575225,0.504850594912892,0.673,0.598,"reference_DPallm_only",0.0122575957071673,1,0.687181577850573,0.561160881365298,0.67,0.575,"all_D01_D06","protein_coding",TRUE,"D01",0.673,0.0750000000000001
"Fam155a",0.000164757439936032,1,0.0766555667912906,0.504170465857325,0.923,0.857,"reference_DPallm_only",0.000397156515189477,1,0.13249291217104,0.470738521311814,0.906,0.85,"all_D01_D06","protein_coding",TRUE,"D01",0.923,0.0660000000000001
"Rtn4",0.0080750311796033,1,0.691899452328666,0.496099644431078,0.769,0.705,"reference_DPallm_only",0.00153420987558742,1,0.354253027780248,0.600054259761413,0.774,0.677,"all_D01_D06","protein_coding",TRUE,"D01",0.769,0.0640000000000001
"Snap25",0.0339328645913922,1,0.787036368575225,0.495917931815633,0.529,0.384,"reference_DPallm_only",0.0289038326263971,1,0.752855323920864,0.496345979235188,0.528,0.378,"all_D01_D06","protein_coding",TRUE,"D01",0.529,0.145
"Ipo5",0.0271401634783866,1,0.787036368575225,0.494962877010227,0.49,0.357,"reference_DPallm_only",0.0139238244776636,1,0.687181577850573,0.457335851417837,0.491,0.339,"all_D01_D06","protein_coding",TRUE,"D01",0.49,0.133
"Phactr1",1.90091569742007e-05,0.336100904460842,0.012447477603847,0.478256483335304,0.99,0.929,"reference_DPallm_only",3.29941810381838e-06,0.0583370114936127,0.00291685057468064,0.509271377046384,0.991,0.929,"all_D01_D06","protein_coding",TRUE,"D01",0.99,0.0609999999999999
"Kdm2a",0.0358333429239136,1,0.787036368575225,0.472353808975188,0.51,0.375,"reference_DPallm_only",0.0180039696052637,1,0.735169022149346,0.545641747332679,0.509,0.362,"all_D01_D06","protein_coding",TRUE,"D01",0.51,0.135
"Xpr1",0.0192041050006619,1,0.767853957702963,0.458244367617417,0.702,0.562,"reference_DPallm_only",0.00561792257004484,1,0.568066076536169,0.533982363964532,0.698,0.528,"all_D01_D06","protein_coding",TRUE,"D01",0.702,0.14
"Atxn7l1",0.0319384405301256,1,0.787036368575225,0.457738585728934,0.452,0.312,"reference_DPallm_only",0.0246635044138029,1,0.752855323920864,0.453549262026905,0.453,0.307,"all_D01_D06","protein_coding",TRUE,"D01",0.452,0.14
"Trio",0.0254830921316761,1,0.787036368575225,0.450978664681731,0.837,0.732,"reference_DPallm_only",0.0163339769455968,1,0.705128679232399,0.468493534796812,0.84,0.724,"all_D01_D06","protein_coding",TRUE,"D01",0.837,0.105
"Lrp1b",0.00428468104244305,1,0.637985529361486,0.450712192880586,0.952,0.875,"reference_DPallm_only",0.00364442851052668,1,0.497068263765554,0.450869704613547,0.953,0.866,"all_D01_D06","protein_coding",TRUE,"D01",0.952,0.077
"Kat6b",0.00510592482947642,1,0.637985529361486,0.434755646933104,0.731,0.58,"reference_DPallm_only",0.0034404415996551,1,0.496711241786344,0.460940687032363,0.726,0.559,"all_D01_D06","protein_coding",TRUE,"D01",0.731,0.151
"Wdfy3",0.0218296524277618,1,0.787036368575225,0.431223416255621,0.769,0.661,"reference_DPallm_only",0.0137745725219648,1,0.687181577850573,0.424529098677983,0.764,0.638,"all_D01_D06","protein_coding",TRUE,"D01",0.769,0.108
"Epb41l1",0.0494395948507182,1,0.787036368575225,0.425855428518001,0.558,0.446,"reference_DPallm_only",0.0334368552560165,1,0.752855323920864,0.466157260607528,0.547,0.425,"all_D01_D06","protein_coding",TRUE,"D01",0.558,0.112
"Mmp16",0.0186987048428717,1,0.767853957702963,0.423537898041759,0.712,0.571,"reference_DPallm_only",0.0129128017638481,1,0.687181577850573,0.433367077440494,0.717,0.567,"all_D01_D06","protein_coding",TRUE,"D01",0.712,0.141
"Grm3",0.0276448144131252,1,0.787036368575225,0.417140552733005,0.644,0.527,"reference_DPallm_only",0.0117392278851512,1,0.687181577850573,0.4816730781332,0.642,0.512,"all_D01_D06","protein_coding",TRUE,"D01",0.644,0.117
"Galnt17",0.0303904982454773,1,0.787036368575225,0.39947936358632,0.673,0.5,"reference_DPallm_only",0.0367491920798998,1,0.752855323920864,0.406634711657324,0.67,0.504,"all_D01_D06","protein_coding",TRUE,"D01",0.673,0.173
"Smarcc2",0.0113008535541037,1,0.714434458062051,0.398299631867733,0.827,0.696,"reference_DPallm_only",0.0240619125807942,1,0.752855323920864,0.228967366603557,0.821,0.693,"all_D01_D06","protein_coding",TRUE,"D01",0.827,0.131
"Dync1i1",0.03140537359512,1,0.787036368575225,0.386551066973247,0.769,0.688,"reference_DPallm_only",0.0140468490818353,1,0.687181577850573,0.435277893507828,0.764,0.677,"all_D01_D06","protein_coding",TRUE,"D01",0.769,0.0810000000000001
"Dclk1",0.00536296886496095,1,0.637985529361486,0.385688117433129,0.942,0.804,"reference_DPallm_only",0.00132355286966836,1,0.329601947726849,0.412366093891773,0.943,0.819,"all_D01_D06","protein_coding",TRUE,"D01",0.942,0.138
"Itsn1",0.00952811410472545,1,0.691899452328666,0.38230670627477,0.808,0.714,"reference_DPallm_only",0.00760040139350101,1,0.603689635519892,0.398735733589811,0.802,0.701,"all_D01_D06","protein_coding",TRUE,"D01",0.808,0.0940000000000001
"Csmd3",0.00127839510818726,1,0.353156648636731,0.37956558195674,0.942,0.866,"reference_DPallm_only",0.00154275680895193,1,0.354253027780248,0.371088237139148,0.925,0.874,"all_D01_D06","protein_coding",TRUE,"D01",0.942,0.076
"Grm5",0.00358162070465001,1,0.57566412780193,0.374197518227486,0.904,0.777,"reference_DPallm_only",0.0125492440345299,1,0.687181577850573,0.315152520756246,0.887,0.787,"all_D01_D06","protein_coding",TRUE,"D01",0.904,0.127
"Clasp2",0.0160669966870688,1,0.756565216929359,0.373817797949442,0.74,0.652,"reference_DPallm_only",0.00734157837208411,1,0.60049855752186,0.417392584230446,0.736,0.63,"all_D01_D06","protein_coding",TRUE,"D01",0.74,0.088
"Dgki",0.039211225059341,1,0.787036368575225,0.371283907672597,0.712,0.589,"reference_DPallm_only",0.0273816272602029,1,0.752855323920864,0.398174453031565,0.708,0.575,"all_D01_D06","protein_coding",TRUE,"D01",0.712,0.123
"Frmpd4",0.0221111903866015,1,0.787036368575225,0.37009793499617,0.798,0.714,"reference_DPallm_only",0.00591612747344788,1,0.579140736137706,0.445812071377362,0.802,0.685,"all_D01_D06","protein_coding",TRUE,"D01",0.798,0.0840000000000001
"Zfhx4",0.0167993113997256,1,0.756565216929359,0.368408597491596,0.606,0.455,"reference_DPallm_only",0.00686023887791152,1,0.60049855752186,0.419057047411657,0.613,0.441,"all_D01_D06","protein_coding",TRUE,"D01",0.606,0.151
"Caln1",0.0323321574924139,1,0.787036368575225,0.366872255742423,0.817,0.696,"reference_DPallm_only",0.014899514973275,1,0.690618582337923,0.41995058959842,0.802,0.661,"all_D01_D06","protein_coding",TRUE,"D01",0.817,0.121
"Tanc2",0.00292045035199989,1,0.521551133569274,0.362536220118696,0.933,0.795,"reference_DPallm_only",0.00423488817179265,1,0.526269532026636,0.342330202653119,0.925,0.811,"all_D01_D06","protein_coding",TRUE,"D01",0.933,0.138
"Smarcd3",0.0196952511736364,1,0.768680001655388,0.357246419110275,0.692,0.5,"reference_DPallm_only",0.02306158481603,1,0.752855323920864,0.360524494881197,0.679,0.504,"all_D01_D06","protein_coding",TRUE,"D01",0.692,0.192
"Lrrc4c",0.0134419551044794,1,0.735174689517033,0.349510057569407,0.952,0.866,"reference_DPallm_only",0.0075778003805723,1,0.603689635519892,0.354916562906548,0.953,0.858,"all_D01_D06","protein_coding",TRUE,"D01",0.952,0.086
"Tiam2",0.00902660284681447,1,0.691899452328666,0.348197847906712,0.913,0.777,"reference_DPallm_only",0.00238304725706943,1,0.438902693252547,0.406710595939787,0.906,0.764,"all_D01_D06","protein_coding",TRUE,"D01",0.913,0.136
"Sel1l3",0.0328244635263865,1,0.787036368575225,0.334472773377916,0.462,0.286,"reference_DPallm_only",0.0400215937368964,1,0.752855323920864,0.284366253212651,0.462,0.291,"all_D01_D06","protein_coding",TRUE,"D01",0.462,0.176
"Grid2",0.0168678849764659,1,0.756565216929359,0.331457746861162,0.923,0.821,"reference_DPallm_only",0.0312119816351255,1,0.752855323920864,0.291717799632742,0.915,0.827,"all_D01_D06","protein_coding",TRUE,"D01",0.923,0.102
"Klhl29",0.021990598487966,1,0.787036368575225,0.330003840257918,0.875,0.804,"reference_DPallm_only",0.00719768449068121,1,0.60049855752186,0.376321651056474,0.877,0.787,"all_D01_D06","protein_coding",TRUE,"D01",0.875,0.071
"Negr1",0.00238280887660938,1,0.498271915418738,0.32662451157351,0.913,0.848,"reference_DPallm_only",0.0080461944426319,1,0.620342342373969,0.275840710593263,0.915,0.843,"all_D01_D06","protein_coding",TRUE,"D01",0.913,0.0650000000000001
"Sgcz",0.0152106391753866,1,0.756565216929359,0.323419818708274,0.856,0.696,"reference_DPallm_only",0.0189246963811409,1,0.752855323920864,0.287019745409694,0.858,0.693,"all_D01_D06","protein_coding",TRUE,"D01",0.856,0.16
"Ppp2r3a",0.013104811502381,1,0.735174689517033,0.319141066093104,0.923,0.83,"reference_DPallm_only",0.0182624828348124,1,0.73721223516511,0.291420958627878,0.915,0.835,"all_D01_D06","protein_coding",TRUE,"D01",0.923,0.0930000000000001
"Stmn4",0.0342682067876067,1,0.787036368575225,0.29733454612322,0.837,0.661,"reference_DPallm_only",0.00580533340920169,1,0.57665224723649,0.406359105623416,0.84,0.646,"all_D01_D06","protein_coding",TRUE,"D01",0.837,0.176
"Meis2",0.0275336379433651,1,0.787036368575225,0.285875811489006,0.962,0.848,"reference_DPallm_only",0.0181312130452986,1,0.735864848276722,0.304707943589122,0.962,0.843,"all_D01_D06","protein_coding",TRUE,"D01",0.962,0.114
"Prickle2",0.0205935232497553,1,0.787036368575225,0.280285352076625,0.856,0.786,"reference_DPallm_only",0.0238775861911434,1,0.752855323920864,0.272299017835509,0.84,0.772,"all_D01_D06","protein_coding",TRUE,"D01",0.856,0.07
"Cdh13",0.0428597461038849,1,0.787036368575225,0.264493030432892,0.904,0.848,"reference_DPallm_only",0.0198078932554347,1,0.752855323920864,0.303888757716865,0.906,0.843,"all_D01_D06","protein_coding",TRUE,"D01",0.904,0.056
"Robo2",0.0473371369253464,1,0.787036368575225,0.25139061430504,0.971,0.875,"reference_DPallm_only",0.0271661924351646,1,0.752855323920864,0.272167480151606,0.972,0.866,"all_D01_D06","protein_coding",TRUE,"D01",0.971,0.096
"Afap1l1",0.00243327579739279,1,0.498271915418738,-3.65127487934584,0.01,0.107,"reference_DPallm_only",0.00276728392050134,1,0.445429203365326,-4.03429394297213,0.009,0.102,"all_D01_D06","protein_coding",TRUE,"D06",0.107,0.097
"Fyco1",0.00243327579739279,1,0.498271915418738,-3.58381465593177,0.01,0.107,"reference_DPallm_only",0.0151585150186413,1,0.690775439022005,-2.3298740889039,0.019,0.094,"all_D01_D06","protein_coding",TRUE,"D06",0.107,0.097
"Vegfa",0.00456011591413853,1,0.637985529361486,-2.89522346753912,0.029,0.134,"reference_DPallm_only",0.00934561536932295,1,0.650550493484249,-2.74137443924667,0.028,0.118,"all_D01_D06","protein_coding",TRUE,"D06",0.134,0.105
"Tmem11",0.0081128280592307,1,0.691899452328666,-2.83643868126278,0.019,0.107,"reference_DPallm_only",0.0145743917493269,1,0.687181577850573,-2.68258965297033,0.019,0.094,"all_D01_D06","protein_coding",TRUE,"D06",0.107,0.088
"Ahr",0.0132819497856809,1,0.735174689517033,-2.57050431581566,0.029,0.116,"reference_DPallm_only",0.0241341460736865,1,0.752855323920864,-2.4166552875232,0.028,0.102,"all_D01_D06","protein_coding",TRUE,"D06",0.116,0.087
"Zfp692",0.00197585119168991,1,0.450141010367085,-2.41910509500413,0.029,0.152,"reference_DPallm_only",0.00271814752194401,1,0.444995984587889,-2.3613903643893,0.028,0.142,"all_D01_D06","protein_coding",TRUE,"D06",0.152,0.123
"Adal",0.0132819497856809,1,0.735174689517033,-2.41909669626883,0.029,0.116,"reference_DPallm_only",0.0241341460736865,1,0.752855323920864,-2.26524766797638,0.028,0.102,"all_D01_D06","protein_coding",TRUE,"D06",0.116,0.087
"Nrn1",0.00114084891771867,1,0.320162045480414,-2.36172190939814,0.029,0.161,"reference_DPallm_only",0.00271814752194401,1,0.444995984587889,-2.20787288110569,0.028,0.142,"all_D01_D06","protein_coding",TRUE,"D06",0.161,0.132
"Inhba",0.00866776866380555,1,0.691899452328666,-2.24802708286197,0.029,0.125,"reference_DPallm_only",0.0164812291002961,1,0.705128679232399,-2.09417805456952,0.028,0.11,"all_D01_D06","protein_coding",TRUE,"D06",0.125,0.096
"Twf1",0.0216394500894359,1,0.787036368575225,-2.24515235181824,0.029,0.107,"reference_DPallm_only",0.0235808089997728,1,0.752855323920864,-2.21696774005709,0.028,0.102,"all_D01_D06","protein_coding",TRUE,"D06",0.107,0.078
"Ptpn3",0.00460225437901995,1,0.637985529361486,-2.21869581489641,0.038,0.152,"reference_DPallm_only",0.0100079893893358,1,0.675386490049035,-2.06484678660396,0.038,0.134,"all_D01_D06","protein_coding",TRUE,"D06",0.152,0.114
"Polr3a",0.0298375684577445,1,0.787036368575225,-2.16861289145592,0.038,0.116,"reference_DPallm_only",0.0218618822321119,1,0.752855323920864,-2.23943367150109,0.038,0.118,"all_D01_D06","protein_coding",TRUE,"D06",0.116,0.078
"Mindy1",0.00491677552022688,1,0.637985529361486,-2.06192713625916,0.038,0.152,"reference_DPallm_only",0.00162273880473546,1,0.355594233271565,-2.52559856456579,0.038,0.165,"all_D01_D06","protein_coding",TRUE,"D06",0.152,0.114
"Sema7a",4.37631612996518e-06,0.0773776454939143,0.00386866345888922,-1.98719519645907,0.163,0.438,"reference_DPallm_only",3.65148609656328e-06,0.0645619256733353,0.00296573117861249,-1.95350908245045,0.16,0.425,"all_D01_D06","protein_coding",TRUE,"D06",0.438,0.275
"Pdxk",0.00105917092371999,1,0.317392236124906,-1.9757158883108,0.058,0.214,"reference_DPallm_only",0.000745607768063746,1,0.218957469098474,-2.07948147782476,0.057,0.213,"all_D01_D06","protein_coding",TRUE,"D06",0.214,0.156
"Ppat",0.00940724920710641,1,0.691899452328666,-1.92251243809508,0.029,0.125,"reference_DPallm_only",0.00724192781933607,1,0.60049855752186,-1.95082588441817,0.028,0.126,"all_D01_D06","protein_coding",TRUE,"D06",0.125,0.096
"Drd2",0.00587451242534698,1,0.640950218616875,-1.92024075255545,0.058,0.179,"reference_DPallm_only",0.0138201963404219,1,0.687181577850573,-1.766391724263,0.057,0.157,"all_D01_D06","protein_coding",TRUE,"D06",0.179,0.121
"Fam234b",0.00531978870632046,1,0.637985529361486,-1.91470415287382,0.038,0.152,"reference_DPallm_only",0.00443722251482766,1,0.530378050212718,-2.00115081212334,0.038,0.15,"all_D01_D06","protein_coding",TRUE,"D06",0.152,0.114
"Mafb",0.000396211470745607,1,0.158100338697375,-1.90267165536839,0.106,0.295,"reference_DPallm_only",0.000158093500486124,1,0.0716731072332094,-2.01204203640392,0.104,0.299,"all_D01_D06","protein_coding",TRUE,"D06",0.295,0.189
"Nek11",0.0144415586055297,1,0.746569462414516,-1.88157466133501,0.058,0.161,"reference_DPallm_only",0.0269441306099249,1,0.752855323920864,-1.61494610992223,0.066,0.157,"all_D01_D06","protein_coding",TRUE,"D06",0.161,0.103
"Maneal",0.0127634870970273,1,0.732897000880551,-1.85093505844794,0.038,0.134,"reference_DPallm_only",0.0158486240239268,1,0.701778312344473,-1.80834078271196,0.038,0.126,"all_D01_D06","protein_coding",TRUE,"D06",0.134,0.096
"Zfp182",0.0057375395457283,1,0.637985529361486,-1.84095634669629,0.058,0.179,"reference_DPallm_only",0.0175088283944412,1,0.720755692069506,-1.3538760395265,0.075,0.181,"all_D01_D06","protein_coding",TRUE,"D06",0.179,0.121
"St3gal6",0.00953582428666748,1,0.691899452328666,-1.81686569085177,0.029,0.125,"reference_DPallm_only",0.0178951664766234,1,0.732417681650876,-1.66301666255932,0.028,0.11,"all_D01_D06","protein_coding",TRUE,"D06",0.125,0.096
"Eno1b",0.00487017500008392,1,0.637985529361486,-1.79131924774903,0.048,0.17,"reference_DPallm_only",0.0110863103767933,1,0.687181577850573,-1.63747021945658,0.047,0.15,"all_D01_D06","protein_coding",TRUE,"D06",0.17,0.122
"Ric8a",0.00144800564649315,1,0.382100594477596,-1.78699059502187,0.038,0.179,"reference_DPallm_only",0.00223321643530958,1,0.437605264638351,-1.72561882098596,0.038,0.165,"all_D01_D06","protein_coding",TRUE,"D06",0.179,0.141
"Pappa",0.0362328732407303,1,0.787036368575225,-1.75138591211073,0.058,0.143,"reference_DPallm_only",0.030859556743047,1,0.752855323920864,-1.72342415387558,0.057,0.142,"all_D01_D06","protein_coding",TRUE,"D06",0.143,0.085
"Pcyt1b",0.000472374591594823,1,0.170440464885642,-1.64824346935739,0.135,0.33,"reference_DPallm_only",0.00255140266070819,1,0.442268141607661,-1.31429934301386,0.151,0.315,"all_D01_D06","protein_coding",TRUE,"D06",0.33,0.195
"Dtx2",0.00812581151342374,1,0.691899452328666,-1.60319069986389,0.067,0.188,"reference_DPallm_only",0.0393185001709834,1,0.752855323920864,-1.08172494744518,0.075,0.165,"all_D01_D06","protein_coding",TRUE,"D06",0.188,0.121
"Wdr72",0.031961809092243,1,0.787036368575225,-1.5828448561082,0.048,0.134,"reference_DPallm_only",0.0380247885309053,1,0.752855323920864,-1.5704571769964,0.047,0.126,"all_D01_D06","protein_coding",TRUE,"D06",0.134,0.086
"Vps4a",0.00625866511122346,1,0.65999842828182,-1.56539410660995,0.067,0.196,"reference_DPallm_only",0.00429292780468914,1,0.526269532026636,-1.59296655184036,0.066,0.197,"all_D01_D06","protein_coding",TRUE,"D06",0.196,0.129
"Wdr49",0.012599270889565,1,0.732207866458443,-1.54433850800959,0.048,0.152,"reference_DPallm_only",0.0169821113087891,1,0.711518270262322,-1.47045407116479,0.047,0.142,"all_D01_D06","protein_coding",TRUE,"D06",0.152,0.104
"Recql",0.0250656687532392,1,0.787036368575225,-1.54229143141143,0.058,0.152,"reference_DPallm_only",0.0445963763002869,1,0.752855323920864,-1.28713475523368,0.066,0.15,"all_D01_D06","protein_coding",TRUE,"D06",0.152,0.094
"Rrp9",0.0168602009336314,1,0.756565216929359,-1.52988025528018,0.029,0.116,"reference_DPallm_only",0.00789045577976999,1,0.61384205603361,-1.69730348489651,0.028,0.126,"all_D01_D06","protein_coding",TRUE,"D06",0.116,0.087
"Plcxd2",0.0371986518854814,1,0.787036368575225,-1.51649537783556,0.038,0.116,"reference_DPallm_only",0.0419308787790363,1,0.752855323920864,-1.46387997805685,0.038,0.11,"all_D01_D06","protein_coding",TRUE,"D06",0.116,0.078
"Prpf38a",0.042077849432984,1,0.787036368575225,-1.51291434373973,0.067,0.152,"reference_DPallm_only",0.0362479378596352,1,0.752855323920864,-1.57793216337692,0.066,0.15,"all_D01_D06","protein_coding",TRUE,"D06",0.152,0.085
"Calcrl",0.0447627868083008,1,0.787036368575225,-1.5113550862697,0.048,0.125,"reference_DPallm_only",0.0341913318388114,1,0.752855323920864,-1.57810844131503,0.047,0.126,"all_D01_D06","protein_coding",TRUE,"D06",0.125,0.077
"Mkx",0.0104875830525813,1,0.693137694782486,-1.50262675421861,0.058,0.17,"reference_DPallm_only",0.0149602997879456,1,0.690634622847692,-1.45573067660648,0.057,0.157,"all_D01_D06","protein_coding",TRUE,"D06",0.17,0.112
"Mdp1",0.025169045938059,1,0.787036368575225,-1.48333484425813,0.038,0.125,"reference_DPallm_only",0.027085944168228,1,0.752855323920864,-1.77132196311754,0.047,0.134,"all_D01_D06","protein_coding",TRUE,"D06",0.125,0.087
"Dmwd",0.0276376456326057,1,0.787036368575225,-1.44598564047871,0.067,0.161,"reference_DPallm_only",0.0248368469593244,1,0.752855323920864,-1.5323067683165,0.066,0.157,"all_D01_D06","protein_coding",TRUE,"D06",0.161,0.094
"Zscan21",0.013482992098738,1,0.735174689517033,-1.44159026565258,0.096,0.223,"reference_DPallm_only",0.023399488196357,1,0.752855323920864,-1.33243142289478,0.094,0.205,"all_D01_D06","protein_coding",TRUE,"D06",0.223,0.127
"Amer1",0.0358649145488211,1,0.787036368575225,-1.40385211796903,0.058,0.143,"reference_DPallm_only",0.0302898932897536,1,0.752855323920864,-1.42613035512393,0.057,0.142,"all_D01_D06","protein_coding",TRUE,"D06",0.143,0.085
"Pdcd6ip",0.0327028899940441,1,0.787036368575225,-1.38692986170722,0.067,0.161,"reference_DPallm_only",0.0442186451921453,1,0.752855323920864,-1.29690519704631,0.066,0.15,"all_D01_D06","protein_coding",TRUE,"D06",0.161,0.094
"Tmtc1",9.0704814335888e-06,0.160375182227284,0.006414644469834,-1.3861743244449,0.327,0.571,"reference_DPallm_only",1.32662114438771e-05,0.23455988453919,0.00938239538156761,-1.33252712736229,0.321,0.551,"all_D01_D06","protein_coding",TRUE,"D06",0.571,0.244
"Nr1h2",0.0121301944776445,1,0.722913211701273,-1.37482726403128,0.058,0.17,"reference_DPallm_only",0.025816618537551,1,0.752855323920864,-1.22097823573882,0.057,0.15,"all_D01_D06","protein_coding",TRUE,"D06",0.17,0.112
"Utp14a",0.00630215314815355,1,0.65999842828182,-1.37393839794102,0.048,0.17,"reference_DPallm_only",0.00909062492438201,1,0.639648209196167,-1.30084662545268,0.047,0.157,"all_D01_D06","protein_coding",TRUE,"D06",0.17,0.122
"Tafa2",2.70492269174418e-09,4.78257381127289e-05,7.47588456256736e-06,-1.34556936190633,0.721,0.839,"reference_DPallm_only",1.66385106820532e-08,0.000294185507369383,2.67441370335802e-05,-1.24886693838595,0.726,0.819,"all_D01_D06","protein_coding",TRUE,"D06",0.839,0.118
"Cwc25",0.0380566402232093,1,0.787036368575225,-1.34109198086083,0.038,0.116,"reference_DPallm_only",0.0112042966080469,1,0.687181577850573,-1.7879008931902,0.038,0.134,"all_D01_D06","protein_coding",TRUE,"D06",0.116,0.078
"Gys1",0.0399346307087897,1,0.787036368575225,-1.33405900864298,0.115,0.214,"reference_DPallm_only",0.0213206665460298,1,0.752855323920864,-1.45693884840667,0.113,0.22,"all_D01_D06","protein_coding",TRUE,"D06",0.214,0.099
"4933434E20Rik",0.0138053165678538,1,0.735174689517033,-1.3125334874661,0.144,0.277,"reference_DPallm_only",0.0282184933943835,1,0.752855323920864,-1.21566219671469,0.142,0.252,"all_D01_D06","protein_coding",TRUE,"D06",0.277,0.133
"Kdm3a",0.0211942484191008,1,0.787036368575225,-1.29506010529227,0.135,0.259,"reference_DPallm_only",0.0397313372085444,1,0.752855323920864,-1.19326845832945,0.132,0.236,"all_D01_D06","protein_coding",TRUE,"D06",0.259,0.124
"Josd2",0.0236272203564886,1,0.787036368575225,-1.29429361331691,0.067,0.17,"reference_DPallm_only",0.0218428974280765,1,0.752855323920864,-1.34431880692868,0.066,0.165,"all_D01_D06","protein_coding",TRUE,"D06",0.17,0.103
"Pigyl",0.0214741302917122,1,0.787036368575225,-1.27809416215108,0.048,0.143,"reference_DPallm_only",0.027085944168228,1,0.752855323920864,-1.23370926378486,0.047,0.134,"all_D01_D06","protein_coding",TRUE,"D06",0.143,0.095
"Nefl",0.0115318473511133,1,0.714434458062051,-1.277929297873,0.115,0.25,"reference_DPallm_only",0.022052376969932,1,0.752855323920864,-1.18162472740112,0.113,0.228,"all_D01_D06","protein_coding",TRUE,"D06",0.25,0.135
"Jag2",0.0184813854027483,1,0.767853957702963,-1.26934590572118,0.115,0.232,"reference_DPallm_only",0.0327037812567201,1,0.752855323920864,-1.18843109082817,0.113,0.213,"all_D01_D06","protein_coding",TRUE,"D06",0.232,0.117
"Terf2",0.034000779256271,1,0.787036368575225,-1.26360443925103,0.087,0.188,"reference_DPallm_only",0.0222709121087323,1,0.752855323920864,-1.44926853881125,0.085,0.189,"all_D01_D06","protein_coding",TRUE,"D06",0.188,0.101
"Cnr1",0.000130557754393582,1,0.0655953227268036,-1.22863533669,0.279,0.518,"reference_DPallm_only",0.00102645356879848,1,0.266893022793027,-1.14083374342135,0.274,0.465,"all_D01_D06","protein_coding",TRUE,"D06",0.518,0.239
"Upf1",0.00239510185541253,1,0.498271915418738,-1.22614089962039,0.115,0.286,"reference_DPallm_only",0.0035734706231356,1,0.497068263765554,-1.19378390319423,0.113,0.268,"all_D01_D06","protein_coding",TRUE,"D06",0.286,0.171
"Fcho1",0.00719849902380113,1,0.691899452328666,-1.21957827597904,0.135,0.286,"reference_DPallm_only",0.0193713913790204,1,0.752855323920864,-1.20866050842184,0.142,0.268,"all_D01_D06","protein_coding",TRUE,"D06",0.286,0.151
"Gmppa",0.0229237106692918,1,0.787036368575225,-1.21826584522303,0.067,0.17,"reference_DPallm_only",0.0316251321510385,1,0.752855323920864,-1.1864829924425,0.066,0.157,"all_D01_D06","protein_coding",TRUE,"D06",0.17,0.103
"Lamtor1",0.0114790581037053,1,0.714434458062051,-1.21193923545599,0.077,0.196,"reference_DPallm_only",0.0269776424539774,1,0.752855323920864,-1.05809020716353,0.075,0.173,"all_D01_D06","protein_coding",TRUE,"D06",0.196,0.119
"Coro1a",0.014743039459598,1,0.752782237683423,-1.20127299155997,0.135,0.268,"reference_DPallm_only",0.0478831148058316,1,0.752855323920864,-0.989466479249639,0.142,0.244,"all_D01_D06","protein_coding",TRUE,"D06",0.268,0.133
"Tm2d3",0.033373955516849,1,0.787036368575225,-1.19366866584816,0.048,0.134,"reference_DPallm_only",0.0402657228332118,1,0.752855323920864,-1.1440031649352,0.047,0.126,"all_D01_D06","protein_coding",TRUE,"D06",0.134,0.086
"Nt5c3",0.0154998313711155,1,0.756565216929359,-1.18797559612254,0.115,0.241,"reference_DPallm_only",0.0277179737827282,1,0.752855323920864,-1.11933651706871,0.113,0.22,"all_D01_D06","protein_coding",TRUE,"D06",0.241,0.126
"Nhsl2",0.00994932514043479,1,0.691899452328666,-1.17721982878094,0.183,0.321,"reference_DPallm_only",0.0128676020914878,1,0.687181577850573,-1.18489149830869,0.179,0.307,"all_D01_D06","protein_coding",TRUE,"D06",0.321,0.138
"Egln1",0.00444153111620027,1,0.637985529361486,-1.17480071742455,0.135,0.295,"reference_DPallm_only",0.0160079102854404,1,0.702322237610106,-0.940572249929138,0.151,0.283,"all_D01_D06","protein_coding",TRUE,"D06",0.295,0.16
"Xpo4",0.0222947588033978,1,0.787036368575225,-1.16275968827432,0.077,0.188,"reference_DPallm_only",0.032785244855443,1,0.752855323920864,-1.0737777199554,0.075,0.173,"all_D01_D06","protein_coding",TRUE,"D06",0.188,0.111
"Cand1",0.00330814657065952,1,0.548185524002171,-1.15714889844369,0.106,0.268,"reference_DPallm_only",0.00319512257084926,1,0.482845830557143,-1.15062340574316,0.104,0.26,"all_D01_D06","protein_coding",TRUE,"D06",0.268,0.162
"Vldlr",0.03309453345961,1,0.787036368575225,-1.15693037912318,0.087,0.188,"reference_DPallm_only",0.0476252316032447,1,0.752855323920864,-1.1241193303506,0.085,0.173,"all_D01_D06","protein_coding",TRUE,"D06",0.188,0.101
"Clk2",0.0235461955018801,1,0.787036368575225,-1.14698229470042,0.144,0.277,"reference_DPallm_only",0.0319948492495412,1,0.752855323920864,-1.08511476642277,0.142,0.26,"all_D01_D06","protein_coding",TRUE,"D06",0.277,0.133
"Samm50",0.00284837121003043,1,0.519765239991191,-1.14196866789253,0.115,0.286,"reference_DPallm_only",0.00200842975286602,1,0.408172947820966,-1.17042107566528,0.113,0.283,"all_D01_D06","protein_coding",TRUE,"D06",0.286,0.171
"Lman1",0.0197916949432153,1,0.770742657700544,-1.13780706411781,0.058,0.161,"reference_DPallm_only",0.0394959370146116,1,0.752855323920864,-0.983958035825355,0.057,0.142,"all_D01_D06","protein_coding",TRUE,"D06",0.161,0.103
"BC052040",0.00658520318457366,1,0.661513592632172,-1.13174636010177,0.221,0.384,"reference_DPallm_only",0.00715448968715866,1,0.60049855752186,-1.10584037199002,0.217,0.37,"all_D01_D06","protein_coding",TRUE,"D06",0.384,0.163
"Saysd1",0.0273156123486597,1,0.787036368575225,-1.12470718084407,0.038,0.125,"reference_DPallm_only",0.0310022252764602,1,0.752855323920864,-1.1567554108418,0.038,0.118,"all_D01_D06","protein_coding",TRUE,"D06",0.125,0.087
"Psmb6",0.00080003069619554,1,0.259557465804918,-1.12304551260022,0.125,0.321,"reference_DPallm_only",0.0014422034854651,1,0.3493095866645,-1.07679856251405,0.123,0.299,"all_D01_D06","protein_coding",TRUE,"D06",0.321,0.196
"Tafa1",0.00112894217456122,1,0.320162045480414,-1.10800820788531,0.49,0.661,"reference_DPallm_only",0.000341816682787159,1,0.120873215367195,-1.08849092438013,0.481,0.669,"all_D01_D06","protein_coding",TRUE,"D06",0.661,0.171
"Wdr59",0.031961809092243,1,0.787036368575225,-1.10263601005727,0.048,0.134,"reference_DPallm_only",0.0164665100896518,1,0.705128679232399,-1.398294555893,0.047,0.142,"all_D01_D06","protein_coding",TRUE,"D06",0.134,0.086
"Elk1",0.041731588444196,1,0.787036368575225,-1.09976060652257,0.058,0.143,"reference_DPallm_only",0.0347911773124616,1,0.752855323920864,-1.1602703736817,0.057,0.142,"all_D01_D06","protein_coding",TRUE,"D06",0.143,0.085
"Cyp7b1",0.0348391465212724,1,0.787036368575225,-1.09510264430313,0.048,0.134,"reference_DPallm_only",0.0182406158449181,1,0.73721223516511,-1.32098712953254,0.047,0.142,"all_D01_D06","protein_coding",TRUE,"D06",0.134,0.086
"Igsf3",7.49459441657073e-06,0.132511923879387,0.00552101788687377,-1.08857391844802,0.442,0.723,"reference_DPallm_only",1.12985516743211e-05,0.199769692153672,0.00832373717306968,-1.02625721382272,0.453,0.717,"all_D01_D06","protein_coding",TRUE,"D06",0.723,0.281
"Rac1",0.041731588444196,1,0.787036368575225,-1.08037277462883,0.058,0.143,"reference_DPallm_only",0.0237185487298443,1,0.752855323920864,-1.26901802990953,0.057,0.15,"all_D01_D06","protein_coding",TRUE,"D06",0.143,0.085
"Thrap3",0.0225546639458865,1,0.787036368575225,-1.07870641592535,0.192,0.321,"reference_DPallm_only",0.0170382265668576,1,0.712181758696475,-1.16110634079477,0.189,0.315,"all_D01_D06","protein_coding",TRUE,"D06",0.321,0.129
"Drg1",0.00866666339792161,1,0.691899452328666,-1.07522688670679,0.221,0.375,"reference_DPallm_only",0.00446447510922181,1,0.530378050212718,-1.09316121627067,0.217,0.378,"all_D01_D06","protein_coding",TRUE,"D06",0.375,0.154
"Rnasel",0.0166582070138643,1,0.756565216929359,-1.07502238745916,0.087,0.205,"reference_DPallm_only",0.03498229931243,1,0.752855323920864,-0.852684025322046,0.094,0.197,"all_D01_D06","protein_coding",TRUE,"D06",0.205,0.118
"Sfmbt2",0.037812910607345,1,0.787036368575225,-1.07408682826241,0.067,0.161,"reference_DPallm_only",0.0342163952452104,1,0.752855323920864,-1.1512716514946,0.066,0.157,"all_D01_D06","protein_coding",TRUE,"D06",0.161,0.094
"Mindy4",0.0217954555648069,1,0.787036368575225,-1.07158046460942,0.163,0.295,"reference_DPallm_only",0.0324947323042224,1,0.752855323920864,-1.01957126051051,0.16,0.276,"all_D01_D06","protein_coding",TRUE,"D06",0.295,0.132
"Tbl3",0.0339268841564705,1,0.787036368575225,-1.0692810253922,0.106,0.214,"reference_DPallm_only",0.0383781908941404,1,0.752855323920864,-1.02904249346107,0.104,0.205,"all_D01_D06","protein_coding",TRUE,"D06",0.214,0.108
"Cited2",0.0293846168314881,1,0.787036368575225,-1.06784520377195,0.077,0.179,"reference_DPallm_only",0.0416487133057612,1,0.752855323920864,-1.00087508004141,0.075,0.165,"all_D01_D06","protein_coding",TRUE,"D06",0.179,0.102
"Bhlhe22",0.000150519141842038,1,0.0719237412910062,-1.06582247173555,0.192,0.438,"reference_DPallm_only",0.000214332474312397,1,0.0881305227515697,-1.01755779961754,0.189,0.417,"all_D01_D06","protein_coding",TRUE,"D06",0.438,0.246
"Cttn",0.0193070544737336,1,0.767853957702963,-1.05993934267235,0.192,0.33,"reference_DPallm_only",0.0319583317561689,1,0.752855323920864,-0.995186677045032,0.189,0.307,"all_D01_D06","protein_coding",TRUE,"D06",0.33,0.138
"Itpr1",3.68384535848149e-07,0.00651340697833112,0.000407064912112204,-1.05384473834389,0.567,0.804,"reference_DPallm_only",1.93471126360581e-08,0.000342076298518143,2.70120520364659e-05,-1.10704433723954,0.557,0.819,"all_D01_D06","protein_coding",TRUE,"D06",0.804,0.237
"Fgfr1",0.0136001380687566,1,0.735174689517033,-1.05215602664369,0.144,0.286,"reference_DPallm_only",0.0149208923959667,1,0.690618582337923,-1.00863146805363,0.142,0.276,"all_D01_D06","protein_coding",TRUE,"D06",0.286,0.142
"Cryzl1",0.012313950315847,1,0.730572622765688,-1.04851973148954,0.173,0.312,"reference_DPallm_only",0.0208223623743835,1,0.752855323920864,-0.974491381641347,0.17,0.291,"all_D01_D06","protein_coding",TRUE,"D06",0.312,0.139
"Cux2",4.92608212886402e-06,0.0870980581204447,0.00395877872901436,-1.03763309784981,0.615,0.786,"reference_DPallm_only",5.19617391203194e-05,0.918735509386368,0.0328119824780846,-0.911911597485547,0.613,0.756,"all_D01_D06","protein_coding",TRUE,"D06",0.786,0.171
"Lypla2",0.0429976122074569,1,0.787036368575225,-1.0351264736194,0.058,0.143,"reference_DPallm_only",0.0241715487302618,1,0.752855323920864,-1.21385585996285,0.057,0.15,"all_D01_D06","protein_coding",TRUE,"D06",0.143,0.085
"Noc2l",0.00559610036959714,1,0.637985529361486,-1.03319908313745,0.154,0.321,"reference_DPallm_only",0.0301473680652941,1,0.752855323920864,-0.726739905874663,0.17,0.299,"all_D01_D06","protein_coding",TRUE,"D06",0.321,0.167
"Exoc1",0.0310923371719238,1,0.787036368575225,-1.03140061221871,0.077,0.179,"reference_DPallm_only",0.0298861965043353,1,0.752855323920864,-1.0435310819809,0.075,0.173,"all_D01_D06","protein_coding",TRUE,"D06",0.179,0.102
"Faf2",0.00636934516295677,1,0.65999842828182,-1.03061227724135,0.192,0.357,"reference_DPallm_only",0.00554508273670632,1,0.566882721575026,-1.07797025677644,0.189,0.346,"all_D01_D06","protein_coding",TRUE,"D06",0.357,0.165
"Arl6ip5",0.0306154967028397,1,0.787036368575225,-1.02924301536054,0.135,0.25,"reference_DPallm_only",0.0448043473152127,1,0.752855323920864,-0.928625714310326,0.142,0.244,"all_D01_D06","protein_coding",TRUE,"D06",0.25,0.115
"Tns1",0.0109381182591482,1,0.70322156662451,-1.0187350060684,0.154,0.295,"reference_DPallm_only",0.00365663434590986,1,0.497068263765554,-1.39350152690719,0.151,0.307,"all_D01_D06","protein_coding",TRUE,"D06",0.295,0.141
"Csnk1d",0.00662549414729957,1,0.661800771323483,-1.01548563296717,0.125,0.286,"reference_DPallm_only",0.0125176462914015,1,0.687181577850573,-0.878283300643752,0.132,0.276,"all_D01_D06","protein_coding",TRUE,"D06",0.286,0.161
"Oxa1l",0.0204274820304265,1,0.784226779865414,-1.01381929935505,0.077,0.188,"reference_DPallm_only",0.0214600492435663,1,0.752855323920864,-0.975611808822683,0.075,0.181,"all_D01_D06","protein_coding",TRUE,"D06",0.188,0.111
"Ensa",0.0124952492580955,1,0.732207866458443,-1.00785371500317,0.144,0.286,"reference_DPallm_only",0.0180626413734173,1,0.735864848276722,-0.964523123487518,0.142,0.268,"all_D01_D06","protein_coding",TRUE,"D06",0.286,0.142
"Slc6a1",0.00319345750955452,1,0.542887776624269,-0.999938978183439,0.144,0.312,"reference_DPallm_only",0.00564761933404598,1,0.568066076536169,-0.93126559573103,0.142,0.291,"all_D01_D06","protein_coding",TRUE,"D06",0.312,0.168
"Fmc1",0.0137954703420946,1,0.735174689517033,-0.995709664867936,0.087,0.214,"reference_DPallm_only",0.0223751557937126,1,0.752855323920864,-0.919551759293811,0.085,0.197,"all_D01_D06","protein_coding",TRUE,"D06",0.214,0.127
"Pou3f1",0.0139949482311866,1,0.738413700957065,-0.994654608969945,0.212,0.366,"reference_DPallm_only",0.0139451078659008,1,0.687181577850573,-0.98176189384011,0.208,0.354,"all_D01_D06","protein_coding",TRUE,"D06",0.366,0.154
"Cwc27",0.0147746287599631,1,0.752782237683423,-0.992403457554855,0.183,0.33,"reference_DPallm_only",0.01214926631215,1,0.687181577850573,-1.01863136453983,0.179,0.323,"all_D01_D06","protein_coding",TRUE,"D06",0.33,0.147
"Neb",0.0224520039366727,1,0.787036368575225,-0.980653553891375,0.135,0.259,"reference_DPallm_only",0.0204383883964807,1,0.752855323920864,-1.00684410672524,0.132,0.252,"all_D01_D06","protein_coding",TRUE,"D06",0.259,0.124
"Apex2",0.0106898549266527,1,0.699271666111773,-0.979639784198336,0.192,0.348,"reference_DPallm_only",0.0150559403408266,1,0.690775439022005,-0.935925688854128,0.198,0.339,"all_D01_D06","protein_coding",TRUE,"D06",0.348,0.156
"Mapk3",0.0114646556823323,1,0.714434458062051,-0.969987615427589,0.106,0.241,"reference_DPallm_only",0.0143132843925344,1,0.687181577850573,-0.940393297063341,0.104,0.228,"all_D01_D06","protein_coding",TRUE,"D06",0.241,0.135
"Szrd1",0.00878537858350333,1,0.691899452328666,-0.961888144629205,0.106,0.25,"reference_DPallm_only",0.0219930775514289,1,0.752855323920864,-0.762081805371381,0.113,0.236,"all_D01_D06","protein_coding",TRUE,"D06",0.25,0.144
"Ccbe1",0.00785786908532806,1,0.691899452328666,-0.950935472639955,0.365,0.482,"reference_DPallm_only",0.0162120631039119,1,0.705128679232399,-0.846848329728474,0.368,0.465,"all_D01_D06","protein_coding",TRUE,"D06",0.482,0.117
"Nup50",0.0394326955314805,1,0.787036368575225,-0.94399906681613,0.115,0.223,"reference_DPallm_only",0.0335447322953494,1,0.752855323920864,-0.96237655028032,0.113,0.22,"all_D01_D06","protein_coding",TRUE,"D06",0.223,0.108
"Slc6a6",0.0227783093669552,1,0.787036368575225,-0.915884780972336,0.212,0.357,"reference_DPallm_only",0.0499145382789025,1,0.752855323920864,-0.778052815822624,0.217,0.339,"all_D01_D06","protein_coding",TRUE,"D06",0.357,0.145
"Kif26b",9.88462381344225e-08,0.00174770033645473,0.000154751008967502,-0.911054572393602,0.779,0.884,"reference_DPallm_only",2.29562891153766e-07,0.00405890147848974,0.000270593431899316,-0.847404955341386,0.783,0.882,"all_D01_D06","protein_coding",TRUE,"D06",0.884,0.105
"Cnbd1",0.0321359477620208,1,0.787036368575225,-0.910648885929912,0.058,0.152,"reference_DPallm_only",0.0420441259152437,1,0.752855323920864,-0.827275248844587,0.057,0.142,"all_D01_D06","protein_coding",TRUE,"D06",0.152,0.094
"Lin7a",0.00510036734199979,1,0.637985529361486,-0.900527639716987,0.106,0.268,"reference_DPallm_only",0.00693141354171025,1,0.60049855752186,-0.911214378333198,0.104,0.252,"all_D01_D06","protein_coding",TRUE,"D06",0.268,0.162
"Gps2",0.0170399402086735,1,0.756565216929359,-0.8994258231588,0.096,0.223,"reference_DPallm_only",0.0281294680922982,1,0.752855323920864,-0.817050759693465,0.094,0.205,"all_D01_D06","protein_coding",TRUE,"D06",0.223,0.127
"Adamts10",0.0275945016433953,1,0.787036368575225,-0.890572027258233,0.163,0.286,"reference_DPallm_only",0.0427620436441421,1,0.752855323920864,-0.80543459002767,0.16,0.268,"all_D01_D06","protein_coding",TRUE,"D06",0.286,0.123
"Clybl",0.0469506040107236,1,0.787036368575225,-0.866506280499311,0.125,0.232,"reference_DPallm_only",0.0390811304630994,1,0.752855323920864,-0.893516288220881,0.123,0.228,"all_D01_D06","protein_coding",TRUE,"D06",0.232,0.107
"Acvr1",0.00404429476682319,1,0.616406305839948,-0.855846799878243,0.337,0.509,"reference_DPallm_only",0.00791561499777518,1,0.61384205603361,-0.796580382618736,0.33,0.48,"all_D01_D06","protein_coding",TRUE,"D06",0.509,0.172
"Mnat1",0.0365636177856748,1,0.787036368575225,-0.842081130195641,0.212,0.339,"reference_DPallm_only",0.0313142177051443,1,0.752855323920864,-0.91099434866889,0.208,0.331,"all_D01_D06","protein_coding",TRUE,"D06",0.339,0.127
"Malrd1",0.0269890591309125,1,0.787036368575225,-0.832499845490194,0.24,0.384,"reference_DPallm_only",0.0482958993849335,1,0.752855323920864,-0.774924818191126,0.236,0.354,"all_D01_D06","protein_coding",TRUE,"D06",0.384,0.144
"Psip1",0.0193529232215194,1,0.767853957702963,-0.824773290903918,0.24,0.384,"reference_DPallm_only",0.0381319890101584,1,0.752855323920864,-0.7686925824776,0.236,0.354,"all_D01_D06","protein_coding",TRUE,"D06",0.384,0.144
"Cirbp",0.0323961711111879,1,0.787036368575225,-0.823208709003478,0.192,0.321,"reference_DPallm_only",0.0274137244845347,1,0.752855323920864,-0.834768988799836,0.189,0.315,"all_D01_D06","protein_coding",TRUE,"D06",0.321,0.129
"Fstl4",0.0433080732625397,1,0.787036368575225,-0.810482722904207,0.24,0.357,"reference_DPallm_only",0.0400464091375863,1,0.752855323920864,-0.84679818942738,0.236,0.346,"all_D01_D06","protein_coding",TRUE,"D06",0.357,0.117
"Rhou",0.0389188987285776,1,0.787036368575225,-0.785482419489896,0.125,0.25,"reference_DPallm_only",0.0331017911407094,1,0.752855323920864,-0.834236883208667,0.123,0.244,"all_D01_D06","protein_coding",TRUE,"D06",0.25,0.125
"Prr16",0.0319862062641856,1,0.787036368575225,-0.782550688091302,0.25,0.384,"reference_DPallm_only",0.0355754552064807,1,0.752855323920864,-0.759933974139304,0.245,0.37,"all_D01_D06","protein_coding",TRUE,"D06",0.384,0.134
"Sppl2b",0.0318974778512403,1,0.787036368575225,-0.780947500356645,0.115,0.232,"reference_DPallm_only",0.0130528774683244,1,0.687181577850573,-0.925791263060348,0.113,0.244,"all_D01_D06","protein_coding",TRUE,"D06",0.232,0.117
"Ptcd3",0.0496735277987531,1,0.787036368575225,-0.780132263874474,0.106,0.205,"reference_DPallm_only",0.0309138892438471,1,0.752855323920864,-0.930636340494413,0.113,0.22,"all_D01_D06","protein_coding",TRUE,"D06",0.205,0.099
"Hras",0.0125321005980651,1,0.732207866458443,-0.777059914029246,0.202,0.366,"reference_DPallm_only",0.0382363999750949,1,0.752855323920864,-0.621298898268678,0.208,0.339,"all_D01_D06","protein_coding",TRUE,"D06",0.366,0.164
"Ush2a",0.0428956881529142,1,0.787036368575225,-0.771446421792302,0.221,0.348,"reference_DPallm_only",0.0497086098319109,1,0.752855323920864,-0.765588389532581,0.217,0.331,"all_D01_D06","protein_coding",TRUE,"D06",0.348,0.127
"Cbl",0.0101048823434157,1,0.691899452328666,-0.763833733853472,0.288,0.464,"reference_DPallm_only",0.0323954873795377,1,0.752855323920864,-0.634032680349918,0.302,0.441,"all_D01_D06","protein_coding",TRUE,"D06",0.464,0.176
"Gnai2",0.00935315799942379,1,0.691899452328666,-0.761985862433138,0.385,0.536,"reference_DPallm_only",0.00715121380143229,1,0.60049855752186,-0.74052467744287,0.387,0.535,"all_D01_D06","protein_coding",TRUE,"D06",0.536,0.151
"Gramd1b",0.000402404708222958,1,0.158100338697375,-0.751566211469385,0.673,0.768,"reference_DPallm_only",0.0125523394546384,1,0.687181577850573,-0.566252596515929,0.679,0.717,"all_D01_D06","protein_coding",TRUE,"D06",0.768,0.095
"Vezf1",0.0479534569247455,1,0.787036368575225,-0.743328157569624,0.077,0.17,"reference_DPallm_only",0.0440947981056184,1,0.752855323920864,-1.04448676726825,0.075,0.165,"all_D01_D06","protein_coding",TRUE,"D06",0.17,0.093
"Dock2",0.0484422159072968,1,0.787036368575225,-0.743242436350606,0.26,0.384,"reference_DPallm_only",0.0491608997645993,1,0.752855323920864,-0.718047713139686,0.255,0.37,"all_D01_D06","protein_coding",TRUE,"D06",0.384,0.124
"Sptlc2",0.0440772518354536,1,0.787036368575225,-0.735015702717753,0.154,0.268,"reference_DPallm_only",0.0154300654405149,1,0.690775439022005,-0.859646500909445,0.151,0.283,"all_D01_D06","protein_coding",TRUE,"D06",0.268,0.114
"Akap12",0.0272646561740905,1,0.787036368575225,-0.729246233817525,0.25,0.375,"reference_DPallm_only",0.0102977594681212,1,0.686278516764415,-0.819857013996299,0.245,0.386,"all_D01_D06","protein_coding",TRUE,"D06",0.375,0.125
"Enc1",0.015508235404439,1,0.756565216929359,-0.715240874761906,0.327,0.491,"reference_DPallm_only",0.0422663364124324,1,0.752855323920864,-0.586001619030475,0.33,0.465,"all_D01_D06","protein_coding",TRUE,"D06",0.491,0.164
"Ccdc50",0.0496784260394211,1,0.787036368575225,-0.687754698835833,0.192,0.312,"reference_DPallm_only",0.0301980581645464,1,0.752855323920864,-0.747788018726009,0.189,0.315,"all_D01_D06","protein_coding",TRUE,"D06",0.312,0.12
"Dtx4",0.00874841553788407,1,0.691899452328666,-0.681643948183003,0.375,0.536,"reference_DPallm_only",0.0215813442158465,1,0.752855323920864,-0.667377965871391,0.368,0.496,"all_D01_D06","protein_coding",TRUE,"D06",0.536,0.161
"Uqcrh",0.0107975771973141,1,0.699271666111773,-0.675852551313738,0.163,0.321,"reference_DPallm_only",0.0175287001634459,1,0.720755692069506,-0.617338655124874,0.16,0.299,"all_D01_D06","protein_coding",TRUE,"D06",0.321,0.158
"Skiv2l",0.0375434833156678,1,0.787036368575225,-0.66596826953885,0.231,0.366,"reference_DPallm_only",0.0298473118640934,1,0.752855323920864,-0.658341219618206,0.226,0.362,"all_D01_D06","protein_coding",TRUE,"D06",0.366,0.135
"Hmgn2",0.0410673101075462,1,0.787036368575225,-0.661071969230401,0.269,0.393,"reference_DPallm_only",0.0435620981459819,1,0.752855323920864,-0.656607981075605,0.264,0.378,"all_D01_D06","protein_coding",TRUE,"D06",0.393,0.124
"Vps35l",0.0499257003861517,1,0.787036368575225,-0.659561380325393,0.25,0.366,"reference_DPallm_only",0.0262295521946551,1,0.752855323920864,-0.728736802876009,0.245,0.37,"all_D01_D06","protein_coding",TRUE,"D06",0.366,0.116
"Atpif1",0.00171366198930674,1,0.421625681889274,-0.647828487617785,0.567,0.723,"reference_DPallm_only",0.000989106899674067,1,0.261020881987122,-0.659797860831667,0.566,0.732,"all_D01_D06","protein_coding",TRUE,"D06",0.723,0.156
"Apoo",0.0267760528712286,1,0.787036368575225,-0.645443815592711,0.048,0.143,"reference_DPallm_only",0.0490104708014997,1,0.752855323920864,-0.491594787300256,0.047,0.126,"all_D01_D06","protein_coding",TRUE,"D06",0.143,0.095
"Crmp1",4.50935804758476e-05,0.797299596393462,0.0284733751004638,-0.641299063305161,0.663,0.839,"reference_DPallm_only",7.97338106158525e-05,1,0.0454765646935125,-0.618610505651248,0.67,0.827,"all_D01_D06","protein_coding",TRUE,"D06",0.839,0.176
"Cd24a",0.00964527299018272,1,0.691899452328666,-0.615881603765628,0.442,0.571,"reference_DPallm_only",0.00378658779071229,1,0.507201960057454,-0.613611122018862,0.453,0.598,"all_D01_D06","protein_coding",TRUE,"D06",0.571,0.129
"Aff2",0.0105047947529261,1,0.693137694782486,-0.615557578255747,0.577,0.723,"reference_DPallm_only",0.0384211001372095,1,0.752855323920864,-0.511295123985339,0.585,0.693,"all_D01_D06","protein_coding",TRUE,"D06",0.723,0.146
"Plxnb2",0.049016735924082,1,0.787036368575225,-0.587662110418349,0.26,0.393,"reference_DPallm_only",0.0167145270786043,1,0.708889351676909,-0.690065923987534,0.255,0.409,"all_D01_D06","protein_coding",TRUE,"D06",0.393,0.133
"Limch1",0.0129008988222077,1,0.735174689517033,-0.575709672525172,0.567,0.741,"reference_DPallm_only",0.0257389482492254,1,0.752855323920864,-0.524169096126895,0.566,0.709,"all_D01_D06","protein_coding",TRUE,"D06",0.741,0.174
"Mapre1",0.0465001094051837,1,0.787036368575225,-0.568569275291851,0.337,0.491,"reference_DPallm_only",0.031176610274907,1,0.752855323920864,-0.578573407462153,0.34,0.496,"all_D01_D06","protein_coding",TRUE,"D06",0.491,0.154
"Syn1",0.0189105743382045,1,0.767853957702963,-0.563984192573909,0.519,0.67,"reference_DPallm_only",0.0118789518182553,1,0.687181577850573,-0.628186993518275,0.509,0.661,"all_D01_D06","protein_coding",TRUE,"D06",0.67,0.151
"Draxin",0.0208387212829627,1,0.787036368575225,-0.555639097806787,0.375,0.545,"reference_DPallm_only",0.0374421289958597,1,0.752855323920864,-0.496331774374217,0.368,0.512,"all_D01_D06","protein_coding",TRUE,"D06",0.545,0.17
"Rnf10",0.0168054312668286,1,0.756565216929359,-0.555191562567231,0.51,0.643,"reference_DPallm_only",0.0116464586108772,1,0.687181577850573,-0.638245315913446,0.509,0.638,"all_D01_D06","protein_coding",TRUE,"D06",0.643,0.133
"Cyp51",0.03288586226552,1,0.787036368575225,-0.540004503145135,0.154,0.286,"reference_DPallm_only",0.0238973855507168,1,0.752855323920864,-0.668194541800553,0.151,0.283,"all_D01_D06","protein_coding",TRUE,"D06",0.286,0.132
"Hs6st2",0.0195768830619323,1,0.767853957702963,-0.521355624753184,0.5,0.679,"reference_DPallm_only",0.0495562582317582,1,0.752855323920864,-0.432557921354418,0.5,0.646,"all_D01_D06","protein_coding",TRUE,"D06",0.679,0.179
"Bcl11a",0.00706961475988816,1,0.691899452328666,-0.519099142232958,0.635,0.786,"reference_DPallm_only",0.00720838538493035,1,0.60049855752186,-0.489945817842638,0.632,0.787,"all_D01_D06","protein_coding",TRUE,"D06",0.786,0.151
"Ttc28",0.000454294688569536,1,0.169523143737713,-0.49693301622495,0.875,0.929,"reference_DPallm_only",0.000755410079464223,1,0.218957469098474,-0.451367130967337,0.877,0.913,"all_D01_D06","protein_coding",TRUE,"D06",0.929,0.054
"Gpc5",0.028471098796711,1,0.787036368575225,-0.480733525670492,0.558,0.67,"reference_DPallm_only",0.0388317114744165,1,0.752855323920864,-0.432686066690192,0.557,0.654,"all_D01_D06","protein_coding",TRUE,"D06",0.67,0.112
"Dync1i2",0.0279517088152087,1,0.787036368575225,-0.47436052093084,0.462,0.58,"reference_DPallm_only",0.0345544231288001,1,0.752855323920864,-0.470738834036472,0.453,0.559,"all_D01_D06","protein_coding",TRUE,"D06",0.58,0.118
"Gab1",0.0238149741401183,1,0.787036368575225,-0.459744800055694,0.096,0.214,"reference_DPallm_only",0.0263983281000588,1,0.752855323920864,-0.463723049087181,0.094,0.205,"all_D01_D06","protein_coding",TRUE,"D06",0.214,0.118
"Reps2",0.0376696406758237,1,0.787036368575225,-0.425986995355104,0.375,0.518,"reference_DPallm_only",0.0421895888463586,1,0.752855323920864,-0.470275811153556,0.377,0.504,"all_D01_D06","protein_coding",TRUE,"D06",0.518,0.143
"Atp5d",0.0230452478485253,1,0.787036368575225,-0.371731249829756,0.74,0.83,"reference_DPallm_only",0.0234992427395916,1,0.752855323920864,-0.36923165053902,0.736,0.819,"all_D01_D06","protein_coding",TRUE,"D06",0.83,0.09
