barcode,x,y,reference_domain,haf_domain,rna_cluster_raw,rna_cluster_aligned,atac_cluster_raw,atac_cluster_aligned,case_domain
GACCTTGATCCTACCA-1,42.0,22.0,Cartilage-2,HiFuse-D02,13,Cartilage-2,7,Muscle,Other
ACCGCCAAGCTAACTT-1,46.0,48.0,Mesenchyme,HiFuse-D10,11,Thalamus,5,Diencephalonand hindbrain,Other
GCGTTGGACTAAGAGA-1,28.0,20.0,Diencephalonand hindbrain,HiFuse-D08,10,Diencephalonand hindbrain,5,Diencephalonand hindbrain,Other
TGAGTCTGCGACGCGA-1,23.0,39.0,DPallm,HiFuse-D01,12,DPallm,1,DPallm,D01
TCGGCCTTCGACGCGA-1,39.0,39.0,Diencephalonand hindbrain,HiFuse-D08,10,Diencephalonand hindbrain,9,Midbrain,Other
TCTGATACGCCATTCT-1,9.0,17.0,DPallv,HiFuse-D07,7,Muscle,3,DPallv,Other
ACTTAACCTGAGTCTG-1,44.0,28.0,Diencephalonand hindbrain,HiFuse-D08,10,Diencephalonand hindbrain,5,Diencephalonand hindbrain,Other
ATCATATTGGTACTGC-1,15.0,15.0,Subpallium-1,HiFuse-D12,3,Subpallium-1,4,Subpallium-1,Other
TTATCCGGCAACCGCT-1,10.0,8.0,Cartilage-2,HiFuse-D05,8,Cartilage-4,5,Diencephalonand hindbrain,Other
TCCTACCAGCTAACTT-1,29.0,48.0,Diencephalonand hindbrain,HiFuse-D08,10,Diencephalonand hindbrain,5,Diencephalonand hindbrain,Other
CTAAGAGAAGAACGTC-1,31.0,13.0,Mesenchyme,HiFuse-D05,13,Cartilage-2,5,Diencephalonand hindbrain,Other
TGCGGACCATAAGGAG-1,22.0,1.0,Cartilage-3,HiFuse-D05,14,Cartilage-3,5,Diencephalonand hindbrain,Other
ACTCAATAACTTAACC-1,30.0,7.0,Cartilage-1,HiFuse-D02,9,Cartilage-1,13,Cartilage-1,Other
GCTAACTTACTCAATA-1,3.0,21.0,DPallm,HiFuse-D06,5,Basal plateof hindbrain,6,Thalamus,D06
TCGGCCTTGACCTTGA-1,39.0,9.0,Cartilage-3,HiFuse-D03,9,Cartilage-1,7,Muscle,Other
TGCGGACCATCATATT-1,22.0,36.0,Mesenchyme,HiFuse-D06,10,Diencephalonand hindbrain,5,Diencephalonand hindbrain,D06
CCGATTCCACTATGCA-1,47.0,38.0,Diencephalonand hindbrain,HiFuse-D08,10,Diencephalonand hindbrain,5,Diencephalonand hindbrain,Other
TCCTACCATAGAATTA-1,29.0,16.0,Diencephalonand hindbrain,HiFuse-D08,7,Muscle,5,Diencephalonand hindbrain,Other
CTAAGAGACAACCGCT-1,31.0,8.0,Cartilage-1,HiFuse-D02,9,Cartilage-1,5,Diencephalonand hindbrain,Other
TCCGGCCTTAGAGTAA-1,6.0,10.0,Cartilage-4,HiFuse-D05,4,Subpallium-2,5,Diencephalonand hindbrain,Other
ACCGCCAACATACTCC-1,46.0,47.0,Midbrain,HiFuse-D10,6,Mesenchyme,5,Diencephalonand hindbrain,Other
AGAGCTATTAGATCTA-1,32.0,31.0,Diencephalonand hindbrain,HiFuse-D08,10,Diencephalonand hindbrain,5,Diencephalonand hindbrain,Other
TCCTACCAGGTATGCT-1,29.0,49.0,Diencephalonand hindbrain,HiFuse-D08,10,Diencephalonand hindbrain,5,Diencephalonand hindbrain,Other
GGTACTGCTTATTCAT-1,36.0,33.0,Diencephalonand hindbrain,HiFuse-D08,11,Thalamus,5,Diencephalonand hindbrain,Other
AATTAAGATCTGATAC-1,19.0,42.0,DPallv,HiFuse-D07,2,DPallv,3,DPallv,Other
TGGTCAGCTCCTACCA-1,14.0,22.0,Subpallium-1,HiFuse-D12,3,Subpallium-1,4,Subpallium-1,Other
ACTATGCAAAGAAGCT-1,13.0,44.0,Cartilage-2,HiFuse-D11,7,Muscle,5,Diencephalonand hindbrain,Other
TAGAATTATAGAATTA-1,35.0,16.0,Diencephalonand hindbrain,HiFuse-D09,6,Mesenchyme,5,Diencephalonand hindbrain,Other
TGAGTCTGGATCTTAC-1,23.0,24.0,Diencephalonand hindbrain,HiFuse-D05,6,Mesenchyme,5,Diencephalonand hindbrain,Other
TCCTACCAAATTAAGA-1,29.0,32.0,Diencephalonand hindbrain,HiFuse-D08,10,Diencephalonand hindbrain,5,Diencephalonand hindbrain,Other
CGACGCGAGCAGGTCC-1,12.0,11.0,DPallm,HiFuse-D08,10,Diencephalonand hindbrain,5,Diencephalonand hindbrain,Other
TAGAATTACTGATGGT-1,35.0,25.0,Mesenchyme,HiFuse-D08,2,DPallv,5,Diencephalonand hindbrain,Other
CTAAGAGAACCGCCAA-1,31.0,5.0,Cartilage-3,HiFuse-D05,8,Cartilage-4,5,Diencephalonand hindbrain,Other
TGCGGACCGCGTTGGA-1,22.0,23.0,Diencephalonand hindbrain,HiFuse-D05,7,Muscle,5,Diencephalonand hindbrain,Other
ACCGCCAATTATCCGG-1,46.0,41.0,Diencephalonand hindbrain,HiFuse-D08,10,Diencephalonand hindbrain,5,Diencephalonand hindbrain,Other
AACCTGCGGACCTTGA-1,1.0,9.0,Cartilage-3,HiFuse-D04,9,Cartilage-1,14,Cartilage-3,Other
AGAGAAGGCCGATTCC-1,5.0,4.0,Cartilage-4,HiFuse-D05,14,Cartilage-3,8,Cartilage-4,Other
CAACCGCTTGCCGGCA-1,43.0,34.0,Diencephalonand hindbrain,HiFuse-D08,10,Diencephalonand hindbrain,9,Midbrain,Other
CTGATGGTCTTGCGCC-1,26.0,14.0,Diencephalonand hindbrain,HiFuse-D08,7,Muscle,5,Diencephalonand hindbrain,Other
GGTACTGCCCGAGAAT-1,36.0,26.0,Mesenchyme,HiFuse-D10,11,Thalamus,5,Diencephalonand hindbrain,Other
TGCCGGCATAGATCTA-1,17.0,31.0,Mesenchyme,HiFuse-D10,11,Thalamus,10,Mesenchyme,Other
CGACGCGAATCATATT-1,12.0,36.0,DPallm,HiFuse-D01,12,DPallm,1,DPallm,D01
GCGTTGGAACTTAACC-1,28.0,7.0,Cartilage-1,HiFuse-D02,4,Subpallium-2,13,Cartilage-1,Other
TGCCGGCATTATCCGG-1,17.0,41.0,DPallm,HiFuse-D01,12,DPallm,1,DPallm,D01
CCGAGAATTTATTCAT-1,25.0,33.0,Thalamus,HiFuse-D14,11,Thalamus,5,Diencephalonand hindbrain,Other
TGCGGACCTCGGCCTT-1,22.0,12.0,Subpallium-1,HiFuse-D11,3,Subpallium-1,5,Diencephalonand hindbrain,Other
TCGGCCTTGGTATGCT-1,39.0,49.0,Diencephalonand hindbrain,HiFuse-D08,10,Diencephalonand hindbrain,5,Diencephalonand hindbrain,Other
GACCTTGATTATCCGG-1,42.0,41.0,Diencephalonand hindbrain,HiFuse-D08,10,Diencephalonand hindbrain,5,Diencephalonand hindbrain,Other
GCCGCAACCGACGCGA-1,24.0,39.0,DPallm,HiFuse-D06,12,DPallm,5,Diencephalonand hindbrain,D06
AGAGCTATACTTAACC-1,32.0,7.0,Cartilage-1,HiFuse-D02,9,Cartilage-1,13,Cartilage-1,Other
CCGATTCCCTGATGGT-1,47.0,25.0,Basal plateof hindbrain,HiFuse-D08,6,Mesenchyme,9,Midbrain,Other
TAGATCTAAGAGAAGG-1,20.0,46.0,Cartilage-2,HiFuse-D06,6,Mesenchyme,5,Diencephalonand hindbrain,D06
TAGAGTAATAGAGTAA-1,41.0,10.0,Muscle,HiFuse-D05,9,Cartilage-1,5,Diencephalonand hindbrain,Other
GATCTTACTGCCGGCA-1,27.0,34.0,Thalamus,HiFuse-D14,10,Diencephalonand hindbrain,5,Diencephalonand hindbrain,Other
ACTTAACCGCTAACTT-1,44.0,48.0,Diencephalonand hindbrain,HiFuse-D05,10,Diencephalonand hindbrain,5,Diencephalonand hindbrain,Other
CCGATTCCGCGTTGGA-1,47.0,23.0,Cartilage-2,HiFuse-D03,10,Diencephalonand hindbrain,11,Cartilage-2,Other
AATTAAGAGCCATTCT-1,19.0,17.0,Subpallium-1,HiFuse-D12,3,Subpallium-1,5,Diencephalonand hindbrain,Other
ATCATATTATCATATT-1,15.0,36.0,DPallv,HiFuse-D07,2,DPallv,3,DPallv,Other
GCCGCAACTTATTCAT-1,24.0,33.0,Thalamus,HiFuse-D14,10,Diencephalonand hindbrain,5,Diencephalonand hindbrain,Other
CCGATTCCAACCTGCG-1,47.0,50.0,Mesenchyme,HiFuse-D05,9,Cartilage-1,5,Diencephalonand hindbrain,Other
ACGGAGGCTCCGGCCT-1,21.0,45.0,DPallm,HiFuse-D06,5,Basal plateof hindbrain,5,Diencephalonand hindbrain,D06
ATAAGGAGCTAAGAGA-1,50.0,20.0,Cartilage-2,HiFuse-D03,11,Thalamus,7,Muscle,Other
CGAACGCCAAGAAGCT-1,49.0,44.0,Diencephalonand hindbrain,HiFuse-D08,10,Diencephalonand hindbrain,5,Diencephalonand hindbrain,Other
TGCGGACCTGCCGGCA-1,22.0,34.0,Mesenchyme,HiFuse-D10,11,Thalamus,10,Mesenchyme,Other
AGAGCTATAGAGAAGG-1,32.0,46.0,Diencephalonand hindbrain,HiFuse-D08,10,Diencephalonand hindbrain,9,Midbrain,Other
GCCGCAACTTGACTTC-1,24.0,18.0,Diencephalonand hindbrain,HiFuse-D12,7,Muscle,5,Diencephalonand hindbrain,Other
TTGACTTCACTATGCA-1,33.0,38.0,Diencephalonand hindbrain,HiFuse-D08,10,Diencephalonand hindbrain,9,Midbrain,Other
GCTAACTTAGAACGTC-1,3.0,13.0,Cartilage-2,HiFuse-D05,1,Midbrain,5,Diencephalonand hindbrain,Other
TTACCGAGAATTAAGA-1,16.0,32.0,DPallv,HiFuse-D13,2,DPallv,10,Mesenchyme,Other
CTGATGGTGCTAACTT-1,26.0,48.0,Mesenchyme,HiFuse-D09,6,Mesenchyme,5,Diencephalonand hindbrain,Other
CCGATTCCTGCCGGCA-1,47.0,34.0,Diencephalonand hindbrain,HiFuse-D08,10,Diencephalonand hindbrain,9,Midbrain,Other
ACTTAACCTTACCGAG-1,44.0,35.0,Diencephalonand hindbrain,HiFuse-D08,10,Diencephalonand hindbrain,5,Diencephalonand hindbrain,Other
ACCGCCAAAACCTGCG-1,46.0,50.0,Mesenchyme,HiFuse-D05,8,Cartilage-4,5,Diencephalonand hindbrain,Other
GATCTTACTCCTACCA-1,27.0,22.0,Mesenchyme,HiFuse-D09,1,Midbrain,5,Diencephalonand hindbrain,Other
GATACGGAGATCTTAC-1,11.0,24.0,DPallv,HiFuse-D07,2,DPallv,2,Subpallium-2,Other
TGAGTCTGGCCATTCT-1,23.0,17.0,Diencephalonand hindbrain,HiFuse-D08,3,Subpallium-1,5,Diencephalonand hindbrain,Other
GCCATTCTGGTATGCT-1,34.0,49.0,Diencephalonand hindbrain,HiFuse-D08,10,Diencephalonand hindbrain,5,Diencephalonand hindbrain,Other
ACGGAGGCTGCCGGCA-1,21.0,34.0,Mesenchyme,HiFuse-D10,2,DPallv,10,Mesenchyme,Other
AGAACGTCTTACCGAG-1,38.0,35.0,Diencephalonand hindbrain,HiFuse-D08,10,Diencephalonand hindbrain,9,Midbrain,Other
TTGACTTCTGCCGGCA-1,33.0,34.0,Diencephalonand hindbrain,HiFuse-D08,10,Diencephalonand hindbrain,5,Diencephalonand hindbrain,Other
GCAGGTCCTGGTCAGC-1,40.0,37.0,Diencephalonand hindbrain,HiFuse-D08,10,Diencephalonand hindbrain,5,Diencephalonand hindbrain,Other
TTGACTTCTGAGTCTG-1,33.0,28.0,Mesenchyme,HiFuse-D08,10,Diencephalonand hindbrain,5,Diencephalonand hindbrain,Other
CTTGCGCCTGGTCAGC-1,37.0,37.0,Diencephalonand hindbrain,HiFuse-D08,10,Diencephalonand hindbrain,9,Midbrain,Other
TAGATCTAGGTATGCT-1,20.0,49.0,Cartilage-2,HiFuse-D11,9,Cartilage-1,5,Diencephalonand hindbrain,Other
TAGAATTATGGTCAGC-1,35.0,37.0,Diencephalonand hindbrain,HiFuse-D08,10,Diencephalonand hindbrain,5,Diencephalonand hindbrain,Other
TGCCGGCATCTGATAC-1,17.0,42.0,DPallm,HiFuse-D01,12,DPallm,1,DPallm,D01
GATCTTACCTGATGGT-1,27.0,25.0,Diencephalonand hindbrain,HiFuse-D08,10,Diencephalonand hindbrain,5,Diencephalonand hindbrain,Other
CGAACGCCACTCAATA-1,49.0,21.0,Cartilage-3,HiFuse-D03,9,Cartilage-1,7,Muscle,Other
TTGACTTCTTATTCAT-1,33.0,33.0,Diencephalonand hindbrain,HiFuse-D08,10,Diencephalonand hindbrain,5,Diencephalonand hindbrain,Other
TAGAATTAACTCAATA-1,35.0,21.0,Mesenchyme,HiFuse-D10,6,Mesenchyme,5,Diencephalonand hindbrain,Other
CGACGCGACGACGCGA-1,12.0,39.0,DPallm,HiFuse-D06,12,DPallm,12,Basal plateof hindbrain,D06
ACGGAGGCCTAAGAGA-1,21.0,20.0,Diencephalonand hindbrain,HiFuse-D08,7,Muscle,5,Diencephalonand hindbrain,Other
ACGGAGGCTCCTACCA-1,21.0,22.0,Diencephalonand hindbrain,HiFuse-D08,7,Muscle,5,Diencephalonand hindbrain,Other
ACGGAGGCGCAGGTCC-1,21.0,11.0,Diencephalonand hindbrain,HiFuse-D11,7,Muscle,5,Diencephalonand hindbrain,Other
TAGATCTACCAGTTCC-1,20.0,6.0,Muscle,HiFuse-D05,9,Cartilage-1,8,Cartilage-4,Other
TGAGTCTGTAGAATTA-1,23.0,16.0,Diencephalonand hindbrain,HiFuse-D08,10,Diencephalonand hindbrain,5,Diencephalonand hindbrain,Other
TGAGTCTGGCTAACTT-1,23.0,48.0,Cartilage-2,HiFuse-D09,13,Cartilage-2,5,Diencephalonand hindbrain,Other
TTGACTTCAGAGAAGG-1,33.0,46.0,Diencephalonand hindbrain,HiFuse-D08,10,Diencephalonand hindbrain,5,Diencephalonand hindbrain,Other
GAAGATCGGGTACTGC-1,8.0,15.0,DPallm,HiFuse-D01,7,Muscle,5,Diencephalonand hindbrain,D01
CTTGCGCCTAGATCTA-1,37.0,31.0,Cartilage-2,HiFuse-D09,13,Cartilage-2,5,Diencephalonand hindbrain,Other
AGAGAAGGAGAACGTC-1,5.0,13.0,DPallm,HiFuse-D06,5,Basal plateof hindbrain,6,Thalamus,D06
CTAAGAGACGACGCGA-1,31.0,39.0,Diencephalonand hindbrain,HiFuse-D08,10,Diencephalonand hindbrain,5,Diencephalonand hindbrain,Other
CCGATTCCTTACCGAG-1,47.0,35.0,Diencephalonand hindbrain,HiFuse-D08,10,Diencephalonand hindbrain,9,Midbrain,Other
GCCATTCTACTCAATA-1,34.0,21.0,Mesenchyme,HiFuse-D09,13,Cartilage-2,5,Diencephalonand hindbrain,Other
GCTAACTTCTTGCGCC-1,3.0,14.0,Cartilage-2,HiFuse-D05,13,Cartilage-2,5,Diencephalonand hindbrain,Other
TGCGGACCGGTACTGC-1,22.0,15.0,Subpallium-1,HiFuse-D11,7,Muscle,5,Diencephalonand hindbrain,Other
GCAGGTCCACTATGCA-1,40.0,38.0,Diencephalonand hindbrain,HiFuse-D08,10,Diencephalonand hindbrain,9,Midbrain,Other
GAAGATCGACCGCCAA-1,8.0,5.0,Cartilage-3,HiFuse-D05,8,Cartilage-4,7,Muscle,Other
GACCTTGAAATTAAGA-1,42.0,32.0,Diencephalonand hindbrain,HiFuse-D08,10,Diencephalonand hindbrain,5,Diencephalonand hindbrain,Other
GCCATTCTAAGAAGCT-1,34.0,44.0,Diencephalonand hindbrain,HiFuse-D08,10,Diencephalonand hindbrain,5,Diencephalonand hindbrain,Other
GATACGGAGACCTTGA-1,11.0,9.0,Diencephalonand hindbrain,HiFuse-D05,8,Cartilage-4,5,Diencephalonand hindbrain,Other
GGTACTGCGACCTTGA-1,36.0,9.0,Cartilage-1,HiFuse-D02,9,Cartilage-1,13,Cartilage-1,Other
TTGACTTCTCCTACCA-1,33.0,22.0,Cartilage-2,HiFuse-D09,13,Cartilage-2,5,Diencephalonand hindbrain,Other
TTGACTTCGAAGATCG-1,33.0,43.0,Diencephalonand hindbrain,HiFuse-D08,10,Diencephalonand hindbrain,5,Diencephalonand hindbrain,Other
AGAACGTCGCAGGTCC-1,38.0,11.0,Cartilage-2,HiFuse-D03,9,Cartilage-1,11,Cartilage-2,Other
ACGGAGGCAGAGCTAT-1,21.0,19.0,Diencephalonand hindbrain,HiFuse-D12,7,Muscle,5,Diencephalonand hindbrain,Other
TTACCGAGTTGACTTC-1,16.0,18.0,Subpallium-1,HiFuse-D12,3,Subpallium-1,4,Subpallium-1,Other
GCGTTGGAGATCTTAC-1,28.0,24.0,Mesenchyme,HiFuse-D09,10,Diencephalonand hindbrain,5,Diencephalonand hindbrain,Other
TTACCGAGTGCGGACC-1,16.0,29.0,Subpallium-2,HiFuse-D13,2,DPallv,2,Subpallium-2,Other
ACTATGCATGCGGACC-1,13.0,29.0,DPallv,HiFuse-D07,2,DPallv,3,DPallv,Other
GATACGGAATCATATT-1,11.0,36.0,DPallm,HiFuse-D06,12,DPallm,12,Basal plateof hindbrain,D06
TCCGGCCTCTGATGGT-1,6.0,25.0,DPallm,HiFuse-D01,12,DPallm,5,Diencephalonand hindbrain,D01
CGACGCGATGCGGACC-1,12.0,29.0,DPallv,HiFuse-D07,2,DPallv,3,DPallv,Other
CGACGCGATAGAATTA-1,12.0,16.0,Subpallium-1,HiFuse-D12,3,Subpallium-1,4,Subpallium-1,Other
TCTGATACTGCCGGCA-1,9.0,34.0,DPallm,HiFuse-D06,12,DPallm,12,Basal plateof hindbrain,D06
CAACCGCTTTGACTTC-1,43.0,18.0,Cartilage-2,HiFuse-D03,5,Basal plateof hindbrain,11,Cartilage-2,Other
TGCCGGCAAGAGAAGG-1,17.0,46.0,Mesenchyme,HiFuse-D11,9,Cartilage-1,5,Diencephalonand hindbrain,Other
AGAGCTATAACCTGCG-1,32.0,50.0,Diencephalonand hindbrain,HiFuse-D08,11,Thalamus,5,Diencephalonand hindbrain,Other
GCGTTGGAAACCTGCG-1,28.0,50.0,Mesenchyme,HiFuse-D09,9,Cartilage-1,5,Diencephalonand hindbrain,Other
TGCCGGCATGGTCAGC-1,17.0,37.0,DPallv,HiFuse-D13,2,DPallv,3,DPallv,Other
TGGTCAGCACTATGCA-1,14.0,38.0,DPallm,HiFuse-D01,12,DPallm,1,DPallm,D01
ACGGAGGCTCGGCCTT-1,21.0,12.0,Subpallium-1,HiFuse-D11,3,Subpallium-1,5,Diencephalonand hindbrain,Other
ACTATGCACTTGCGCC-1,13.0,14.0,Diencephalonand hindbrain,HiFuse-D07,7,Muscle,3,DPallv,Other
TTACCGAGTCTGATAC-1,16.0,42.0,DPallm,HiFuse-D06,12,DPallm,12,Basal plateof hindbrain,D06
CTGATGGTAATTAAGA-1,26.0,32.0,Thalamus,HiFuse-D14,10,Diencephalonand hindbrain,5,Diencephalonand hindbrain,Other
GGCTGAGCTGGTCAGC-1,48.0,37.0,Diencephalonand hindbrain,HiFuse-D08,10,Diencephalonand hindbrain,5,Diencephalonand hindbrain,Other
GACCTTGACTTGCGCC-1,42.0,14.0,Cartilage-3,HiFuse-D04,9,Cartilage-1,14,Cartilage-3,Other
TCCTACCACATACTCC-1,29.0,47.0,Diencephalonand hindbrain,HiFuse-D08,10,Diencephalonand hindbrain,5,Diencephalonand hindbrain,Other
GCAGGTCCGCAGGTCC-1,40.0,11.0,Muscle,HiFuse-D05,7,Muscle,5,Diencephalonand hindbrain,Other
TGGTCAGCATCATATT-1,14.0,36.0,DPallm,HiFuse-D07,12,DPallm,12,Basal plateof hindbrain,Other
ACTATGCAGATCTTAC-1,13.0,24.0,Subpallium-1,HiFuse-D12,3,Subpallium-1,4,Subpallium-1,Other
TCCTACCAACTATGCA-1,29.0,38.0,Diencephalonand hindbrain,HiFuse-D08,10,Diencephalonand hindbrain,5,Diencephalonand hindbrain,Other
ATCATATTCCAGTTCC-1,15.0,6.0,Cartilage-3,HiFuse-D04,9,Cartilage-1,14,Cartilage-3,Other
AGAGCTATAATTAAGA-1,32.0,32.0,Diencephalonand hindbrain,HiFuse-D08,10,Diencephalonand hindbrain,5,Diencephalonand hindbrain,Other
GCGTTGGAGCAGGTCC-1,28.0,11.0,Diencephalonand hindbrain,HiFuse-D08,10,Diencephalonand hindbrain,5,Diencephalonand hindbrain,Other
GGTATGCTTAGAGTAA-1,2.0,10.0,Cartilage-3,HiFuse-D05,8,Cartilage-4,5,Diencephalonand hindbrain,Other
TCTGATACCAACCGCT-1,9.0,8.0,Cartilage-4,HiFuse-D05,4,Subpallium-2,5,Diencephalonand hindbrain,Other
TGCGGACCTCTGATAC-1,22.0,42.0,DPallv,HiFuse-D07,2,DPallv,3,DPallv,Other
CTAAGAGATGGTCAGC-1,31.0,37.0,Diencephalonand hindbrain,HiFuse-D08,10,Diencephalonand hindbrain,5,Diencephalonand hindbrain,Other
TAGAGTAAACTCAATA-1,41.0,21.0,Cartilage-1,HiFuse-D02,9,Cartilage-1,13,Cartilage-1,Other
CATACTCCGACCTTGA-1,4.0,9.0,Mesenchyme,HiFuse-D05,8,Cartilage-4,5,Diencephalonand hindbrain,Other
CTTGCGCCTCCTACCA-1,37.0,22.0,Mesenchyme,HiFuse-D09,13,Cartilage-2,5,Diencephalonand hindbrain,Other
GGTACTGCTCCGGCCT-1,36.0,45.0,Diencephalonand hindbrain,HiFuse-D08,10,Diencephalonand hindbrain,5,Diencephalonand hindbrain,Other
AGAGCTATTTATCCGG-1,32.0,41.0,Diencephalonand hindbrain,HiFuse-D08,10,Diencephalonand hindbrain,5,Diencephalonand hindbrain,Other
CGAACGCCCTGATGGT-1,49.0,25.0,Diencephalonand hindbrain,HiFuse-D08,6,Mesenchyme,9,Midbrain,Other
ACGGAGGCATCATATT-1,21.0,36.0,DPallm,HiFuse-D08,11,Thalamus,5,Diencephalonand hindbrain,Other
AGAACGTCCATACTCC-1,38.0,47.0,Diencephalonand hindbrain,HiFuse-D08,10,Diencephalonand hindbrain,5,Diencephalonand hindbrain,Other
CCGAGAATTAGAGTAA-1,25.0,10.0,Diencephalonand hindbrain,HiFuse-D05,7,Muscle,5,Diencephalonand hindbrain,Other
TTATCCGGTGAGTCTG-1,10.0,28.0,DPallm,HiFuse-D07,5,Basal plateof hindbrain,5,Diencephalonand hindbrain,Other
CCGATTCCTTATCCGG-1,47.0,41.0,Diencephalonand hindbrain,HiFuse-D08,10,Diencephalonand hindbrain,5,Diencephalonand hindbrain,Other
TGAGTCTGTAGATCTA-1,23.0,31.0,Thalamus,HiFuse-D14,10,Diencephalonand hindbrain,5,Diencephalonand hindbrain,Other
TGCCGGCAGCCGCAAC-1,17.0,27.0,Subpallium-2,HiFuse-D12,11,Thalamus,4,Subpallium-1,Other
ACGGAGGCCGACGCGA-1,21.0,39.0,DPallv,HiFuse-D13,2,DPallv,2,Subpallium-2,Other
CAACCGCTACTCAATA-1,43.0,21.0,Cartilage-2,HiFuse-D03,6,Mesenchyme,11,Cartilage-2,Other
CAACCGCTTCTGATAC-1,43.0,42.0,Diencephalonand hindbrain,HiFuse-D08,10,Diencephalonand hindbrain,9,Midbrain,Other
GCAGGTCCCTAAGAGA-1,40.0,20.0,Cartilage-1,HiFuse-D02,9,Cartilage-1,13,Cartilage-1,Other
GAAGATCGCCGAGAAT-1,8.0,26.0,DPallm,HiFuse-D01,12,DPallm,1,DPallm,D01
CAACCGCTGATACGGA-1,43.0,40.0,Diencephalonand hindbrain,HiFuse-D08,10,Diencephalonand hindbrain,5,Diencephalonand hindbrain,Other
CCGAGAATTCTGATAC-1,25.0,42.0,DPallm,HiFuse-D06,12,DPallm,12,Basal plateof hindbrain,D06
ACTATGCATCCTACCA-1,13.0,22.0,Subpallium-1,HiFuse-D12,3,Subpallium-1,4,Subpallium-1,Other
CAACCGCTGCCATTCT-1,43.0,17.0,Cartilage-2,HiFuse-D03,7,Muscle,11,Cartilage-2,Other
GACCTTGATCTGATAC-1,42.0,42.0,Diencephalonand hindbrain,HiFuse-D08,10,Diencephalonand hindbrain,5,Diencephalonand hindbrain,Other
CATACTCCGGTACTGC-1,4.0,15.0,DPallm,HiFuse-D06,5,Basal plateof hindbrain,6,Thalamus,D06
GAAGATCGTAGATCTA-1,8.0,31.0,DPallm,HiFuse-D06,12,DPallm,12,Basal plateof hindbrain,D06
GAAGATCGATCATATT-1,8.0,36.0,Cartilage-2,HiFuse-D04,9,Cartilage-1,8,Cartilage-4,Other
GATACGGACGAACGCC-1,11.0,2.0,Cartilage-3,HiFuse-D05,9,Cartilage-1,14,Cartilage-3,Other
TTATCCGGCCGATTCC-1,10.0,4.0,Cartilage-3,HiFuse-D04,9,Cartilage-1,14,Cartilage-3,Other
TAGAATTACGACGCGA-1,35.0,39.0,Diencephalonand hindbrain,HiFuse-D08,10,Diencephalonand hindbrain,5,Diencephalonand hindbrain,Other
GCAGGTCCTCCGGCCT-1,40.0,45.0,Diencephalonand hindbrain,HiFuse-D08,10,Diencephalonand hindbrain,5,Diencephalonand hindbrain,Other
GGCTGAGCACTATGCA-1,48.0,38.0,Diencephalonand hindbrain,HiFuse-D08,10,Diencephalonand hindbrain,5,Diencephalonand hindbrain,Other
GCCGCAACACTTAACC-1,24.0,7.0,Cartilage-2,HiFuse-D05,9,Cartilage-1,11,Cartilage-2,Other
TAGATCTATTATCCGG-1,20.0,41.0,DPallv,HiFuse-D07,2,DPallv,3,DPallv,Other
TGCCGGCAGATACGGA-1,17.0,40.0,DPallv,HiFuse-D07,12,DPallm,3,DPallv,Other
ACGGAGGCTAGATCTA-1,21.0,31.0,Mesenchyme,HiFuse-D10,2,DPallv,10,Mesenchyme,Other
CCAGTTCCTCCTACCA-1,45.0,22.0,Cartilage-2,HiFuse-D03,13,Cartilage-2,11,Cartilage-2,Other
GGTACTGCACTCAATA-1,36.0,21.0,Mesenchyme,HiFuse-D09,13,Cartilage-2,5,Diencephalonand hindbrain,Other
GCTAACTTCCAGTTCC-1,3.0,6.0,Cartilage-3,HiFuse-D05,8,Cartilage-4,7,Muscle,Other
TAGAGTAATTATTCAT-1,41.0,33.0,Diencephalonand hindbrain,HiFuse-D08,11,Thalamus,5,Diencephalonand hindbrain,Other
ACTTAACCGCCATTCT-1,44.0,17.0,Cartilage-2,HiFuse-D03,4,Subpallium-2,7,Muscle,Other
CGACGCGACCAGTTCC-1,12.0,6.0,Cartilage-3,HiFuse-D04,9,Cartilage-1,14,Cartilage-3,Other
TGGTCAGCTTACCGAG-1,14.0,35.0,DPallv,HiFuse-D07,2,DPallv,3,DPallv,Other
CTTGCGCCGCAGGTCC-1,37.0,11.0,Cartilage-1,HiFuse-D02,9,Cartilage-1,13,Cartilage-1,Other
TTATCCGGGCAGGTCC-1,10.0,11.0,Diencephalonand hindbrain,HiFuse-D05,7,Muscle,5,Diencephalonand hindbrain,Other
ATAAGGAGGCCGCAAC-1,50.0,27.0,Diencephalonand hindbrain,HiFuse-D08,10,Diencephalonand hindbrain,9,Midbrain,Other
AGAGAAGGCTGATGGT-1,5.0,25.0,DPallm,HiFuse-D06,12,DPallm,6,Thalamus,D06
TGCGGACCCAACCGCT-1,22.0,8.0,Cartilage-2,HiFuse-D05,8,Cartilage-4,5,Diencephalonand hindbrain,Other
CTGATGGTTGGTCAGC-1,26.0,37.0,Diencephalonand hindbrain,HiFuse-D08,10,Diencephalonand hindbrain,5,Diencephalonand hindbrain,Other
CATACTCCACTCAATA-1,4.0,21.0,DPallm,HiFuse-D06,12,DPallm,6,Thalamus,D06
GACCTTGACTAAGAGA-1,42.0,20.0,Cartilage-2,HiFuse-D03,7,Muscle,11,Cartilage-2,Other
TTATTCATACTTAACC-1,18.0,7.0,Cartilage-3,HiFuse-D04,9,Cartilage-1,11,Cartilage-2,Other
TCCGGCCTTAGAATTA-1,6.0,16.0,DPallm,HiFuse-D01,5,Basal plateof hindbrain,1,DPallm,D01
AGAGCTATGGTATGCT-1,32.0,49.0,Diencephalonand hindbrain,HiFuse-D08,10,Diencephalonand hindbrain,5,Diencephalonand hindbrain,Other
TCCTACCAGCAGGTCC-1,29.0,11.0,Mesenchyme,HiFuse-D09,9,Cartilage-1,5,Diencephalonand hindbrain,Other
GATACGGATGCCGGCA-1,11.0,34.0,DPallm,HiFuse-D01,12,DPallm,1,DPallm,D01
CGAACGCCCTAAGAGA-1,49.0,20.0,Mesenchyme,HiFuse-D05,9,Cartilage-1,5,Diencephalonand hindbrain,Other
GCGTTGGAAAGAAGCT-1,28.0,44.0,Diencephalonand hindbrain,HiFuse-D08,10,Diencephalonand hindbrain,5,Diencephalonand hindbrain,Other
CATACTCCCCGATTCC-1,4.0,4.0,Cartilage-3,HiFuse-D05,8,Cartilage-4,5,Diencephalonand hindbrain,Other
TCCTACCACCGATTCC-1,29.0,4.0,Cartilage-4,HiFuse-D05,8,Cartilage-4,5,Diencephalonand hindbrain,Other
CCGATTCCGATCTTAC-1,47.0,24.0,Cartilage-2,HiFuse-D05,6,Mesenchyme,5,Diencephalonand hindbrain,Other
AGAGAAGGTCGGCCTT-1,5.0,12.0,DPallm,HiFuse-D05,5,Basal plateof hindbrain,5,Diencephalonand hindbrain,Other
CTTGCGCCCATACTCC-1,37.0,47.0,Diencephalonand hindbrain,HiFuse-D08,10,Diencephalonand hindbrain,5,Diencephalonand hindbrain,Other
ACTCAATAGCCATTCT-1,30.0,17.0,Diencephalonand hindbrain,HiFuse-D08,10,Diencephalonand hindbrain,5,Diencephalonand hindbrain,Other
AACCTGCGGCCATTCT-1,1.0,17.0,Cartilage-3,HiFuse-D04,7,Muscle,8,Cartilage-4,Other
ACTATGCAACTTAACC-1,13.0,7.0,Cartilage-2,HiFuse-D03,9,Cartilage-1,11,Cartilage-2,Other
GGTATGCTGCAGGTCC-1,2.0,11.0,Cartilage-3,HiFuse-D04,4,Subpallium-2,14,Cartilage-3,Other
AAGAAGCTCGACGCGA-1,7.0,39.0,Cartilage-2,HiFuse-D11,1,Midbrain,5,Diencephalonand hindbrain,Other
GCAGGTCCATCATATT-1,40.0,36.0,Diencephalonand hindbrain,HiFuse-D08,10,Diencephalonand hindbrain,5,Diencephalonand hindbrain,Other
GATCTTACTCTGATAC-1,27.0,42.0,Diencephalonand hindbrain,HiFuse-D08,10,Diencephalonand hindbrain,5,Diencephalonand hindbrain,Other
AATTAAGACGACGCGA-1,19.0,39.0,DPallv,HiFuse-D13,2,DPallv,2,Subpallium-2,Other
GCTAACTTGCCATTCT-1,3.0,17.0,DPallm,HiFuse-D06,5,Basal plateof hindbrain,6,Thalamus,D06
CTGATGGTCTAAGAGA-1,26.0,20.0,Diencephalonand hindbrain,HiFuse-D09,10,Diencephalonand hindbrain,5,Diencephalonand hindbrain,Other
GCCGCAACGACCTTGA-1,24.0,9.0,Subpallium-1,HiFuse-D05,7,Muscle,5,Diencephalonand hindbrain,Other
TTATTCATGATCTTAC-1,18.0,24.0,Subpallium-1,HiFuse-D12,3,Subpallium-1,4,Subpallium-1,Other
GCGTTGGAAGAGAAGG-1,28.0,46.0,Diencephalonand hindbrain,HiFuse-D08,10,Diencephalonand hindbrain,5,Diencephalonand hindbrain,Other
GCCATTCTGCAGGTCC-1,34.0,11.0,Cartilage-1,HiFuse-D02,9,Cartilage-1,13,Cartilage-1,Other
TTATTCATCCAGTTCC-1,18.0,6.0,Cartilage-3,HiFuse-D04,9,Cartilage-1,14,Cartilage-3,Other
GCCATTCTTGCCGGCA-1,34.0,34.0,Diencephalonand hindbrain,HiFuse-D08,10,Diencephalonand hindbrain,5,Diencephalonand hindbrain,Other
TTATCCGGACTCAATA-1,10.0,21.0,Subpallium-1,HiFuse-D13,3,Subpallium-1,5,Diencephalonand hindbrain,Other
ACTTAACCACTCAATA-1,44.0,21.0,Cartilage-2,HiFuse-D03,13,Cartilage-2,7,Muscle,Other
ACGGAGGCACTTAACC-1,21.0,7.0,Cartilage-2,HiFuse-D03,13,Cartilage-2,11,Cartilage-2,Other
GGTACTGCTAGATCTA-1,36.0,31.0,Diencephalonand hindbrain,HiFuse-D08,10,Diencephalonand hindbrain,5,Diencephalonand hindbrain,Other
TCCGGCCTACTCAATA-1,6.0,21.0,DPallm,HiFuse-D01,12,DPallm,1,DPallm,D01
CCGAGAATCATACTCC-1,25.0,47.0,Mesenchyme,HiFuse-D09,13,Cartilage-2,5,Diencephalonand hindbrain,Other
ATCATATTCGACGCGA-1,15.0,39.0,DPallm,HiFuse-D01,12,DPallm,1,DPallm,D01
AACCTGCGTCGGCCTT-1,1.0,12.0,Cartilage-3,HiFuse-D04,9,Cartilage-1,14,Cartilage-3,Other
ATAAGGAGATCATATT-1,50.0,36.0,Diencephalonand hindbrain,HiFuse-D08,10,Diencephalonand hindbrain,5,Diencephalonand hindbrain,Other
GCCATTCTTAGATCTA-1,34.0,31.0,Diencephalonand hindbrain,HiFuse-D08,10,Diencephalonand hindbrain,5,Diencephalonand hindbrain,Other
GGCTGAGCCTAAGAGA-1,48.0,20.0,Mesenchyme,HiFuse-D05,4,Subpallium-2,5,Diencephalonand hindbrain,Other
CTGATGGTGCCGCAAC-1,26.0,27.0,Diencephalonand hindbrain,HiFuse-D08,10,Diencephalonand hindbrain,5,Diencephalonand hindbrain,Other
CTAAGAGAGGTATGCT-1,31.0,49.0,Diencephalonand hindbrain,HiFuse-D08,10,Diencephalonand hindbrain,5,Diencephalonand hindbrain,Other
AGAACGTCTGGTCAGC-1,38.0,37.0,Diencephalonand hindbrain,HiFuse-D08,10,Diencephalonand hindbrain,9,Midbrain,Other
CTGATGGTGGTATGCT-1,26.0,49.0,Mesenchyme,HiFuse-D09,13,Cartilage-2,5,Diencephalonand hindbrain,Other
TTATTCATTTACCGAG-1,18.0,35.0,DPallm,HiFuse-D10,12,DPallm,10,Mesenchyme,Other
ATAAGGAGGCCATTCT-1,50.0,17.0,Cartilage-4,HiFuse-D05,4,Subpallium-2,5,Diencephalonand hindbrain,Other
GAAGATCGTGGTCAGC-1,8.0,37.0,Cartilage-3,HiFuse-D11,9,Cartilage-1,5,Diencephalonand hindbrain,Other
TGCGGACCGCCGCAAC-1,22.0,27.0,Diencephalonand hindbrain,HiFuse-D08,10,Diencephalonand hindbrain,9,Midbrain,Other
CGACGCGAGCCATTCT-1,12.0,17.0,Subpallium-1,HiFuse-D12,3,Subpallium-1,4,Subpallium-1,Other
ACGGAGGCTGGTCAGC-1,21.0,37.0,DPallm,HiFuse-D06,12,DPallm,1,DPallm,D06
TGAGTCTGTGGTCAGC-1,23.0,37.0,DPallm,HiFuse-D06,12,DPallm,12,Basal plateof hindbrain,D06
AGAGCTATACTATGCA-1,32.0,38.0,Diencephalonand hindbrain,HiFuse-D08,10,Diencephalonand hindbrain,5,Diencephalonand hindbrain,Other
CCGAGAATTGCCGGCA-1,25.0,34.0,Thalamus,HiFuse-D14,10,Diencephalonand hindbrain,5,Diencephalonand hindbrain,Other
TCCTACCAGATACGGA-1,29.0,40.0,Diencephalonand hindbrain,HiFuse-D08,10,Diencephalonand hindbrain,5,Diencephalonand hindbrain,Other
TTATTCATTGAGTCTG-1,18.0,28.0,DPallv,HiFuse-D13,11,Thalamus,2,Subpallium-2,Other
ACGGAGGCGATACGGA-1,21.0,40.0,DPallv,HiFuse-D07,2,DPallv,2,Subpallium-2,Other
CGACGCGATGCCGGCA-1,12.0,34.0,DPallm,HiFuse-D01,12,DPallm,1,DPallm,D01
CTAAGAGAAACCTGCG-1,31.0,50.0,Diencephalonand hindbrain,HiFuse-D08,10,Diencephalonand hindbrain,5,Diencephalonand hindbrain,Other
AGAGCTATAGAGCTAT-1,32.0,19.0,Mesenchyme,HiFuse-D09,9,Cartilage-1,5,Diencephalonand hindbrain,Other
TAGAATTAAGAGCTAT-1,35.0,19.0,Mesenchyme,HiFuse-D09,13,Cartilage-2,5,Diencephalonand hindbrain,Other
TGGTCAGCAAGAAGCT-1,14.0,44.0,Cartilage-2,HiFuse-D11,9,Cartilage-1,5,Diencephalonand hindbrain,Other
GGTATGCTTCCTACCA-1,2.0,22.0,Cartilage-3,HiFuse-D11,9,Cartilage-1,8,Cartilage-4,Other
CGACGCGAGGTACTGC-1,12.0,15.0,Subpallium-1,HiFuse-D12,3,Subpallium-1,4,Subpallium-1,Other
CGACGCGAGACCTTGA-1,12.0,9.0,Cartilage-2,HiFuse-D05,9,Cartilage-1,5,Diencephalonand hindbrain,Other
TGGTCAGCGACCTTGA-1,14.0,9.0,DPallm,HiFuse-D05,1,Midbrain,5,Diencephalonand hindbrain,Other
CCGATTCCTGAGTCTG-1,47.0,28.0,Diencephalonand hindbrain,HiFuse-D08,10,Diencephalonand hindbrain,5,Diencephalonand hindbrain,Other
AAGAAGCTATCATATT-1,7.0,36.0,Cartilage-2,HiFuse-D11,9,Cartilage-1,8,Cartilage-4,Other
ACTATGCAATCATATT-1,13.0,36.0,DPallm,HiFuse-D01,12,DPallm,1,DPallm,D01
GCGTTGGACAACCGCT-1,28.0,8.0,Cartilage-4,HiFuse-D05,8,Cartilage-4,5,Diencephalonand hindbrain,Other
GCCGCAACCATACTCC-1,24.0,47.0,Cartilage-4,HiFuse-D09,8,Cartilage-4,5,Diencephalonand hindbrain,Other
GGCTGAGCTGCCGGCA-1,48.0,34.0,Diencephalonand hindbrain,HiFuse-D08,6,Mesenchyme,5,Diencephalonand hindbrain,Other
GATCTTACTGCGGACC-1,27.0,29.0,Diencephalonand hindbrain,HiFuse-D08,10,Diencephalonand hindbrain,5,Diencephalonand hindbrain,Other
CTTGCGCCTCCGGCCT-1,37.0,45.0,Diencephalonand hindbrain,HiFuse-D08,10,Diencephalonand hindbrain,5,Diencephalonand hindbrain,Other
CATACTCCTAGATCTA-1,4.0,31.0,Cartilage-2,HiFuse-D11,9,Cartilage-1,5,Diencephalonand hindbrain,Other
ATAAGGAGGGTATGCT-1,50.0,49.0,DPallv,HiFuse-D10,13,Cartilage-2,5,Diencephalonand hindbrain,Other
TAGAATTAGCCATTCT-1,35.0,17.0,Mesenchyme,HiFuse-D09,6,Mesenchyme,5,Diencephalonand hindbrain,Other
CCAGTTCCGATCTTAC-1,45.0,24.0,Mesenchyme,HiFuse-D05,1,Midbrain,5,Diencephalonand hindbrain,Other
AGAGCTATCATACTCC-1,32.0,47.0,Diencephalonand hindbrain,HiFuse-D08,10,Diencephalonand hindbrain,5,Diencephalonand hindbrain,Other
TTGACTTCGCAGGTCC-1,33.0,11.0,Mesenchyme,HiFuse-D05,1,Midbrain,5,Diencephalonand hindbrain,Other
CCGAGAATGATCTTAC-1,25.0,24.0,Diencephalonand hindbrain,HiFuse-D08,7,Muscle,5,Diencephalonand hindbrain,Other
TAGATCTACTGATGGT-1,20.0,25.0,Subpallium-2,HiFuse-D13,11,Thalamus,5,Diencephalonand hindbrain,Other
AGAACGTCAGAACGTC-1,38.0,13.0,Cartilage-1,HiFuse-D02,9,Cartilage-1,13,Cartilage-1,Other
GATCTTACCATACTCC-1,27.0,47.0,Mesenchyme,HiFuse-D09,13,Cartilage-2,5,Diencephalonand hindbrain,Other
GAAGATCGCTTGCGCC-1,8.0,14.0,DPallm,HiFuse-D01,5,Basal plateof hindbrain,6,Thalamus,D01
AGAACGTCTAGAGTAA-1,38.0,10.0,Cartilage-2,HiFuse-D03,7,Muscle,11,Cartilage-2,Other
TCGGCCTTTTACCGAG-1,39.0,35.0,Diencephalonand hindbrain,HiFuse-D08,6,Mesenchyme,9,Midbrain,Other
TAGAGTAATAGATCTA-1,41.0,31.0,Diencephalonand hindbrain,HiFuse-D08,6,Mesenchyme,5,Diencephalonand hindbrain,Other
TAGAATTATCTGATAC-1,35.0,42.0,Diencephalonand hindbrain,HiFuse-D08,10,Diencephalonand hindbrain,5,Diencephalonand hindbrain,Other
GACCTTGATAGAATTA-1,42.0,16.0,Cartilage-2,HiFuse-D03,7,Muscle,11,Cartilage-2,Other
TAGATCTAGCCATTCT-1,20.0,17.0,Subpallium-1,HiFuse-D12,3,Subpallium-1,5,Diencephalonand hindbrain,Other
GAAGATCGACTCAATA-1,8.0,21.0,DPallv,HiFuse-D07,5,Basal plateof hindbrain,3,DPallv,Other
ACTTAACCTTATTCAT-1,44.0,33.0,Diencephalonand hindbrain,HiFuse-D08,11,Thalamus,5,Diencephalonand hindbrain,Other
TAGAGTAATTACCGAG-1,41.0,35.0,Diencephalonand hindbrain,HiFuse-D08,10,Diencephalonand hindbrain,5,Diencephalonand hindbrain,Other
TTACCGAGTTACCGAG-1,16.0,35.0,DPallv,HiFuse-D13,2,DPallv,2,Subpallium-2,Other
GGTACTGCTTATCCGG-1,36.0,41.0,Diencephalonand hindbrain,HiFuse-D08,10,Diencephalonand hindbrain,9,Midbrain,Other
ATCATATTGATACGGA-1,15.0,40.0,DPallm,HiFuse-D01,12,DPallm,1,DPallm,D01
ATAAGGAGTTATTCAT-1,50.0,33.0,Diencephalonand hindbrain,HiFuse-D08,11,Thalamus,5,Diencephalonand hindbrain,Other
GCCATTCTGCGTTGGA-1,34.0,23.0,Mesenchyme,HiFuse-D10,2,DPallv,10,Mesenchyme,Other
GCAGGTCCCCGAGAAT-1,40.0,26.0,Cartilage-2,HiFuse-D09,13,Cartilage-2,5,Diencephalonand hindbrain,Other
CGAACGCCAATTAAGA-1,49.0,32.0,Diencephalonand hindbrain,HiFuse-D08,10,Diencephalonand hindbrain,9,Midbrain,Other
TAGATCTAAATTAAGA-1,20.0,32.0,Mesenchyme,HiFuse-D10,11,Thalamus,10,Mesenchyme,Other
GACCTTGATTGACTTC-1,42.0,18.0,Cartilage-2,HiFuse-D03,11,Thalamus,11,Cartilage-2,Other
CAACCGCTTCGGCCTT-1,43.0,12.0,Cartilage-4,HiFuse-D05,4,Subpallium-2,5,Diencephalonand hindbrain,Other
TTGACTTCAAGAAGCT-1,33.0,44.0,Diencephalonand hindbrain,HiFuse-D08,10,Diencephalonand hindbrain,5,Diencephalonand hindbrain,Other
TTATCCGGTTATCCGG-1,10.0,41.0,Mesenchyme,HiFuse-D08,11,Thalamus,5,Diencephalonand hindbrain,Other
GCCGCAACCCAGTTCC-1,24.0,6.0,Cartilage-4,HiFuse-D05,8,Cartilage-4,5,Diencephalonand hindbrain,Other
CCGAGAATTGGTCAGC-1,25.0,37.0,Mesenchyme,HiFuse-D08,10,Diencephalonand hindbrain,5,Diencephalonand hindbrain,Other
AACCTGCGACTTAACC-1,1.0,7.0,Cartilage-3,HiFuse-D04,9,Cartilage-1,14,Cartilage-3,Other
CAACCGCTACTATGCA-1,43.0,38.0,Diencephalonand hindbrain,HiFuse-D08,10,Diencephalonand hindbrain,5,Diencephalonand hindbrain,Other
AGAGAAGGATCATATT-1,5.0,36.0,Mesenchyme,HiFuse-D05,10,Diencephalonand hindbrain,5,Diencephalonand hindbrain,Other
AGAGCTATATCATATT-1,32.0,36.0,Diencephalonand hindbrain,HiFuse-D08,10,Diencephalonand hindbrain,5,Diencephalonand hindbrain,Other
CCGAGAATTGCGGACC-1,25.0,29.0,Diencephalonand hindbrain,HiFuse-D08,10,Diencephalonand hindbrain,5,Diencephalonand hindbrain,Other
TAGAGTAAAGAACGTC-1,41.0,13.0,Cartilage-3,HiFuse-D03,4,Subpallium-2,11,Cartilage-2,Other
CTAAGAGATAGAGTAA-1,31.0,10.0,Mesenchyme,HiFuse-D09,8,Cartilage-4,5,Diencephalonand hindbrain,Other
GGCTGAGCACTCAATA-1,48.0,21.0,Cartilage-3,HiFuse-D03,9,Cartilage-1,7,Muscle,Other
GCCATTCTCGACGCGA-1,34.0,39.0,Diencephalonand hindbrain,HiFuse-D08,10,Diencephalonand hindbrain,5,Diencephalonand hindbrain,Other
TAGATCTACGACGCGA-1,20.0,39.0,DPallv,HiFuse-D13,2,DPallv,2,Subpallium-2,Other
CCAGTTCCTGCGGACC-1,45.0,29.0,Diencephalonand hindbrain,HiFuse-D08,10,Diencephalonand hindbrain,5,Diencephalonand hindbrain,Other
ATAAGGAGTGGTCAGC-1,50.0,37.0,Diencephalonand hindbrain,HiFuse-D08,5,Basal plateof hindbrain,5,Diencephalonand hindbrain,Other
TCTGATACTAGAGTAA-1,9.0,10.0,Diencephalonand hindbrain,HiFuse-D05,7,Muscle,5,Diencephalonand hindbrain,Other
TTACCGAGTTATCCGG-1,16.0,41.0,DPallm,HiFuse-D01,12,DPallm,1,DPallm,D01
GATCTTACTCGGCCTT-1,27.0,12.0,Diencephalonand hindbrain,HiFuse-D08,6,Mesenchyme,5,Diencephalonand hindbrain,Other
ATCATATTTCCTACCA-1,15.0,22.0,Subpallium-1,HiFuse-D12,3,Subpallium-1,4,Subpallium-1,Other
TTATTCATACTCAATA-1,18.0,21.0,Subpallium-1,HiFuse-D12,3,Subpallium-1,5,Diencephalonand hindbrain,Other
GCCGCAACAGAACGTC-1,24.0,13.0,Diencephalonand hindbrain,HiFuse-D08,7,Muscle,5,Diencephalonand hindbrain,Other
ACCGCCAACTAAGAGA-1,46.0,20.0,Cartilage-2,HiFuse-D05,9,Cartilage-1,5,Diencephalonand hindbrain,Other
CCGATTCCGGTATGCT-1,47.0,49.0,Mesenchyme,HiFuse-D10,13,Cartilage-2,5,Diencephalonand hindbrain,Other
CTAAGAGACCAGTTCC-1,31.0,6.0,Cartilage-1,HiFuse-D02,9,Cartilage-1,5,Diencephalonand hindbrain,Other
TCTGATACACCGCCAA-1,9.0,5.0,Cartilage-3,HiFuse-D04,9,Cartilage-1,14,Cartilage-3,Other
ACTCAATAGATACGGA-1,30.0,40.0,Diencephalonand hindbrain,HiFuse-D08,10,Diencephalonand hindbrain,5,Diencephalonand hindbrain,Other
TGAGTCTGCAACCGCT-1,23.0,8.0,Cartilage-2,HiFuse-D05,8,Cartilage-4,5,Diencephalonand hindbrain,Other
CCGAGAATACTTAACC-1,25.0,7.0,Cartilage-2,HiFuse-D04,7,Muscle,11,Cartilage-2,Other
TGCCGGCATGCCGGCA-1,17.0,34.0,Mesenchyme,HiFuse-D10,11,Thalamus,10,Mesenchyme,Other
TGCCGGCAAATTAAGA-1,17.0,32.0,Mesenchyme,HiFuse-D08,2,DPallv,5,Diencephalonand hindbrain,Other
TAGATCTACCGAGAAT-1,20.0,26.0,DPallv,HiFuse-D13,11,Thalamus,2,Subpallium-2,Other
CGACGCGAAATTAAGA-1,12.0,32.0,DPallm,HiFuse-D01,12,DPallm,12,Basal plateof hindbrain,D01
TGCCGGCAGATCTTAC-1,17.0,24.0,Subpallium-1,HiFuse-D12,3,Subpallium-1,4,Subpallium-1,Other
ATAAGGAGGCGTTGGA-1,50.0,23.0,Cartilage-2,HiFuse-D03,5,Basal plateof hindbrain,11,Cartilage-2,Other
TCCTACCATGCCGGCA-1,29.0,34.0,Diencephalonand hindbrain,HiFuse-D08,10,Diencephalonand hindbrain,5,Diencephalonand hindbrain,Other
TGCGGACCTGCGGACC-1,22.0,29.0,Thalamus,HiFuse-D14,11,Thalamus,5,Diencephalonand hindbrain,Other
GCGTTGGAACTATGCA-1,28.0,38.0,Diencephalonand hindbrain,HiFuse-D08,10,Diencephalonand hindbrain,5,Diencephalonand hindbrain,Other
ATCATATTTGCCGGCA-1,15.0,34.0,DPallv,HiFuse-D07,2,DPallv,3,DPallv,Other
TTACCGAGCCAGTTCC-1,16.0,6.0,Cartilage-3,HiFuse-D04,9,Cartilage-1,14,Cartilage-3,Other
ATCATATTCTAAGAGA-1,15.0,20.0,Subpallium-1,HiFuse-D12,3,Subpallium-1,4,Subpallium-1,Other
GGTATGCTGACCTTGA-1,2.0,9.0,Cartilage-3,HiFuse-D05,9,Cartilage-1,7,Muscle,Other
ATCATATTTAGATCTA-1,15.0,31.0,DPallv,HiFuse-D13,2,DPallv,2,Subpallium-2,Other
ACCGCCAACGACGCGA-1,46.0,39.0,Diencephalonand hindbrain,HiFuse-D08,10,Diencephalonand hindbrain,5,Diencephalonand hindbrain,Other
CCGATTCCCGACGCGA-1,47.0,39.0,Diencephalonand hindbrain,HiFuse-D08,10,Diencephalonand hindbrain,5,Diencephalonand hindbrain,Other
TTATTCATGCTAACTT-1,18.0,48.0,Mesenchyme,HiFuse-D11,10,Diencephalonand hindbrain,5,Diencephalonand hindbrain,Other
CGACGCGAAAGAAGCT-1,12.0,44.0,Cartilage-2,HiFuse-D11,13,Cartilage-2,5,Diencephalonand hindbrain,Other
TGCGGACCCTGATGGT-1,22.0,25.0,Diencephalonand hindbrain,HiFuse-D13,7,Muscle,9,Midbrain,Other
GCAGGTCCTTGACTTC-1,40.0,18.0,Cartilage-1,HiFuse-D02,9,Cartilage-1,13,Cartilage-1,Other
CTTGCGCCCTGATGGT-1,37.0,25.0,Mesenchyme,HiFuse-D10,11,Thalamus,10,Mesenchyme,Other
CAACCGCTTTATTCAT-1,43.0,33.0,Diencephalonand hindbrain,HiFuse-D08,11,Thalamus,5,Diencephalonand hindbrain,Other
ACTCAATATTATCCGG-1,30.0,41.0,Diencephalonand hindbrain,HiFuse-D08,10,Diencephalonand hindbrain,5,Diencephalonand hindbrain,Other
CCGATTCCCCGAGAAT-1,47.0,26.0,Diencephalonand hindbrain,HiFuse-D08,10,Diencephalonand hindbrain,5,Diencephalonand hindbrain,Other
CCGATTCCCATACTCC-1,47.0,47.0,Midbrain,HiFuse-D10,10,Diencephalonand hindbrain,9,Midbrain,Other
GATCTTACAACCTGCG-1,27.0,50.0,Mesenchyme,HiFuse-D09,9,Cartilage-1,5,Diencephalonand hindbrain,Other
TCCTACCAAACCTGCG-1,29.0,50.0,Mesenchyme,HiFuse-D09,13,Cartilage-2,5,Diencephalonand hindbrain,Other
TTATCCGGGCCGCAAC-1,10.0,27.0,DPallv,HiFuse-D07,5,Basal plateof hindbrain,3,DPallv,Other
TTATTCATATCATATT-1,18.0,36.0,Mesenchyme,HiFuse-D13,11,Thalamus,10,Mesenchyme,Other
TAGAGTAAGCTAACTT-1,41.0,48.0,Diencephalonand hindbrain,HiFuse-D08,10,Diencephalonand hindbrain,9,Midbrain,Other
TTACCGAGTGAGTCTG-1,16.0,28.0,Subpallium-2,HiFuse-D13,11,Thalamus,5,Diencephalonand hindbrain,Other
TCCTACCAAGAACGTC-1,29.0,13.0,Diencephalonand hindbrain,HiFuse-D08,7,Muscle,5,Diencephalonand hindbrain,Other
ACTTAACCACGGAGGC-1,44.0,30.0,Diencephalonand hindbrain,HiFuse-D08,10,Diencephalonand hindbrain,5,Diencephalonand hindbrain,Other
GCAGGTCCACTCAATA-1,40.0,21.0,Cartilage-1,HiFuse-D02,9,Cartilage-1,13,Cartilage-1,Other
ACCGCCAAACTATGCA-1,46.0,38.0,Diencephalonand hindbrain,HiFuse-D08,10,Diencephalonand hindbrain,9,Midbrain,Other
ATAAGGAGGAAGATCG-1,50.0,43.0,Diencephalonand hindbrain,HiFuse-D08,10,Diencephalonand hindbrain,5,Diencephalonand hindbrain,Other
GGTACTGCTGCCGGCA-1,36.0,34.0,Diencephalonand hindbrain,HiFuse-D08,10,Diencephalonand hindbrain,9,Midbrain,Other
TCCTACCACGACGCGA-1,29.0,39.0,Diencephalonand hindbrain,HiFuse-D08,10,Diencephalonand hindbrain,5,Diencephalonand hindbrain,Other
ATCATATTTAGAATTA-1,15.0,16.0,Subpallium-1,HiFuse-D12,3,Subpallium-1,4,Subpallium-1,Other
GATCTTACAAGAAGCT-1,27.0,44.0,Diencephalonand hindbrain,HiFuse-D08,10,Diencephalonand hindbrain,5,Diencephalonand hindbrain,Other
CTGATGGTTTATTCAT-1,26.0,33.0,Thalamus,HiFuse-D14,11,Thalamus,5,Diencephalonand hindbrain,Other
GATCTTACCTTGCGCC-1,27.0,14.0,Diencephalonand hindbrain,HiFuse-D08,10,Diencephalonand hindbrain,5,Diencephalonand hindbrain,Other
GCCATTCTTTGACTTC-1,34.0,18.0,Mesenchyme,HiFuse-D09,13,Cartilage-2,5,Diencephalonand hindbrain,Other
TGCCGGCAGCTAACTT-1,17.0,48.0,Mesenchyme,HiFuse-D08,10,Diencephalonand hindbrain,5,Diencephalonand hindbrain,Other
AATTAAGAGCAGGTCC-1,19.0,11.0,Subpallium-1,HiFuse-D11,7,Muscle,5,Diencephalonand hindbrain,Other
ACCGCCAAGATACGGA-1,46.0,40.0,Diencephalonand hindbrain,HiFuse-D08,10,Diencephalonand hindbrain,5,Diencephalonand hindbrain,Other
GATACGGATTACCGAG-1,11.0,35.0,DPallm,HiFuse-D06,12,DPallm,1,DPallm,D06
AGAGCTATTAGAGTAA-1,32.0,10.0,Mesenchyme,HiFuse-D05,9,Cartilage-1,5,Diencephalonand hindbrain,Other
CAACCGCTGGTACTGC-1,43.0,15.0,Cartilage-3,HiFuse-D03,11,Thalamus,11,Cartilage-2,Other
ACGGAGGCTGCGGACC-1,21.0,29.0,Thalamus,HiFuse-D14,10,Diencephalonand hindbrain,5,Diencephalonand hindbrain,Other
TCGGCCTTTAGATCTA-1,39.0,31.0,Diencephalonand hindbrain,HiFuse-D08,10,Diencephalonand hindbrain,5,Diencephalonand hindbrain,Other
TCGGCCTTAATTAAGA-1,39.0,32.0,Diencephalonand hindbrain,HiFuse-D08,10,Diencephalonand hindbrain,5,Diencephalonand hindbrain,Other
ATAAGGAGCATACTCC-1,50.0,47.0,Midbrain,HiFuse-D10,10,Diencephalonand hindbrain,9,Midbrain,Other
CTTGCGCCGCTAACTT-1,37.0,48.0,Diencephalonand hindbrain,HiFuse-D08,10,Diencephalonand hindbrain,5,Diencephalonand hindbrain,Other
GATCTTACAATTAAGA-1,27.0,32.0,Thalamus,HiFuse-D14,10,Diencephalonand hindbrain,5,Diencephalonand hindbrain,Other
AGAACGTCGATACGGA-1,38.0,40.0,Diencephalonand hindbrain,HiFuse-D08,10,Diencephalonand hindbrain,5,Diencephalonand hindbrain,Other
CGAACGCCTGGTCAGC-1,49.0,37.0,Diencephalonand hindbrain,HiFuse-D08,10,Diencephalonand hindbrain,5,Diencephalonand hindbrain,Other
TAGAATTATCCGGCCT-1,35.0,45.0,Diencephalonand hindbrain,HiFuse-D08,10,Diencephalonand hindbrain,5,Diencephalonand hindbrain,Other
ATAAGGAGACGGAGGC-1,50.0,30.0,Diencephalonand hindbrain,HiFuse-D08,10,Diencephalonand hindbrain,9,Midbrain,Other
ACTATGCATTACCGAG-1,13.0,35.0,DPallm,HiFuse-D01,12,DPallm,1,DPallm,D01
ACCGCCAATGCGGACC-1,46.0,29.0,Diencephalonand hindbrain,HiFuse-D08,10,Diencephalonand hindbrain,5,Diencephalonand hindbrain,Other
GATACGGATTATTCAT-1,11.0,33.0,DPallm,HiFuse-D01,12,DPallm,1,DPallm,D01
TGCCGGCAACGGAGGC-1,17.0,30.0,DPallv,HiFuse-D13,2,DPallv,2,Subpallium-2,Other
AGAGAAGGACGGAGGC-1,5.0,30.0,Cartilage-2,HiFuse-D05,9,Cartilage-1,5,Diencephalonand hindbrain,Other
TTACCGAGACCGCCAA-1,16.0,5.0,Cartilage-3,HiFuse-D04,8,Cartilage-4,14,Cartilage-3,Other
CATACTCCTTGACTTC-1,4.0,18.0,DPallm,HiFuse-D06,12,DPallm,6,Thalamus,D06
ACCGCCAAACGGAGGC-1,46.0,30.0,Diencephalonand hindbrain,HiFuse-D08,10,Diencephalonand hindbrain,5,Diencephalonand hindbrain,Other
GCAGGTCCTCTGATAC-1,40.0,42.0,Diencephalonand hindbrain,HiFuse-D08,10,Diencephalonand hindbrain,5,Diencephalonand hindbrain,Other
GCAGGTCCAATTAAGA-1,40.0,32.0,Diencephalonand hindbrain,HiFuse-D08,10,Diencephalonand hindbrain,5,Diencephalonand hindbrain,Other
TCTGATACAATTAAGA-1,9.0,32.0,DPallm,HiFuse-D06,12,DPallm,12,Basal plateof hindbrain,D06
TCCTACCATCGGCCTT-1,29.0,12.0,Diencephalonand hindbrain,HiFuse-D09,7,Muscle,5,Diencephalonand hindbrain,Other
CTTGCGCCTAGAATTA-1,37.0,16.0,Cartilage-3,HiFuse-D09,9,Cartilage-1,7,Muscle,Other
GGCTGAGCGGTATGCT-1,48.0,49.0,Mesenchyme,HiFuse-D10,6,Mesenchyme,5,Diencephalonand hindbrain,Other
GATACGGACCAGTTCC-1,11.0,6.0,Cartilage-3,HiFuse-D04,9,Cartilage-1,14,Cartilage-3,Other
ACTCAATAACCGCCAA-1,30.0,5.0,Cartilage-3,HiFuse-D05,8,Cartilage-4,7,Muscle,Other
TAGAGTAAAATTAAGA-1,41.0,32.0,Diencephalonand hindbrain,HiFuse-D08,10,Diencephalonand hindbrain,5,Diencephalonand hindbrain,Other
GCCGCAACCCGAGAAT-1,24.0,26.0,Diencephalonand hindbrain,HiFuse-D08,10,Diencephalonand hindbrain,5,Diencephalonand hindbrain,Other
TGCCGGCAACTCAATA-1,17.0,21.0,Subpallium-1,HiFuse-D12,3,Subpallium-1,4,Subpallium-1,Other
CAACCGCTTCCTACCA-1,43.0,22.0,Cartilage-2,HiFuse-D03,7,Muscle,11,Cartilage-2,Other
CCGAGAATAGAGAAGG-1,25.0,46.0,Mesenchyme,HiFuse-D09,13,Cartilage-2,5,Diencephalonand hindbrain,Other
TGAGTCTGTCGGCCTT-1,23.0,12.0,Diencephalonand hindbrain,HiFuse-D11,7,Muscle,5,Diencephalonand hindbrain,Other
TTATCCGGCTTGCGCC-1,10.0,14.0,DPallm,HiFuse-D01,5,Basal plateof hindbrain,1,DPallm,D01
GACCTTGAGCCGCAAC-1,42.0,27.0,Diencephalonand hindbrain,HiFuse-D08,6,Mesenchyme,9,Midbrain,Other
TTACCGAGTTATTCAT-1,16.0,33.0,DPallv,HiFuse-D13,2,DPallv,10,Mesenchyme,Other
CCGATTCCTCCTACCA-1,47.0,22.0,Cartilage-2,HiFuse-D03,7,Muscle,7,Muscle,Other
TAGAGTAATGCGGACC-1,41.0,29.0,Diencephalonand hindbrain,HiFuse-D08,10,Diencephalonand hindbrain,5,Diencephalonand hindbrain,Other
GCGTTGGATTATCCGG-1,28.0,41.0,Diencephalonand hindbrain,HiFuse-D08,10,Diencephalonand hindbrain,5,Diencephalonand hindbrain,Other
AAGAAGCTTTGACTTC-1,7.0,18.0,DPallm,HiFuse-D01,5,Basal plateof hindbrain,1,DPallm,D01
GATACGGAAGAACGTC-1,11.0,13.0,DPallm,HiFuse-D01,5,Basal plateof hindbrain,5,Diencephalonand hindbrain,D01
TCTGATACCTTGCGCC-1,9.0,14.0,DPallm,HiFuse-D01,5,Basal plateof hindbrain,6,Thalamus,D01
TAGAATTATAGAGTAA-1,35.0,10.0,Cartilage-1,HiFuse-D02,9,Cartilage-1,5,Diencephalonand hindbrain,Other
AATTAAGATCCGGCCT-1,19.0,45.0,DPallm,HiFuse-D06,12,DPallm,12,Basal plateof hindbrain,D06
TTGACTTCTAGAATTA-1,33.0,16.0,Mesenchyme,HiFuse-D09,6,Mesenchyme,5,Diencephalonand hindbrain,Other
GCAGGTCCGACCTTGA-1,40.0,9.0,Muscle,HiFuse-D05,9,Cartilage-1,5,Diencephalonand hindbrain,Other
ACTCAATACTTGCGCC-1,30.0,14.0,Diencephalonand hindbrain,HiFuse-D08,10,Diencephalonand hindbrain,5,Diencephalonand hindbrain,Other
ACTTAACCTTGACTTC-1,44.0,18.0,Cartilage-2,HiFuse-D03,9,Cartilage-1,7,Muscle,Other
TAGAATTAGCTAACTT-1,35.0,48.0,Diencephalonand hindbrain,HiFuse-D08,10,Diencephalonand hindbrain,5,Diencephalonand hindbrain,Other
TTATCCGGTCTGATAC-1,10.0,42.0,Mesenchyme,HiFuse-D11,7,Muscle,5,Diencephalonand hindbrain,Other
GCAGGTCCCTGATGGT-1,40.0,25.0,Cartilage-2,HiFuse-D09,13,Cartilage-2,5,Diencephalonand hindbrain,Other
GACCTTGAGGTACTGC-1,42.0,15.0,Cartilage-2,HiFuse-D03,7,Muscle,11,Cartilage-2,Other
CCAGTTCCTCCGGCCT-1,45.0,45.0,Midbrain,HiFuse-D10,10,Diencephalonand hindbrain,5,Diencephalonand hindbrain,Other
TCCTACCATCTGATAC-1,29.0,42.0,Diencephalonand hindbrain,HiFuse-D08,10,Diencephalonand hindbrain,5,Diencephalonand hindbrain,Other
AATTAAGATAGAGTAA-1,19.0,10.0,Subpallium-1,HiFuse-D11,7,Muscle,5,Diencephalonand hindbrain,Other
TCGGCCTTAACCTGCG-1,39.0,50.0,Diencephalonand hindbrain,HiFuse-D08,10,Diencephalonand hindbrain,5,Diencephalonand hindbrain,Other
TCGGCCTTTGGTCAGC-1,39.0,37.0,Diencephalonand hindbrain,HiFuse-D08,10,Diencephalonand hindbrain,5,Diencephalonand hindbrain,Other
TTGACTTCTTGACTTC-1,33.0,18.0,Mesenchyme,HiFuse-D08,11,Thalamus,5,Diencephalonand hindbrain,Other
CTGATGGTTGAGTCTG-1,26.0,28.0,Diencephalonand hindbrain,HiFuse-D08,10,Diencephalonand hindbrain,5,Diencephalonand hindbrain,Other
GATACGGATGAGTCTG-1,11.0,28.0,DPallv,HiFuse-D07,2,DPallv,3,DPallv,Other
AGAGCTATTGGTCAGC-1,32.0,37.0,Diencephalonand hindbrain,HiFuse-D08,10,Diencephalonand hindbrain,5,Diencephalonand hindbrain,Other
CAACCGCTATCATATT-1,43.0,36.0,Diencephalonand hindbrain,HiFuse-D08,10,Diencephalonand hindbrain,9,Midbrain,Other
CTAAGAGATTACCGAG-1,31.0,35.0,Diencephalonand hindbrain,HiFuse-D08,10,Diencephalonand hindbrain,5,Diencephalonand hindbrain,Other
AACCTGCGCTAAGAGA-1,1.0,20.0,Cartilage-2,HiFuse-D05,13,Cartilage-2,5,Diencephalonand hindbrain,Other
AAGAAGCTGGTACTGC-1,7.0,15.0,DPallm,HiFuse-D01,5,Basal plateof hindbrain,1,DPallm,D01
ACCGCCAAATCATATT-1,46.0,36.0,Diencephalonand hindbrain,HiFuse-D08,10,Diencephalonand hindbrain,9,Midbrain,Other
ACTATGCATGAGTCTG-1,13.0,28.0,DPallv,HiFuse-D13,2,DPallv,3,DPallv,Other
CTGATGGTCGACGCGA-1,26.0,39.0,Mesenchyme,HiFuse-D09,13,Cartilage-2,5,Diencephalonand hindbrain,Other
TAGATCTATGGTCAGC-1,20.0,37.0,DPallm,HiFuse-D06,12,DPallm,10,Mesenchyme,D06
TAGAATTAACGGAGGC-1,35.0,30.0,Diencephalonand hindbrain,HiFuse-D05,6,Mesenchyme,5,Diencephalonand hindbrain,Other
CGACGCGAACCGCCAA-1,12.0,5.0,Cartilage-3,HiFuse-D04,9,Cartilage-1,14,Cartilage-3,Other
GATACGGACTGATGGT-1,11.0,25.0,DPallv,HiFuse-D07,2,DPallv,3,DPallv,Other
GCCGCAACCTTGCGCC-1,24.0,14.0,Diencephalonand hindbrain,HiFuse-D08,7,Muscle,5,Diencephalonand hindbrain,Other
TCCGGCCTTCGGCCTT-1,6.0,12.0,DPallm,HiFuse-D05,5,Basal plateof hindbrain,6,Thalamus,Other
GCAGGTCCTCCTACCA-1,40.0,22.0,Cartilage-3,HiFuse-D09,13,Cartilage-2,7,Muscle,Other
GCCATTCTTCCTACCA-1,34.0,22.0,Mesenchyme,HiFuse-D10,11,Thalamus,5,Diencephalonand hindbrain,Other
CTGATGGTGATACGGA-1,26.0,40.0,Mesenchyme,HiFuse-D06,5,Basal plateof hindbrain,5,Diencephalonand hindbrain,D06
TAGAATTAATCATATT-1,35.0,36.0,Diencephalonand hindbrain,HiFuse-D08,10,Diencephalonand hindbrain,5,Diencephalonand hindbrain,Other
CTTGCGCCCAACCGCT-1,37.0,8.0,Cartilage-3,HiFuse-D04,9,Cartilage-1,8,Cartilage-4,Other
CGAACGCCTAGAATTA-1,49.0,16.0,Cartilage-4,HiFuse-D05,4,Subpallium-2,8,Cartilage-4,Other
TTGACTTCACTTAACC-1,33.0,7.0,Cartilage-1,HiFuse-D02,9,Cartilage-1,13,Cartilage-1,Other
TGCGGACCTTATTCAT-1,22.0,33.0,Mesenchyme,HiFuse-D10,11,Thalamus,10,Mesenchyme,Other
GATACGGACCGATTCC-1,11.0,4.0,Cartilage-3,HiFuse-D04,9,Cartilage-1,14,Cartilage-3,Other
ACTTAACCAATTAAGA-1,44.0,32.0,Diencephalonand hindbrain,HiFuse-D08,10,Diencephalonand hindbrain,5,Diencephalonand hindbrain,Other
GAAGATCGTCCTACCA-1,8.0,22.0,DPallm,HiFuse-D07,5,Basal plateof hindbrain,5,Diencephalonand hindbrain,Other
ACGGAGGCTCTGATAC-1,21.0,42.0,DPallv,HiFuse-D07,2,DPallv,3,DPallv,Other
TGCGGACCTCCGGCCT-1,22.0,45.0,DPallm,HiFuse-D06,5,Basal plateof hindbrain,12,Basal plateof hindbrain,D06
GCAGGTCCGGTATGCT-1,40.0,49.0,Diencephalonand hindbrain,HiFuse-D08,10,Diencephalonand hindbrain,9,Midbrain,Other
CCGAGAATAACCTGCG-1,25.0,50.0,Cartilage-2,HiFuse-D11,9,Cartilage-1,5,Diencephalonand hindbrain,Other
AAGAAGCTTAGAATTA-1,7.0,16.0,DPallm,HiFuse-D01,5,Basal plateof hindbrain,6,Thalamus,D01
GGTATGCTGCCGCAAC-1,2.0,27.0,Cartilage-3,HiFuse-D05,4,Subpallium-2,5,Diencephalonand hindbrain,Other
GGCTGAGCCCGAGAAT-1,48.0,26.0,Diencephalonand hindbrain,HiFuse-D08,6,Mesenchyme,9,Midbrain,Other
ACTATGCACGACGCGA-1,13.0,39.0,DPallm,HiFuse-D06,12,DPallm,12,Basal plateof hindbrain,D06
TTACCGAGGATACGGA-1,16.0,40.0,DPallm,HiFuse-D01,12,DPallm,1,DPallm,D01
CTAAGAGAGGTACTGC-1,31.0,15.0,Diencephalonand hindbrain,HiFuse-D08,7,Muscle,5,Diencephalonand hindbrain,Other
AGAGCTATGCCATTCT-1,32.0,17.0,Cartilage-2,HiFuse-D09,13,Cartilage-2,5,Diencephalonand hindbrain,Other
GCCGCAACTAGAATTA-1,24.0,16.0,Diencephalonand hindbrain,HiFuse-D08,7,Muscle,5,Diencephalonand hindbrain,Other
TCTGATACAGAACGTC-1,9.0,13.0,DPallm,HiFuse-D01,5,Basal plateof hindbrain,6,Thalamus,D01
ATCATATTAAGAAGCT-1,15.0,44.0,Cartilage-2,HiFuse-D11,9,Cartilage-1,5,Diencephalonand hindbrain,Other
TAGAATTACTAAGAGA-1,35.0,20.0,Mesenchyme,HiFuse-D09,13,Cartilage-2,5,Diencephalonand hindbrain,Other
AGAGCTATCAACCGCT-1,32.0,8.0,Cartilage-1,HiFuse-D02,9,Cartilage-1,13,Cartilage-1,Other
ACTCAATAGGTACTGC-1,30.0,15.0,Diencephalonand hindbrain,HiFuse-D08,10,Diencephalonand hindbrain,5,Diencephalonand hindbrain,Other
ACTTAACCTCCGGCCT-1,44.0,45.0,Mesenchyme,HiFuse-D05,13,Cartilage-2,5,Diencephalonand hindbrain,Other
TGCCGGCATAGAGTAA-1,17.0,10.0,Diencephalonand hindbrain,HiFuse-D11,7,Muscle,5,Diencephalonand hindbrain,Other
TGCGGACCTAGATCTA-1,22.0,31.0,Thalamus,HiFuse-D14,10,Diencephalonand hindbrain,5,Diencephalonand hindbrain,Other
CCAGTTCCACTCAATA-1,45.0,21.0,Cartilage-2,HiFuse-D03,1,Midbrain,7,Muscle,Other
CCAGTTCCAATTAAGA-1,45.0,32.0,Diencephalonand hindbrain,HiFuse-D08,10,Diencephalonand hindbrain,5,Diencephalonand hindbrain,Other
AGAACGTCCGACGCGA-1,38.0,39.0,Diencephalonand hindbrain,HiFuse-D08,10,Diencephalonand hindbrain,5,Diencephalonand hindbrain,Other
TTATCCGGACCGCCAA-1,10.0,5.0,Cartilage-3,HiFuse-D04,9,Cartilage-1,14,Cartilage-3,Other
GAAGATCGAGAACGTC-1,8.0,13.0,DPallm,HiFuse-D06,1,Midbrain,6,Thalamus,D06
CTAAGAGATGCCGGCA-1,31.0,34.0,Diencephalonand hindbrain,HiFuse-D08,10,Diencephalonand hindbrain,5,Diencephalonand hindbrain,Other
TAGAGTAAACGGAGGC-1,41.0,30.0,Diencephalonand hindbrain,HiFuse-D08,10,Diencephalonand hindbrain,5,Diencephalonand hindbrain,Other
ACTTAACCGCCGCAAC-1,44.0,27.0,Diencephalonand hindbrain,HiFuse-D08,10,Diencephalonand hindbrain,5,Diencephalonand hindbrain,Other
CGAACGCCCGACGCGA-1,49.0,39.0,Diencephalonand hindbrain,HiFuse-D08,10,Diencephalonand hindbrain,9,Midbrain,Other
GAAGATCGTTACCGAG-1,8.0,35.0,Cartilage-2,HiFuse-D04,9,Cartilage-1,14,Cartilage-3,Other
TGAGTCTGGATACGGA-1,23.0,40.0,DPallm,HiFuse-D01,12,DPallm,1,DPallm,D01
ACCGCCAAACTCAATA-1,46.0,21.0,Cartilage-2,HiFuse-D03,13,Cartilage-2,7,Muscle,Other
CCAGTTCCTTATCCGG-1,45.0,41.0,Diencephalonand hindbrain,HiFuse-D08,10,Diencephalonand hindbrain,9,Midbrain,Other
GGTATGCTTTGACTTC-1,2.0,18.0,Mesenchyme,HiFuse-D05,7,Muscle,5,Diencephalonand hindbrain,Other
GACCTTGACGACGCGA-1,42.0,39.0,Diencephalonand hindbrain,HiFuse-D08,10,Diencephalonand hindbrain,5,Diencephalonand hindbrain,Other
ATAAGGAGTAGATCTA-1,50.0,31.0,Diencephalonand hindbrain,HiFuse-D08,6,Mesenchyme,9,Midbrain,Other
GCGTTGGAGCGTTGGA-1,28.0,23.0,Mesenchyme,HiFuse-D09,7,Muscle,5,Diencephalonand hindbrain,Other
TTGACTTCCTTGCGCC-1,33.0,14.0,Mesenchyme,HiFuse-D05,1,Midbrain,5,Diencephalonand hindbrain,Other
GGTACTGCACTATGCA-1,36.0,38.0,Diencephalonand hindbrain,HiFuse-D08,10,Diencephalonand hindbrain,5,Diencephalonand hindbrain,Other
TTACCGAGGGTACTGC-1,16.0,15.0,Subpallium-1,HiFuse-D12,3,Subpallium-1,4,Subpallium-1,Other
ACGGAGGCAGAACGTC-1,21.0,13.0,Subpallium-1,HiFuse-D11,7,Muscle,5,Diencephalonand hindbrain,Other
TGCGGACCGACCTTGA-1,22.0,9.0,Subpallium-1,HiFuse-D11,7,Muscle,5,Diencephalonand hindbrain,Other
GATCTTACTGGTCAGC-1,27.0,37.0,Diencephalonand hindbrain,HiFuse-D08,10,Diencephalonand hindbrain,5,Diencephalonand hindbrain,Other
AGAACGTCTCCTACCA-1,38.0,22.0,Mesenchyme,HiFuse-D09,13,Cartilage-2,5,Diencephalonand hindbrain,Other
CTAAGAGATGCGGACC-1,31.0,29.0,Diencephalonand hindbrain,HiFuse-D08,10,Diencephalonand hindbrain,5,Diencephalonand hindbrain,Other
ACTTAACCCTAAGAGA-1,44.0,20.0,Cartilage-2,HiFuse-D05,8,Cartilage-4,5,Diencephalonand hindbrain,Other
ACTATGCAACGGAGGC-1,13.0,30.0,DPallv,HiFuse-D07,2,DPallv,3,DPallv,Other
ACTTAACCGATCTTAC-1,44.0,24.0,Mesenchyme,HiFuse-D05,6,Mesenchyme,5,Diencephalonand hindbrain,Other
ACGGAGGCAACCTGCG-1,21.0,50.0,Cartilage-2,HiFuse-D11,6,Mesenchyme,5,Diencephalonand hindbrain,Other
CTGATGGTACTTAACC-1,26.0,7.0,Cartilage-2,HiFuse-D05,9,Cartilage-1,7,Muscle,Other
ACTCAATACCAGTTCC-1,30.0,6.0,Cartilage-1,HiFuse-D02,9,Cartilage-1,13,Cartilage-1,Other
TCGGCCTTTCTGATAC-1,39.0,42.0,Diencephalonand hindbrain,HiFuse-D08,10,Diencephalonand hindbrain,9,Midbrain,Other
TAGATCTACATACTCC-1,20.0,47.0,Cartilage-2,HiFuse-D09,13,Cartilage-2,5,Diencephalonand hindbrain,Other
TCGGCCTTGCAGGTCC-1,39.0,11.0,Cartilage-2,HiFuse-D03,6,Mesenchyme,7,Muscle,Other
CGACGCGATGGTCAGC-1,12.0,37.0,DPallm,HiFuse-D06,12,DPallm,12,Basal plateof hindbrain,D06
ACGGAGGCAAGAAGCT-1,21.0,44.0,DPallm,HiFuse-D01,12,DPallm,1,DPallm,D01
GAAGATCGACGGAGGC-1,8.0,30.0,DPallm,HiFuse-D01,12,DPallm,1,DPallm,D01
TCTGATACTTATTCAT-1,9.0,33.0,DPallm,HiFuse-D06,12,DPallm,12,Basal plateof hindbrain,D06
ACCGCCAATCTGATAC-1,46.0,42.0,Diencephalonand hindbrain,HiFuse-D08,10,Diencephalonand hindbrain,5,Diencephalonand hindbrain,Other
GATACGGAACCGCCAA-1,11.0,5.0,Cartilage-3,HiFuse-D04,9,Cartilage-1,14,Cartilage-3,Other
AAGAAGCTTGCCGGCA-1,7.0,34.0,Cartilage-3,HiFuse-D05,9,Cartilage-1,5,Diencephalonand hindbrain,Other
TCCGGCCTGCCGCAAC-1,6.0,27.0,DPallm,HiFuse-D06,12,DPallm,12,Basal plateof hindbrain,D06
AATTAAGAGATACGGA-1,19.0,40.0,DPallv,HiFuse-D07,2,DPallv,3,DPallv,Other
GCTAACTTACTTAACC-1,3.0,7.0,Cartilage-3,HiFuse-D05,8,Cartilage-4,7,Muscle,Other
TGCCGGCACAACCGCT-1,17.0,8.0,Cartilage-2,HiFuse-D03,4,Subpallium-2,7,Muscle,Other
AGAGCTATGGTACTGC-1,32.0,15.0,Mesenchyme,HiFuse-D09,7,Muscle,5,Diencephalonand hindbrain,Other
TTACCGAGCTGATGGT-1,16.0,25.0,Subpallium-1,HiFuse-D12,3,Subpallium-1,4,Subpallium-1,Other
TAGAGTAACTTGCGCC-1,41.0,14.0,Cartilage-2,HiFuse-D03,7,Muscle,11,Cartilage-2,Other
TGAGTCTGTGAGTCTG-1,23.0,28.0,Diencephalonand hindbrain,HiFuse-D08,11,Thalamus,5,Diencephalonand hindbrain,Other
TTACCGAGCGACGCGA-1,16.0,39.0,DPallm,HiFuse-D07,5,Basal plateof hindbrain,12,Basal plateof hindbrain,Other
TCGGCCTTAGAACGTC-1,39.0,13.0,Cartilage-2,HiFuse-D03,7,Muscle,11,Cartilage-2,Other
GATACGGATTATCCGG-1,11.0,41.0,Cartilage-2,HiFuse-D11,9,Cartilage-1,5,Diencephalonand hindbrain,Other
CGACGCGAGATCTTAC-1,12.0,24.0,Subpallium-1,HiFuse-D12,3,Subpallium-1,4,Subpallium-1,Other
GCAGGTCCCTTGCGCC-1,40.0,14.0,Cartilage-2,HiFuse-D03,4,Subpallium-2,11,Cartilage-2,Other
CCGAGAATTAGAATTA-1,25.0,16.0,Diencephalonand hindbrain,HiFuse-D08,10,Diencephalonand hindbrain,5,Diencephalonand hindbrain,Other
TGAGTCTGTTATTCAT-1,23.0,33.0,Thalamus,HiFuse-D14,11,Thalamus,5,Diencephalonand hindbrain,Other
CTAAGAGAACGGAGGC-1,31.0,30.0,Diencephalonand hindbrain,HiFuse-D08,10,Diencephalonand hindbrain,5,Diencephalonand hindbrain,Other
CCAGTTCCCTGATGGT-1,45.0,25.0,Diencephalonand hindbrain,HiFuse-D09,1,Midbrain,9,Midbrain,Other
TTGACTTCGACCTTGA-1,33.0,9.0,Cartilage-1,HiFuse-D02,9,Cartilage-1,13,Cartilage-1,Other
TGCGGACCTTATCCGG-1,22.0,41.0,DPallv,HiFuse-D07,5,Basal plateof hindbrain,2,Subpallium-2,Other
GACCTTGAACTCAATA-1,42.0,21.0,Cartilage-2,HiFuse-D03,6,Mesenchyme,7,Muscle,Other
TGGTCAGCAGAACGTC-1,14.0,13.0,DPallm,HiFuse-D07,7,Muscle,3,DPallv,Other
ATCATATTTTACCGAG-1,15.0,35.0,DPallv,HiFuse-D07,2,DPallv,3,DPallv,Other
CTGATGGTTCGGCCTT-1,26.0,12.0,Diencephalonand hindbrain,HiFuse-D08,7,Muscle,5,Diencephalonand hindbrain,Other
TTATCCGGGCGTTGGA-1,10.0,23.0,DPallv,HiFuse-D07,2,DPallv,3,DPallv,Other
TGCCGGCAAGAACGTC-1,17.0,13.0,Subpallium-1,HiFuse-D12,3,Subpallium-1,4,Subpallium-1,Other
TCCTACCAAAGAAGCT-1,29.0,44.0,Diencephalonand hindbrain,HiFuse-D08,10,Diencephalonand hindbrain,5,Diencephalonand hindbrain,Other
TCGGCCTTCTAAGAGA-1,39.0,20.0,Cartilage-1,HiFuse-D02,9,Cartilage-1,13,Cartilage-1,Other
CCGATTCCTCTGATAC-1,47.0,42.0,Diencephalonand hindbrain,HiFuse-D08,10,Diencephalonand hindbrain,5,Diencephalonand hindbrain,Other
TGAGTCTGCATACTCC-1,23.0,47.0,Cartilage-2,HiFuse-D09,13,Cartilage-2,5,Diencephalonand hindbrain,Other
CTGATGGTTAGAATTA-1,26.0,16.0,Diencephalonand hindbrain,HiFuse-D08,7,Muscle,5,Diencephalonand hindbrain,Other
ACCGCCAATGGTCAGC-1,46.0,37.0,Diencephalonand hindbrain,HiFuse-D08,10,Diencephalonand hindbrain,9,Midbrain,Other
AGAACGTCTTATTCAT-1,38.0,33.0,Diencephalonand hindbrain,HiFuse-D08,11,Thalamus,5,Diencephalonand hindbrain,Other
TGGTCAGCCTAAGAGA-1,14.0,20.0,Subpallium-1,HiFuse-D12,3,Subpallium-1,4,Subpallium-1,Other
GCCGCAACTAGATCTA-1,24.0,31.0,Thalamus,HiFuse-D14,10,Diencephalonand hindbrain,5,Diencephalonand hindbrain,Other
CCAGTTCCTAGATCTA-1,45.0,31.0,Diencephalonand hindbrain,HiFuse-D05,10,Diencephalonand hindbrain,5,Diencephalonand hindbrain,Other
GCTAACTTGGTACTGC-1,3.0,15.0,DPallm,HiFuse-D06,7,Muscle,6,Thalamus,D06
TAGAATTAAACCTGCG-1,35.0,50.0,Diencephalonand hindbrain,HiFuse-D08,10,Diencephalonand hindbrain,5,Diencephalonand hindbrain,Other
GAAGATCGTCGGCCTT-1,8.0,12.0,DPallm,HiFuse-D05,8,Cartilage-4,6,Thalamus,Other
ACTTAACCCTTGCGCC-1,44.0,14.0,Cartilage-3,HiFuse-D05,8,Cartilage-4,5,Diencephalonand hindbrain,Other
TAGATCTATCGGCCTT-1,20.0,12.0,Subpallium-1,HiFuse-D12,3,Subpallium-1,5,Diencephalonand hindbrain,Other
GCGTTGGATCTGATAC-1,28.0,42.0,Diencephalonand hindbrain,HiFuse-D08,10,Diencephalonand hindbrain,5,Diencephalonand hindbrain,Other
TGGTCAGCAATTAAGA-1,14.0,32.0,DPallv,HiFuse-D07,2,DPallv,3,DPallv,Other
TCCTACCAACCGCCAA-1,29.0,5.0,Cartilage-1,HiFuse-D05,8,Cartilage-4,13,Cartilage-1,Other
TAGAGTAAGGTACTGC-1,41.0,15.0,Cartilage-2,HiFuse-D03,7,Muscle,11,Cartilage-2,Other
CGACGCGAACTCAATA-1,12.0,21.0,Subpallium-1,HiFuse-D12,3,Subpallium-1,4,Subpallium-1,Other
TCGGCCTTGCCGCAAC-1,39.0,27.0,Mesenchyme,HiFuse-D09,13,Cartilage-2,5,Diencephalonand hindbrain,Other
GATCTTACCTAAGAGA-1,27.0,20.0,Mesenchyme,HiFuse-D09,6,Mesenchyme,5,Diencephalonand hindbrain,Other
TTACCGAGTAGAGTAA-1,16.0,10.0,Diencephalonand hindbrain,HiFuse-D05,5,Basal plateof hindbrain,5,Diencephalonand hindbrain,Other
CCAGTTCCTTGACTTC-1,45.0,18.0,Cartilage-2,HiFuse-D05,1,Midbrain,5,Diencephalonand hindbrain,Other
TTATCCGGGATACGGA-1,10.0,40.0,Cartilage-2,HiFuse-D11,9,Cartilage-1,5,Diencephalonand hindbrain,Other
ACTATGCAACTCAATA-1,13.0,21.0,Subpallium-1,HiFuse-D12,3,Subpallium-1,4,Subpallium-1,Other
CCGATTCCGCCATTCT-1,47.0,17.0,Cartilage-4,HiFuse-D05,7,Muscle,5,Diencephalonand hindbrain,Other
ACGGAGGCCCGAGAAT-1,21.0,26.0,Cartilage-2,HiFuse-D08,13,Cartilage-2,9,Midbrain,Other
TGAGTCTGAACCTGCG-1,23.0,50.0,Cartilage-2,HiFuse-D11,9,Cartilage-1,5,Diencephalonand hindbrain,Other
CTAAGAGAGACCTTGA-1,31.0,9.0,Mesenchyme,HiFuse-D09,9,Cartilage-1,5,Diencephalonand hindbrain,Other
GCAGGTCCGCTAACTT-1,40.0,48.0,Diencephalonand hindbrain,HiFuse-D08,10,Diencephalonand hindbrain,5,Diencephalonand hindbrain,Other
GATACGGAGAAGATCG-1,11.0,43.0,Cartilage-2,HiFuse-D11,6,Mesenchyme,5,Diencephalonand hindbrain,Other
ATCATATTGATCTTAC-1,15.0,24.0,Subpallium-1,HiFuse-D12,3,Subpallium-1,4,Subpallium-1,Other
GCGTTGGACTTGCGCC-1,28.0,14.0,Diencephalonand hindbrain,HiFuse-D08,7,Muscle,5,Diencephalonand hindbrain,Other
AGAACGTCCCGAGAAT-1,38.0,26.0,Mesenchyme,HiFuse-D09,13,Cartilage-2,5,Diencephalonand hindbrain,Other
TTATTCATCAACCGCT-1,18.0,8.0,Cartilage-2,HiFuse-D05,4,Subpallium-2,5,Diencephalonand hindbrain,Other
CTAAGAGAAGAGAAGG-1,31.0,46.0,Diencephalonand hindbrain,HiFuse-D08,10,Diencephalonand hindbrain,9,Midbrain,Other
ACTTAACCAGAGCTAT-1,44.0,19.0,Cartilage-2,HiFuse-D03,13,Cartilage-2,7,Muscle,Other
ACTCAATATGAGTCTG-1,30.0,28.0,Diencephalonand hindbrain,HiFuse-D08,10,Diencephalonand hindbrain,5,Diencephalonand hindbrain,Other
ACGGAGGCGCTAACTT-1,21.0,48.0,Cartilage-2,HiFuse-D09,6,Mesenchyme,5,Diencephalonand hindbrain,Other
TGAGTCTGCTAAGAGA-1,23.0,20.0,Diencephalonand hindbrain,HiFuse-D08,10,Diencephalonand hindbrain,5,Diencephalonand hindbrain,Other
TAGATCTAAGAACGTC-1,20.0,13.0,Subpallium-1,HiFuse-D12,3,Subpallium-1,5,Diencephalonand hindbrain,Other
AATTAAGAACGGAGGC-1,19.0,30.0,Mesenchyme,HiFuse-D10,2,DPallv,10,Mesenchyme,Other
TGGTCAGCTTATCCGG-1,14.0,41.0,DPallm,HiFuse-D06,12,DPallm,12,Basal plateof hindbrain,D06
AAGAAGCTAGAACGTC-1,7.0,13.0,DPallm,HiFuse-D05,9,Cartilage-1,6,Thalamus,Other
CGAACGCCTGAGTCTG-1,49.0,28.0,Diencephalonand hindbrain,HiFuse-D08,10,Diencephalonand hindbrain,5,Diencephalonand hindbrain,Other
TGCCGGCAACTATGCA-1,17.0,38.0,DPallv,HiFuse-D07,2,DPallv,3,DPallv,Other
TTATTCATCGACGCGA-1,18.0,39.0,DPallv,HiFuse-D07,2,DPallv,3,DPallv,Other
GGCTGAGCTTATCCGG-1,48.0,41.0,Diencephalonand hindbrain,HiFuse-D08,10,Diencephalonand hindbrain,5,Diencephalonand hindbrain,Other
GGTATGCTCTTGCGCC-1,2.0,14.0,Cartilage-3,HiFuse-D04,9,Cartilage-1,14,Cartilage-3,Other
TTATTCATCTAAGAGA-1,18.0,20.0,Subpallium-1,HiFuse-D12,3,Subpallium-1,5,Diencephalonand hindbrain,Other
CCGAGAATGCAGGTCC-1,25.0,11.0,Diencephalonand hindbrain,HiFuse-D08,7,Muscle,5,Diencephalonand hindbrain,Other
ATCATATTAATTAAGA-1,15.0,32.0,DPallv,HiFuse-D13,2,DPallv,2,Subpallium-2,Other
TCCGGCCTCTTGCGCC-1,6.0,14.0,DPallm,HiFuse-D01,7,Muscle,6,Thalamus,D01
TCTGATACTTACCGAG-1,9.0,35.0,DPallm,HiFuse-D06,12,DPallm,12,Basal plateof hindbrain,D06
TGGTCAGCGGTACTGC-1,14.0,15.0,Subpallium-1,HiFuse-D12,3,Subpallium-1,4,Subpallium-1,Other
ACTATGCATTATCCGG-1,13.0,41.0,DPallm,HiFuse-D06,5,Basal plateof hindbrain,5,Diencephalonand hindbrain,D06
GACCTTGAAACCTGCG-1,42.0,50.0,Diencephalonand hindbrain,HiFuse-D05,13,Cartilage-2,5,Diencephalonand hindbrain,Other
CCGAGAATACTATGCA-1,25.0,38.0,Mesenchyme,HiFuse-D08,11,Thalamus,5,Diencephalonand hindbrain,Other
GCAGGTCCTTACCGAG-1,40.0,35.0,Diencephalonand hindbrain,HiFuse-D08,10,Diencephalonand hindbrain,5,Diencephalonand hindbrain,Other
TCGGCCTTTGAGTCTG-1,39.0,28.0,Cartilage-2,HiFuse-D09,13,Cartilage-2,5,Diencephalonand hindbrain,Other
GCAGGTCCTGAGTCTG-1,40.0,28.0,Diencephalonand hindbrain,HiFuse-D08,10,Diencephalonand hindbrain,5,Diencephalonand hindbrain,Other
ACCGCCAAGCCGCAAC-1,46.0,27.0,Diencephalonand hindbrain,HiFuse-D08,10,Diencephalonand hindbrain,5,Diencephalonand hindbrain,Other
ACCGCCAATTATTCAT-1,46.0,33.0,Diencephalonand hindbrain,HiFuse-D08,11,Thalamus,9,Midbrain,Other
CTGATGGTAACCTGCG-1,26.0,50.0,Cartilage-2,HiFuse-D09,9,Cartilage-1,5,Diencephalonand hindbrain,Other
ACTCAATAGGTATGCT-1,30.0,49.0,Diencephalonand hindbrain,HiFuse-D08,10,Diencephalonand hindbrain,5,Diencephalonand hindbrain,Other
ACTCAATAATCATATT-1,30.0,36.0,Diencephalonand hindbrain,HiFuse-D08,10,Diencephalonand hindbrain,5,Diencephalonand hindbrain,Other
CCGATTCCTCCGGCCT-1,47.0,45.0,Midbrain,HiFuse-D05,6,Mesenchyme,5,Diencephalonand hindbrain,Other
CTAAGAGACATACTCC-1,31.0,47.0,Diencephalonand hindbrain,HiFuse-D08,10,Diencephalonand hindbrain,5,Diencephalonand hindbrain,Other
CATACTCCAGAGCTAT-1,4.0,19.0,DPallm,HiFuse-D06,5,Basal plateof hindbrain,6,Thalamus,D06
GGTACTGCTAGAGTAA-1,36.0,10.0,Cartilage-1,HiFuse-D02,11,Thalamus,13,Cartilage-1,Other
CTGATGGTGCCATTCT-1,26.0,17.0,Diencephalonand hindbrain,HiFuse-D08,10,Diencephalonand hindbrain,5,Diencephalonand hindbrain,Other
ACTATGCAGCCGCAAC-1,13.0,27.0,DPallv,HiFuse-D13,2,DPallv,2,Subpallium-2,Other
CCGAGAATTTACCGAG-1,25.0,35.0,Thalamus,HiFuse-D14,10,Diencephalonand hindbrain,5,Diencephalonand hindbrain,Other
CTTGCGCCAGAACGTC-1,37.0,13.0,Cartilage-1,HiFuse-D02,9,Cartilage-1,13,Cartilage-1,Other
GGCTGAGCGCCGCAAC-1,48.0,27.0,Diencephalonand hindbrain,HiFuse-D08,10,Diencephalonand hindbrain,5,Diencephalonand hindbrain,Other
ACGGAGGCACTCAATA-1,21.0,21.0,Diencephalonand hindbrain,HiFuse-D08,10,Diencephalonand hindbrain,5,Diencephalonand hindbrain,Other
GACCTTGAGCTAACTT-1,42.0,48.0,Diencephalonand hindbrain,HiFuse-D08,10,Diencephalonand hindbrain,9,Midbrain,Other
TAGAATTATTGACTTC-1,35.0,18.0,Mesenchyme,HiFuse-D09,6,Mesenchyme,5,Diencephalonand hindbrain,Other
CCGAGAATCCGAGAAT-1,25.0,26.0,Diencephalonand hindbrain,HiFuse-D08,11,Thalamus,5,Diencephalonand hindbrain,Other
TTATTCATTGCCGGCA-1,18.0,34.0,DPallm,HiFuse-D06,12,DPallm,5,Diencephalonand hindbrain,D06
ATCATATTAGAACGTC-1,15.0,13.0,Subpallium-1,HiFuse-D11,3,Subpallium-1,5,Diencephalonand hindbrain,Other
ACTCAATATCTGATAC-1,30.0,42.0,Diencephalonand hindbrain,HiFuse-D08,10,Diencephalonand hindbrain,5,Diencephalonand hindbrain,Other
AATTAAGAGATCTTAC-1,19.0,24.0,Subpallium-1,HiFuse-D12,3,Subpallium-1,4,Subpallium-1,Other
TGAGTCTGACCGCCAA-1,23.0,5.0,Cartilage-4,HiFuse-D05,1,Midbrain,5,Diencephalonand hindbrain,Other
CCAGTTCCACTATGCA-1,45.0,38.0,Diencephalonand hindbrain,HiFuse-D08,10,Diencephalonand hindbrain,9,Midbrain,Other
ACTCAATAAAGAAGCT-1,30.0,44.0,Diencephalonand hindbrain,HiFuse-D08,10,Diencephalonand hindbrain,5,Diencephalonand hindbrain,Other
AGAGAAGGTTGACTTC-1,5.0,18.0,DPallm,HiFuse-D01,5,Basal plateof hindbrain,1,DPallm,D01
AAGAAGCTACTATGCA-1,7.0,38.0,Cartilage-2,HiFuse-D11,9,Cartilage-1,5,Diencephalonand hindbrain,Other
TCCTACCAGCCGCAAC-1,29.0,27.0,Diencephalonand hindbrain,HiFuse-D08,10,Diencephalonand hindbrain,5,Diencephalonand hindbrain,Other
GGTACTGCTCCTACCA-1,36.0,22.0,Mesenchyme,HiFuse-D10,11,Thalamus,10,Mesenchyme,Other
AGAACGTCGACCTTGA-1,38.0,9.0,Cartilage-2,HiFuse-D03,7,Muscle,11,Cartilage-2,Other
CCAGTTCCGCCGCAAC-1,45.0,27.0,Diencephalonand hindbrain,HiFuse-D08,10,Diencephalonand hindbrain,5,Diencephalonand hindbrain,Other
GCCGCAACCTAAGAGA-1,24.0,20.0,Diencephalonand hindbrain,HiFuse-D05,1,Midbrain,5,Diencephalonand hindbrain,Other
CCAGTTCCACGGAGGC-1,45.0,30.0,Diencephalonand hindbrain,HiFuse-D08,10,Diencephalonand hindbrain,5,Diencephalonand hindbrain,Other
CATACTCCTCCTACCA-1,4.0,22.0,DPallm,HiFuse-D06,12,DPallm,6,Thalamus,D06
AGAGAAGGTGCCGGCA-1,5.0,34.0,Mesenchyme,HiFuse-D05,1,Midbrain,5,Diencephalonand hindbrain,Other
ATAAGGAGTCTGATAC-1,50.0,42.0,Diencephalonand hindbrain,HiFuse-D08,10,Diencephalonand hindbrain,5,Diencephalonand hindbrain,Other
TTGACTTCTCTGATAC-1,33.0,42.0,Diencephalonand hindbrain,HiFuse-D08,10,Diencephalonand hindbrain,5,Diencephalonand hindbrain,Other
CTTGCGCCTTATTCAT-1,37.0,33.0,Diencephalonand hindbrain,HiFuse-D09,13,Cartilage-2,5,Diencephalonand hindbrain,Other
TGGTCAGCTGCCGGCA-1,14.0,34.0,DPallv,HiFuse-D07,2,DPallv,3,DPallv,Other
GCCATTCTACGGAGGC-1,34.0,30.0,Diencephalonand hindbrain,HiFuse-D05,6,Mesenchyme,5,Diencephalonand hindbrain,Other
TCCTACCATGGTCAGC-1,29.0,37.0,Diencephalonand hindbrain,HiFuse-D08,10,Diencephalonand hindbrain,5,Diencephalonand hindbrain,Other
TCCTACCATGCGGACC-1,29.0,29.0,Diencephalonand hindbrain,HiFuse-D08,10,Diencephalonand hindbrain,5,Diencephalonand hindbrain,Other
ATCATATTTTATCCGG-1,15.0,41.0,DPallm,HiFuse-D06,12,DPallm,12,Basal plateof hindbrain,D06
AGAGAAGGCCAGTTCC-1,5.0,6.0,Cartilage-3,HiFuse-D05,13,Cartilage-2,7,Muscle,Other
TTATCCGGGCCATTCT-1,10.0,17.0,Subpallium-1,HiFuse-D12,3,Subpallium-1,5,Diencephalonand hindbrain,Other
TTACCGAGCCGAGAAT-1,16.0,26.0,Subpallium-1,HiFuse-D12,3,Subpallium-1,4,Subpallium-1,Other
TTACCGAGCTTGCGCC-1,16.0,14.0,Subpallium-1,HiFuse-D12,3,Subpallium-1,4,Subpallium-1,Other
GATCTTACTAGAATTA-1,27.0,16.0,Diencephalonand hindbrain,HiFuse-D08,10,Diencephalonand hindbrain,5,Diencephalonand hindbrain,Other
CTTGCGCCTCGGCCTT-1,37.0,12.0,Cartilage-1,HiFuse-D02,7,Muscle,13,Cartilage-1,Other
AGAGCTATTTGACTTC-1,32.0,18.0,Cartilage-2,HiFuse-D08,11,Thalamus,5,Diencephalonand hindbrain,Other
AGAACGTCTCTGATAC-1,38.0,42.0,Diencephalonand hindbrain,HiFuse-D08,10,Diencephalonand hindbrain,9,Midbrain,Other
TCTGATACGATACGGA-1,9.0,40.0,Cartilage-2,HiFuse-D11,9,Cartilage-1,5,Diencephalonand hindbrain,Other
AGAACGTCAATTAAGA-1,38.0,32.0,Cartilage-2,HiFuse-D09,13,Cartilage-2,5,Diencephalonand hindbrain,Other
CAACCGCTCTGATGGT-1,43.0,25.0,Mesenchyme,HiFuse-D09,13,Cartilage-2,5,Diencephalonand hindbrain,Other
GCCATTCTATCATATT-1,34.0,36.0,Diencephalonand hindbrain,HiFuse-D08,10,Diencephalonand hindbrain,5,Diencephalonand hindbrain,Other
AATTAAGATGCGGACC-1,19.0,29.0,Mesenchyme,HiFuse-D10,6,Mesenchyme,10,Mesenchyme,Other
CCGAGAATGCCATTCT-1,25.0,17.0,Diencephalonand hindbrain,HiFuse-D08,7,Muscle,5,Diencephalonand hindbrain,Other
TCGGCCTTTGCCGGCA-1,39.0,34.0,Diencephalonand hindbrain,HiFuse-D08,10,Diencephalonand hindbrain,5,Diencephalonand hindbrain,Other
TTACCGAGTGGTCAGC-1,16.0,37.0,DPallv,HiFuse-D07,2,DPallv,3,DPallv,Other
GCTAACTTTAGAATTA-1,3.0,16.0,DPallm,HiFuse-D06,5,Basal plateof hindbrain,6,Thalamus,D06
GGCTGAGCAGAGAAGG-1,48.0,46.0,Midbrain,HiFuse-D08,10,Diencephalonand hindbrain,5,Diencephalonand hindbrain,Other
GCCATTCTCCAGTTCC-1,34.0,6.0,Cartilage-4,HiFuse-D05,14,Cartilage-3,8,Cartilage-4,Other
TCCTACCACCAGTTCC-1,29.0,6.0,Cartilage-1,HiFuse-D02,9,Cartilage-1,13,Cartilage-1,Other
TTATTCATACTATGCA-1,18.0,38.0,DPallv,HiFuse-D13,2,DPallv,2,Subpallium-2,Other
GATCTTACCCGAGAAT-1,27.0,26.0,Diencephalonand hindbrain,HiFuse-D08,10,Diencephalonand hindbrain,5,Diencephalonand hindbrain,Other
GATCTTACTGAGTCTG-1,27.0,28.0,Diencephalonand hindbrain,HiFuse-D08,11,Thalamus,5,Diencephalonand hindbrain,Other
TTATCCGGTTATTCAT-1,10.0,33.0,DPallm,HiFuse-D01,12,DPallm,1,DPallm,D01
TGCCGGCAGACCTTGA-1,17.0,9.0,Subpallium-1,HiFuse-D11,7,Muscle,5,Diencephalonand hindbrain,Other
CTAAGAGAGCAGGTCC-1,31.0,11.0,Mesenchyme,HiFuse-D05,8,Cartilage-4,5,Diencephalonand hindbrain,Other
CCGAGAATGCTAACTT-1,25.0,48.0,Mesenchyme,HiFuse-D09,13,Cartilage-2,5,Diencephalonand hindbrain,Other
GATCTTACAGAACGTC-1,27.0,13.0,Diencephalonand hindbrain,HiFuse-D08,7,Muscle,5,Diencephalonand hindbrain,Other
GCCGCAACTTACCGAG-1,24.0,35.0,Diencephalonand hindbrain,HiFuse-D14,6,Mesenchyme,5,Diencephalonand hindbrain,Other
GCCATTCTGCTAACTT-1,34.0,48.0,Diencephalonand hindbrain,HiFuse-D08,10,Diencephalonand hindbrain,5,Diencephalonand hindbrain,Other
CTTGCGCCACGGAGGC-1,37.0,30.0,Cartilage-2,HiFuse-D05,13,Cartilage-2,5,Diencephalonand hindbrain,Other
GCAGGTCCTGCCGGCA-1,40.0,34.0,Diencephalonand hindbrain,HiFuse-D08,10,Diencephalonand hindbrain,5,Diencephalonand hindbrain,Other
GGCTGAGCGGTACTGC-1,48.0,15.0,Cartilage-4,HiFuse-D05,4,Subpallium-2,5,Diencephalonand hindbrain,Other
GATCTTACTCCGGCCT-1,27.0,45.0,Diencephalonand hindbrain,HiFuse-D08,10,Diencephalonand hindbrain,5,Diencephalonand hindbrain,Other
GGTACTGCTCTGATAC-1,36.0,42.0,Diencephalonand hindbrain,HiFuse-D08,10,Diencephalonand hindbrain,5,Diencephalonand hindbrain,Other
ACTATGCATGCCGGCA-1,13.0,34.0,DPallm,HiFuse-D07,5,Basal plateof hindbrain,12,Basal plateof hindbrain,Other
AGAGCTATTCTGATAC-1,32.0,42.0,Diencephalonand hindbrain,HiFuse-D08,10,Diencephalonand hindbrain,5,Diencephalonand hindbrain,Other
TGAGTCTGGACCTTGA-1,23.0,9.0,Subpallium-1,HiFuse-D05,7,Muscle,5,Diencephalonand hindbrain,Other
GCCGCAACAACCTGCG-1,24.0,50.0,Muscle,HiFuse-D11,9,Cartilage-1,5,Diencephalonand hindbrain,Other
TTACCGAGGACCTTGA-1,16.0,9.0,Subpallium-1,HiFuse-D05,7,Muscle,5,Diencephalonand hindbrain,Other
CAACCGCTGCGTTGGA-1,43.0,23.0,Cartilage-4,HiFuse-D05,1,Midbrain,5,Diencephalonand hindbrain,Other
GGCTGAGCAATTAAGA-1,48.0,32.0,Diencephalonand hindbrain,HiFuse-D08,10,Diencephalonand hindbrain,9,Midbrain,Other
CTAAGAGAACTCAATA-1,31.0,21.0,Diencephalonand hindbrain,HiFuse-D09,6,Mesenchyme,5,Diencephalonand hindbrain,Other
CAACCGCTCCGAGAAT-1,43.0,26.0,Diencephalonand hindbrain,HiFuse-D08,10,Diencephalonand hindbrain,9,Midbrain,Other
ACCGCCAAAGAGCTAT-1,46.0,19.0,Mesenchyme,HiFuse-D05,8,Cartilage-4,5,Diencephalonand hindbrain,Other
TGGTCAGCACTCAATA-1,14.0,21.0,Subpallium-1,HiFuse-D12,3,Subpallium-1,4,Subpallium-1,Other
ACTCAATAAACCTGCG-1,30.0,50.0,Diencephalonand hindbrain,HiFuse-D08,7,Muscle,5,Diencephalonand hindbrain,Other
ACTATGCATTATTCAT-1,13.0,33.0,DPallv,HiFuse-D07,12,DPallm,3,DPallv,Other
TGCGGACCTGGTCAGC-1,22.0,37.0,DPallm,HiFuse-D01,12,DPallm,1,DPallm,D01
CTTGCGCCACTATGCA-1,37.0,38.0,Diencephalonand hindbrain,HiFuse-D08,10,Diencephalonand hindbrain,5,Diencephalonand hindbrain,Other
CATACTCCCTAAGAGA-1,4.0,20.0,DPallm,HiFuse-D06,12,DPallm,6,Thalamus,D06
AGAGAAGGGCCATTCT-1,5.0,17.0,DPallm,HiFuse-D01,5,Basal plateof hindbrain,6,Thalamus,D01
ACTCAATAGCAGGTCC-1,30.0,11.0,Cartilage-4,HiFuse-D09,8,Cartilage-4,5,Diencephalonand hindbrain,Other
TAGAGTAACGACGCGA-1,41.0,39.0,Diencephalonand hindbrain,HiFuse-D08,10,Diencephalonand hindbrain,5,Diencephalonand hindbrain,Other
GCTAACTTGATCTTAC-1,3.0,24.0,Cartilage-2,HiFuse-D05,1,Midbrain,5,Diencephalonand hindbrain,Other
ACCGCCAAAGAGAAGG-1,46.0,46.0,Midbrain,HiFuse-D10,10,Diencephalonand hindbrain,9,Midbrain,Other
ACTTAACCATCATATT-1,44.0,36.0,Diencephalonand hindbrain,HiFuse-D08,10,Diencephalonand hindbrain,5,Diencephalonand hindbrain,Other
CGAACGCCATCATATT-1,49.0,36.0,Diencephalonand hindbrain,HiFuse-D08,10,Diencephalonand hindbrain,5,Diencephalonand hindbrain,Other
TAGAGTAAGCCATTCT-1,41.0,17.0,Cartilage-2,HiFuse-D03,9,Cartilage-1,7,Muscle,Other
TCTGATACTGCGGACC-1,9.0,29.0,DPallm,HiFuse-D01,12,DPallm,1,DPallm,D01
AGAACGTCAGAGCTAT-1,38.0,19.0,Cartilage-3,HiFuse-D05,13,Cartilage-2,5,Diencephalonand hindbrain,Other
AATTAAGAGGTATGCT-1,19.0,49.0,Cartilage-2,HiFuse-D11,10,Diencephalonand hindbrain,5,Diencephalonand hindbrain,Other
TTGACTTCTTATCCGG-1,33.0,41.0,Diencephalonand hindbrain,HiFuse-D08,10,Diencephalonand hindbrain,5,Diencephalonand hindbrain,Other
TTATCCGGCCGAGAAT-1,10.0,26.0,DPallv,HiFuse-D07,2,DPallv,3,DPallv,Other
CCGATTCCGCTAACTT-1,47.0,48.0,Midbrain,HiFuse-D10,10,Diencephalonand hindbrain,5,Diencephalonand hindbrain,Other
TTGACTTCCAACCGCT-1,33.0,8.0,Cartilage-1,HiFuse-D02,9,Cartilage-1,13,Cartilage-1,Other
CTAAGAGACTAAGAGA-1,31.0,20.0,Mesenchyme,HiFuse-D09,7,Muscle,5,Diencephalonand hindbrain,Other
GGTACTGCTGGTCAGC-1,36.0,37.0,Diencephalonand hindbrain,HiFuse-D08,10,Diencephalonand hindbrain,5,Diencephalonand hindbrain,Other
TAGAATTAGACCTTGA-1,35.0,9.0,Cartilage-1,HiFuse-D02,9,Cartilage-1,13,Cartilage-1,Other
TTATTCATGATACGGA-1,18.0,40.0,DPallv,HiFuse-D07,2,DPallv,3,DPallv,Other
GCTAACTTCCGAGAAT-1,3.0,26.0,Cartilage-3,HiFuse-D05,9,Cartilage-1,8,Cartilage-4,Other
GATCTTACATCATATT-1,27.0,36.0,Diencephalonand hindbrain,HiFuse-D08,10,Diencephalonand hindbrain,5,Diencephalonand hindbrain,Other
AAGAAGCTTAGATCTA-1,7.0,31.0,DPallm,HiFuse-D06,12,DPallm,12,Basal plateof hindbrain,D06
ATCATATTTTATTCAT-1,15.0,33.0,DPallv,HiFuse-D13,2,DPallv,3,DPallv,Other
TCTGATACGCAGGTCC-1,9.0,11.0,Diencephalonand hindbrain,HiFuse-D05,1,Midbrain,5,Diencephalonand hindbrain,Other
TCCGGCCTACTATGCA-1,6.0,38.0,Cartilage-2,HiFuse-D11,8,Cartilage-4,5,Diencephalonand hindbrain,Other
TTATCCGGTGCGGACC-1,10.0,29.0,DPallm,HiFuse-D01,12,DPallm,1,DPallm,D01
AGAACGTCACTCAATA-1,38.0,21.0,Mesenchyme,HiFuse-D09,13,Cartilage-2,5,Diencephalonand hindbrain,Other
TTACCGAGGATCTTAC-1,16.0,24.0,Subpallium-1,HiFuse-D12,3,Subpallium-1,4,Subpallium-1,Other
GGTACTGCGAAGATCG-1,36.0,43.0,Diencephalonand hindbrain,HiFuse-D08,10,Diencephalonand hindbrain,5,Diencephalonand hindbrain,Other
TTACCGAGTAGAATTA-1,16.0,16.0,Subpallium-1,HiFuse-D12,3,Subpallium-1,4,Subpallium-1,Other
TGGTCAGCTGGTCAGC-1,14.0,37.0,DPallm,HiFuse-D01,12,DPallm,1,DPallm,D01
TAGAGTAAATCATATT-1,41.0,36.0,Diencephalonand hindbrain,HiFuse-D08,10,Diencephalonand hindbrain,5,Diencephalonand hindbrain,Other
AAGAAGCTCCGAGAAT-1,7.0,26.0,DPallm,HiFuse-D01,12,DPallm,1,DPallm,D01
AACCTGCGTAGAGTAA-1,1.0,10.0,Cartilage-3,HiFuse-D04,9,Cartilage-1,14,Cartilage-3,Other
GCCATTCTTTACCGAG-1,34.0,35.0,Diencephalonand hindbrain,HiFuse-D08,10,Diencephalonand hindbrain,5,Diencephalonand hindbrain,Other
ACTATGCATAGAATTA-1,13.0,16.0,Subpallium-1,HiFuse-D12,3,Subpallium-1,4,Subpallium-1,Other
CGAACGCCTTACCGAG-1,49.0,35.0,Diencephalonand hindbrain,HiFuse-D08,10,Diencephalonand hindbrain,5,Diencephalonand hindbrain,Other
GGCTGAGCACGGAGGC-1,48.0,30.0,Diencephalonand hindbrain,HiFuse-D08,6,Mesenchyme,5,Diencephalonand hindbrain,Other
GGTATGCTTCGGCCTT-1,2.0,12.0,Cartilage-3,HiFuse-D04,9,Cartilage-1,14,Cartilage-3,Other
ATAAGGAGAACCTGCG-1,50.0,50.0,Cartilage-2,HiFuse-D05,13,Cartilage-2,5,Diencephalonand hindbrain,Other
GCGTTGGACGACGCGA-1,28.0,39.0,Diencephalonand hindbrain,HiFuse-D08,10,Diencephalonand hindbrain,5,Diencephalonand hindbrain,Other
TAGATCTAGCCGCAAC-1,20.0,27.0,DPallv,HiFuse-D13,6,Mesenchyme,9,Midbrain,Other
AGAGAAGGCTTGCGCC-1,5.0,14.0,DPallm,HiFuse-D06,5,Basal plateof hindbrain,6,Thalamus,D06
ATAAGGAGTTACCGAG-1,50.0,35.0,Diencephalonand hindbrain,HiFuse-D08,10,Diencephalonand hindbrain,5,Diencephalonand hindbrain,Other
AACCTGCGACTCAATA-1,1.0,21.0,Cartilage-2,HiFuse-D11,7,Muscle,5,Diencephalonand hindbrain,Other
CCGAGAATTCGGCCTT-1,25.0,12.0,Diencephalonand hindbrain,HiFuse-D08,7,Muscle,5,Diencephalonand hindbrain,Other
GGTACTGCATCATATT-1,36.0,36.0,Diencephalonand hindbrain,HiFuse-D08,10,Diencephalonand hindbrain,9,Midbrain,Other
AGAGCTATTGCCGGCA-1,32.0,34.0,Diencephalonand hindbrain,HiFuse-D08,10,Diencephalonand hindbrain,5,Diencephalonand hindbrain,Other
GCTAACTTACCGCCAA-1,3.0,5.0,Cartilage-3,HiFuse-D05,8,Cartilage-4,5,Diencephalonand hindbrain,Other
TAGATCTAGATACGGA-1,20.0,40.0,DPallv,HiFuse-D13,2,DPallv,2,Subpallium-2,Other
TCCGGCCTGACCTTGA-1,6.0,9.0,Cartilage-4,HiFuse-D05,4,Subpallium-2,5,Diencephalonand hindbrain,Other
TGCGGACCAACCTGCG-1,22.0,50.0,Cartilage-2,HiFuse-D11,9,Cartilage-1,5,Diencephalonand hindbrain,Other
ACTCAATATAGAATTA-1,30.0,16.0,Diencephalonand hindbrain,HiFuse-D08,10,Diencephalonand hindbrain,5,Diencephalonand hindbrain,Other
AATTAAGAACTTAACC-1,19.0,7.0,Cartilage-3,HiFuse-D04,9,Cartilage-1,14,Cartilage-3,Other
TTATTCATCTGATGGT-1,18.0,25.0,Subpallium-1,HiFuse-D12,3,Subpallium-1,4,Subpallium-1,Other
GCCATTCTTCGGCCTT-1,34.0,12.0,Cartilage-3,HiFuse-D05,8,Cartilage-4,5,Diencephalonand hindbrain,Other
AAGAAGCTTGAGTCTG-1,7.0,28.0,DPallm,HiFuse-D01,12,DPallm,1,DPallm,D01
GATACGGATCTGATAC-1,11.0,42.0,Cartilage-2,HiFuse-D11,9,Cartilage-1,5,Diencephalonand hindbrain,Other
TCCTACCAACTTAACC-1,29.0,7.0,Cartilage-1,HiFuse-D02,9,Cartilage-1,13,Cartilage-1,Other
GCCATTCTCTTGCGCC-1,34.0,14.0,Mesenchyme,HiFuse-D05,8,Cartilage-4,5,Diencephalonand hindbrain,Other
TAGAATTAGCGTTGGA-1,35.0,23.0,Mesenchyme,HiFuse-D10,11,Thalamus,10,Mesenchyme,Other
CCGATTCCCTAAGAGA-1,47.0,20.0,Cartilage-2,HiFuse-D05,6,Mesenchyme,5,Diencephalonand hindbrain,Other
GGCTGAGCTAGATCTA-1,48.0,31.0,Diencephalonand hindbrain,HiFuse-D08,10,Diencephalonand hindbrain,5,Diencephalonand hindbrain,Other
TCGGCCTTGGTACTGC-1,39.0,15.0,Cartilage-1,HiFuse-D02,7,Muscle,13,Cartilage-1,Other
GATACGGATGCGGACC-1,11.0,29.0,DPallv,HiFuse-D07,2,DPallv,3,DPallv,Other
CTAAGAGATGAGTCTG-1,31.0,28.0,Diencephalonand hindbrain,HiFuse-D08,7,Muscle,5,Diencephalonand hindbrain,Other
CTAAGAGATCTGATAC-1,31.0,42.0,Diencephalonand hindbrain,HiFuse-D08,10,Diencephalonand hindbrain,5,Diencephalonand hindbrain,Other
ACCGCCAATAGATCTA-1,46.0,31.0,Diencephalonand hindbrain,HiFuse-D08,10,Diencephalonand hindbrain,9,Midbrain,Other
TCGGCCTTCTGATGGT-1,39.0,25.0,Mesenchyme,HiFuse-D05,6,Mesenchyme,5,Diencephalonand hindbrain,Other
TTATCCGGTAGATCTA-1,10.0,31.0,DPallm,HiFuse-D01,12,DPallm,1,DPallm,D01
ACCGCCAACTGATGGT-1,46.0,25.0,Diencephalonand hindbrain,HiFuse-D08,10,Diencephalonand hindbrain,9,Midbrain,Other
GGCTGAGCCATACTCC-1,48.0,47.0,Midbrain,HiFuse-D08,10,Diencephalonand hindbrain,5,Diencephalonand hindbrain,Other
CGACGCGATTATTCAT-1,12.0,33.0,DPallm,HiFuse-D01,12,DPallm,1,DPallm,D01
CTGATGGTCCGAGAAT-1,26.0,26.0,Diencephalonand hindbrain,HiFuse-D08,10,Diencephalonand hindbrain,5,Diencephalonand hindbrain,Other
TGCGGACCCCAGTTCC-1,22.0,6.0,Muscle,HiFuse-D05,8,Cartilage-4,5,Diencephalonand hindbrain,Other
TGCCGGCATCCTACCA-1,17.0,22.0,Subpallium-1,HiFuse-D12,3,Subpallium-1,4,Subpallium-1,Other
TCGGCCTTTAGAGTAA-1,39.0,10.0,Cartilage-2,HiFuse-D03,4,Subpallium-2,11,Cartilage-2,Other
AGAACGTCTTATCCGG-1,38.0,41.0,Diencephalonand hindbrain,HiFuse-D08,10,Diencephalonand hindbrain,9,Midbrain,Other
ATCATATTGCCGCAAC-1,15.0,27.0,Subpallium-1,HiFuse-D12,3,Subpallium-1,4,Subpallium-1,Other
GCCATTCTTCTGATAC-1,34.0,42.0,Diencephalonand hindbrain,HiFuse-D08,10,Diencephalonand hindbrain,5,Diencephalonand hindbrain,Other
AGAGCTATCCAGTTCC-1,32.0,6.0,Cartilage-3,HiFuse-D04,9,Cartilage-1,14,Cartilage-3,Other
TGAGTCTGGAAGATCG-1,23.0,43.0,DPallm,HiFuse-D01,12,DPallm,5,Diencephalonand hindbrain,D01
AGAACGTCGGTACTGC-1,38.0,15.0,Cartilage-1,HiFuse-D02,9,Cartilage-1,13,Cartilage-1,Other
TTATCCGGCTGATGGT-1,10.0,25.0,DPallv,HiFuse-D07,2,DPallv,5,Diencephalonand hindbrain,Other
TTATTCATTTATCCGG-1,18.0,41.0,DPallv,HiFuse-D07,5,Basal plateof hindbrain,5,Diencephalonand hindbrain,Other
TGAGTCTGTTGACTTC-1,23.0,18.0,Diencephalonand hindbrain,HiFuse-D08,10,Diencephalonand hindbrain,5,Diencephalonand hindbrain,Other
TTATTCATTGGTCAGC-1,18.0,37.0,DPallv,HiFuse-D13,2,DPallv,2,Subpallium-2,Other
CATACTCCACCGCCAA-1,4.0,5.0,Cartilage-3,HiFuse-D05,8,Cartilage-4,7,Muscle,Other
TCGGCCTTAGAGCTAT-1,39.0,19.0,Cartilage-1,HiFuse-D02,9,Cartilage-1,13,Cartilage-1,Other
TCCTACCATTATTCAT-1,29.0,33.0,Diencephalonand hindbrain,HiFuse-D08,11,Thalamus,5,Diencephalonand hindbrain,Other
GGTACTGCTGAGTCTG-1,36.0,28.0,Mesenchyme,HiFuse-D09,6,Mesenchyme,5,Diencephalonand hindbrain,Other
GAAGATCGAGAGCTAT-1,8.0,19.0,DPallv,HiFuse-D07,5,Basal plateof hindbrain,3,DPallv,Other
CGACGCGATTACCGAG-1,12.0,35.0,DPallm,HiFuse-D01,12,DPallm,1,DPallm,D01
ACGGAGGCTAGAATTA-1,21.0,16.0,Subpallium-1,HiFuse-D12,3,Subpallium-1,4,Subpallium-1,Other
TGCGGACCAAGAAGCT-1,22.0,44.0,DPallm,HiFuse-D01,12,DPallm,1,DPallm,D01
GGTACTGCGCGTTGGA-1,36.0,23.0,Mesenchyme,HiFuse-D10,11,Thalamus,5,Diencephalonand hindbrain,Other
ACGGAGGCCTGATGGT-1,21.0,25.0,Diencephalonand hindbrain,HiFuse-D13,11,Thalamus,5,Diencephalonand hindbrain,Other
CGAACGCCGCCGCAAC-1,49.0,27.0,Diencephalonand hindbrain,HiFuse-D08,10,Diencephalonand hindbrain,5,Diencephalonand hindbrain,Other
CCGAGAATGATACGGA-1,25.0,40.0,DPallm,HiFuse-D06,12,DPallm,12,Basal plateof hindbrain,D06
AATTAAGAATCATATT-1,19.0,36.0,DPallm,HiFuse-D08,12,DPallm,5,Diencephalonand hindbrain,Other
GCAGGTCCTTATCCGG-1,40.0,41.0,Diencephalonand hindbrain,HiFuse-D08,10,Diencephalonand hindbrain,9,Midbrain,Other
GGTATGCTCAACCGCT-1,2.0,8.0,Cartilage-3,HiFuse-D05,8,Cartilage-4,7,Muscle,Other
AGAACGTCTCGGCCTT-1,38.0,12.0,Cartilage-2,HiFuse-D03,1,Midbrain,11,Cartilage-2,Other
TGAGTCTGGCCGCAAC-1,23.0,27.0,Diencephalonand hindbrain,HiFuse-D08,10,Diencephalonand hindbrain,5,Diencephalonand hindbrain,Other
CTAAGAGAGCTAACTT-1,31.0,48.0,Diencephalonand hindbrain,HiFuse-D08,10,Diencephalonand hindbrain,5,Diencephalonand hindbrain,Other
TGCGGACCGATACGGA-1,22.0,40.0,DPallv,HiFuse-D07,2,DPallv,10,Mesenchyme,Other
GACCTTGATGCGGACC-1,42.0,29.0,Diencephalonand hindbrain,HiFuse-D08,10,Diencephalonand hindbrain,9,Midbrain,Other
GCAGGTCCAGAGCTAT-1,40.0,19.0,Cartilage-1,HiFuse-D02,9,Cartilage-1,13,Cartilage-1,Other
TTATCCGGTGGTCAGC-1,10.0,37.0,DPallm,HiFuse-D06,5,Basal plateof hindbrain,5,Diencephalonand hindbrain,D06
TGGTCAGCGAAGATCG-1,14.0,43.0,Cartilage-2,HiFuse-D11,9,Cartilage-1,5,Diencephalonand hindbrain,Other
ACCGCCAATTGACTTC-1,46.0,18.0,Mesenchyme,HiFuse-D05,1,Midbrain,5,Diencephalonand hindbrain,Other
GAAGATCGCTGATGGT-1,8.0,25.0,DPallm,HiFuse-D01,12,DPallm,1,DPallm,D01
ACCGCCAATCCTACCA-1,46.0,22.0,Cartilage-2,HiFuse-D03,13,Cartilage-2,11,Cartilage-2,Other
GATCTTACACGGAGGC-1,27.0,30.0,Diencephalonand hindbrain,HiFuse-D08,10,Diencephalonand hindbrain,5,Diencephalonand hindbrain,Other
ACTCAATATTACCGAG-1,30.0,35.0,Diencephalonand hindbrain,HiFuse-D08,10,Diencephalonand hindbrain,5,Diencephalonand hindbrain,Other
TAGAGTAATAGAATTA-1,41.0,16.0,Cartilage-2,HiFuse-D03,7,Muscle,7,Muscle,Other
TAGAATTATCCTACCA-1,35.0,22.0,Mesenchyme,HiFuse-D10,11,Thalamus,10,Mesenchyme,Other
CAACCGCTGAAGATCG-1,43.0,43.0,Diencephalonand hindbrain,HiFuse-D08,10,Diencephalonand hindbrain,9,Midbrain,Other
GCCGCAACTCGGCCTT-1,24.0,12.0,Diencephalonand hindbrain,HiFuse-D05,7,Muscle,5,Diencephalonand hindbrain,Other
TTGACTTCACGGAGGC-1,33.0,30.0,Diencephalonand hindbrain,HiFuse-D08,10,Diencephalonand hindbrain,5,Diencephalonand hindbrain,Other
AAGAAGCTTCGGCCTT-1,7.0,12.0,DPallm,HiFuse-D05,7,Muscle,6,Thalamus,Other
TGCCGGCATTACCGAG-1,17.0,35.0,DPallv,HiFuse-D13,2,DPallv,10,Mesenchyme,Other
TTATTCATAGAACGTC-1,18.0,13.0,Subpallium-1,HiFuse-D12,3,Subpallium-1,4,Subpallium-1,Other
TTGACTTCCATACTCC-1,33.0,47.0,Diencephalonand hindbrain,HiFuse-D08,10,Diencephalonand hindbrain,5,Diencephalonand hindbrain,Other
TCGGCCTTTCCTACCA-1,39.0,22.0,Mesenchyme,HiFuse-D09,13,Cartilage-2,5,Diencephalonand hindbrain,Other
GGTACTGCGGTATGCT-1,36.0,49.0,Diencephalonand hindbrain,HiFuse-D08,10,Diencephalonand hindbrain,5,Diencephalonand hindbrain,Other
CTTGCGCCCGACGCGA-1,37.0,39.0,Diencephalonand hindbrain,HiFuse-D08,10,Diencephalonand hindbrain,5,Diencephalonand hindbrain,Other
TCGGCCTTTTATTCAT-1,39.0,33.0,Diencephalonand hindbrain,HiFuse-D08,10,Diencephalonand hindbrain,5,Diencephalonand hindbrain,Other
TTACCGAGGCCGCAAC-1,16.0,27.0,Subpallium-1,HiFuse-D12,3,Subpallium-1,4,Subpallium-1,Other
TAGATCTAGAAGATCG-1,20.0,43.0,DPallm,HiFuse-D06,5,Basal plateof hindbrain,5,Diencephalonand hindbrain,D06
TCTGATACATCATATT-1,9.0,36.0,Cartilage-2,HiFuse-D06,11,Thalamus,5,Diencephalonand hindbrain,D06
GACCTTGAGAAGATCG-1,42.0,43.0,Diencephalonand hindbrain,HiFuse-D08,10,Diencephalonand hindbrain,9,Midbrain,Other
TCTGATACCCGAGAAT-1,9.0,26.0,DPallm,HiFuse-D01,5,Basal plateof hindbrain,1,DPallm,D01
GCTAACTTTCGGCCTT-1,3.0,12.0,Cartilage-2,HiFuse-D05,8,Cartilage-4,5,Diencephalonand hindbrain,Other
TTACCGAGGCGTTGGA-1,16.0,23.0,Subpallium-1,HiFuse-D12,3,Subpallium-1,4,Subpallium-1,Other
GATACGGATAGATCTA-1,11.0,31.0,DPallm,HiFuse-D01,12,DPallm,1,DPallm,D01
GCGTTGGATTACCGAG-1,28.0,35.0,Diencephalonand hindbrain,HiFuse-D08,10,Diencephalonand hindbrain,5,Diencephalonand hindbrain,Other
GCAGGTCCTCGGCCTT-1,40.0,12.0,Cartilage-2,HiFuse-D03,9,Cartilage-1,5,Diencephalonand hindbrain,Other
TGAGTCTGAGAGAAGG-1,23.0,46.0,Cartilage-2,HiFuse-D09,7,Muscle,5,Diencephalonand hindbrain,Other
ACTATGCATAGAGTAA-1,13.0,10.0,DPallm,HiFuse-D05,7,Muscle,5,Diencephalonand hindbrain,Other
ACGGAGGCAGAGAAGG-1,21.0,46.0,Cartilage-2,HiFuse-D06,5,Basal plateof hindbrain,5,Diencephalonand hindbrain,D06
CGACGCGACCGATTCC-1,12.0,4.0,Cartilage-3,HiFuse-D04,9,Cartilage-1,14,Cartilage-3,Other
GAAGATCGTTATTCAT-1,8.0,33.0,DPallm,HiFuse-D06,12,DPallm,12,Basal plateof hindbrain,D06
ATCATATTCAACCGCT-1,15.0,8.0,Cartilage-2,HiFuse-D05,8,Cartilage-4,5,Diencephalonand hindbrain,Other
GATCTTACCAACCGCT-1,27.0,8.0,Cartilage-4,HiFuse-D05,14,Cartilage-3,5,Diencephalonand hindbrain,Other
TGCCGGCAGAAGATCG-1,17.0,43.0,DPallm,HiFuse-D06,12,DPallm,12,Basal plateof hindbrain,D06
ACGGAGGCGGTACTGC-1,21.0,15.0,Subpallium-1,HiFuse-D12,3,Subpallium-1,5,Diencephalonand hindbrain,Other
ACCGCCAAAAGAAGCT-1,46.0,44.0,Diencephalonand hindbrain,HiFuse-D08,10,Diencephalonand hindbrain,5,Diencephalonand hindbrain,Other
TCTGATACGGTACTGC-1,9.0,15.0,DPallm,HiFuse-D01,5,Basal plateof hindbrain,6,Thalamus,D01
TAGATCTATCTGATAC-1,20.0,42.0,DPallv,HiFuse-D07,2,DPallv,3,DPallv,Other
TTATTCATGGTACTGC-1,18.0,15.0,Subpallium-1,HiFuse-D12,3,Subpallium-1,4,Subpallium-1,Other
AGAGAAGGTGAGTCTG-1,5.0,28.0,DPallm,HiFuse-D06,12,DPallm,12,Basal plateof hindbrain,D06
TGCCGGCACTTGCGCC-1,17.0,14.0,Subpallium-1,HiFuse-D12,3,Subpallium-1,4,Subpallium-1,Other
CCGATTCCAGAACGTC-1,47.0,13.0,Cartilage-4,HiFuse-D05,8,Cartilage-4,5,Diencephalonand hindbrain,Other
CATACTCCTTATTCAT-1,4.0,33.0,Mesenchyme,HiFuse-D11,11,Thalamus,5,Diencephalonand hindbrain,Other
GACCTTGAATCATATT-1,42.0,36.0,Diencephalonand hindbrain,HiFuse-D08,10,Diencephalonand hindbrain,5,Diencephalonand hindbrain,Other
TGCCGGCAGCGTTGGA-1,17.0,23.0,Subpallium-1,HiFuse-D12,7,Muscle,4,Subpallium-1,Other
GATACGGATTGACTTC-1,11.0,18.0,Subpallium-1,HiFuse-D12,3,Subpallium-1,4,Subpallium-1,Other
TCCGGCCTACGGAGGC-1,6.0,30.0,DPallm,HiFuse-D06,12,DPallm,12,Basal plateof hindbrain,D06
TGCGGACCAGAGAAGG-1,22.0,46.0,Cartilage-2,HiFuse-D06,5,Basal plateof hindbrain,5,Diencephalonand hindbrain,D06
CATACTCCGCCATTCT-1,4.0,17.0,DPallm,HiFuse-D06,5,Basal plateof hindbrain,6,Thalamus,D06
ATCATATTTGCGGACC-1,15.0,29.0,Subpallium-2,HiFuse-D13,2,DPallv,5,Diencephalonand hindbrain,Other
AGAGAAGGCTAAGAGA-1,5.0,20.0,DPallm,HiFuse-D01,12,DPallm,6,Thalamus,D01
GATACGGACGACGCGA-1,11.0,39.0,DPallm,HiFuse-D06,2,DPallv,5,Diencephalonand hindbrain,D06
GCCATTCTTGCGGACC-1,34.0,29.0,Diencephalonand hindbrain,HiFuse-D05,8,Cartilage-4,5,Diencephalonand hindbrain,Other
TGCCGGCAGGTACTGC-1,17.0,15.0,Subpallium-1,HiFuse-D12,3,Subpallium-1,4,Subpallium-1,Other
TGCCGGCATCGGCCTT-1,17.0,12.0,Subpallium-1,HiFuse-D11,7,Muscle,5,Diencephalonand hindbrain,Other
TGGTCAGCTTATTCAT-1,14.0,33.0,DPallv,HiFuse-D07,2,DPallv,3,DPallv,Other
TAGATCTAGATCTTAC-1,20.0,24.0,Subpallium-1,HiFuse-D13,3,Subpallium-1,5,Diencephalonand hindbrain,Other
GATACGGACTTGCGCC-1,11.0,14.0,DPallm,HiFuse-D01,5,Basal plateof hindbrain,1,DPallm,D01
CCGAGAATCGACGCGA-1,25.0,39.0,DPallm,HiFuse-D06,12,DPallm,5,Diencephalonand hindbrain,D06
GCCGCAACGATACGGA-1,24.0,40.0,DPallm,HiFuse-D06,12,DPallm,5,Diencephalonand hindbrain,D06
TAGAGTAACCGAGAAT-1,41.0,26.0,Cartilage-2,HiFuse-D09,13,Cartilage-2,5,Diencephalonand hindbrain,Other
AGAGCTATACGGAGGC-1,32.0,30.0,Diencephalonand hindbrain,HiFuse-D08,10,Diencephalonand hindbrain,5,Diencephalonand hindbrain,Other
TGGTCAGCACGGAGGC-1,14.0,30.0,DPallv,HiFuse-D07,2,DPallv,3,DPallv,Other
TTATTCATAGAGCTAT-1,18.0,19.0,Subpallium-1,HiFuse-D12,3,Subpallium-1,4,Subpallium-1,Other
TGCCGGCACGACGCGA-1,17.0,39.0,DPallv,HiFuse-D07,2,DPallv,3,DPallv,Other
GAAGATCGGCCGCAAC-1,8.0,27.0,DPallm,HiFuse-D01,12,DPallm,1,DPallm,D01
TAGATCTACAACCGCT-1,20.0,8.0,Cartilage-2,HiFuse-D05,8,Cartilage-4,5,Diencephalonand hindbrain,Other
CGACGCGACCGAGAAT-1,12.0,26.0,DPallv,HiFuse-D07,2,DPallv,3,DPallv,Other
CGACGCGAGATACGGA-1,12.0,40.0,DPallm,HiFuse-D06,5,Basal plateof hindbrain,5,Diencephalonand hindbrain,D06
CTTGCGCCGATACGGA-1,37.0,40.0,Diencephalonand hindbrain,HiFuse-D08,10,Diencephalonand hindbrain,5,Diencephalonand hindbrain,Other
TTACCGAGCTAAGAGA-1,16.0,20.0,Subpallium-1,HiFuse-D12,3,Subpallium-1,4,Subpallium-1,Other
ACTCAATAAGAGAAGG-1,30.0,46.0,Diencephalonand hindbrain,HiFuse-D08,10,Diencephalonand hindbrain,5,Diencephalonand hindbrain,Other
ACTCAATACATACTCC-1,30.0,47.0,Diencephalonand hindbrain,HiFuse-D08,10,Diencephalonand hindbrain,5,Diencephalonand hindbrain,Other
TCCTACCATCCTACCA-1,29.0,22.0,Mesenchyme,HiFuse-D08,10,Diencephalonand hindbrain,5,Diencephalonand hindbrain,Other
TTGACTTCTGGTCAGC-1,33.0,37.0,Diencephalonand hindbrain,HiFuse-D08,10,Diencephalonand hindbrain,9,Midbrain,Other
AGAACGTCGCCATTCT-1,38.0,17.0,Cartilage-1,HiFuse-D02,9,Cartilage-1,13,Cartilage-1,Other
ATCATATTGCCATTCT-1,15.0,17.0,Subpallium-1,HiFuse-D12,3,Subpallium-1,4,Subpallium-1,Other
GACCTTGATGCCGGCA-1,42.0,34.0,Diencephalonand hindbrain,HiFuse-D08,10,Diencephalonand hindbrain,5,Diencephalonand hindbrain,Other
ACTTAACCAGAGAAGG-1,44.0,46.0,Mesenchyme,HiFuse-D10,6,Mesenchyme,5,Diencephalonand hindbrain,Other
GCAGGTCCTGCGGACC-1,40.0,29.0,Diencephalonand hindbrain,HiFuse-D08,10,Diencephalonand hindbrain,5,Diencephalonand hindbrain,Other
GAAGATCGTGCGGACC-1,8.0,29.0,DPallm,HiFuse-D01,12,DPallm,1,DPallm,D01
TTATCCGGAATTAAGA-1,10.0,32.0,DPallm,HiFuse-D01,12,DPallm,1,DPallm,D01
TTATCCGGCTAAGAGA-1,10.0,20.0,Subpallium-1,HiFuse-D12,3,Subpallium-1,4,Subpallium-1,Other
TAGAATTAGGTATGCT-1,35.0,49.0,Diencephalonand hindbrain,HiFuse-D08,10,Diencephalonand hindbrain,5,Diencephalonand hindbrain,Other
CTGATGGTTCCTACCA-1,26.0,22.0,Mesenchyme,HiFuse-D09,4,Subpallium-2,5,Diencephalonand hindbrain,Other
GAAGATCGAATTAAGA-1,8.0,32.0,DPallm,HiFuse-D06,12,DPallm,12,Basal plateof hindbrain,D06
TAGATCTAAAGAAGCT-1,20.0,44.0,DPallm,HiFuse-D01,12,DPallm,1,DPallm,D01
TTATTCATTCGGCCTT-1,18.0,12.0,Subpallium-1,HiFuse-D11,3,Subpallium-1,5,Diencephalonand hindbrain,Other
GGTATGCTAGAACGTC-1,2.0,13.0,Cartilage-3,HiFuse-D04,9,Cartilage-1,14,Cartilage-3,Other
TTATCCGGGATCTTAC-1,10.0,24.0,DPallv,HiFuse-D07,5,Basal plateof hindbrain,5,Diencephalonand hindbrain,Other
AGAGAAGGAGAGCTAT-1,5.0,19.0,DPallm,HiFuse-D01,5,Basal plateof hindbrain,6,Thalamus,D01
ATCATATTACTCAATA-1,15.0,21.0,Subpallium-1,HiFuse-D12,3,Subpallium-1,5,Diencephalonand hindbrain,Other
AATTAAGATCGGCCTT-1,19.0,12.0,Subpallium-1,HiFuse-D12,3,Subpallium-1,5,Diencephalonand hindbrain,Other
CGAACGCCGGTATGCT-1,49.0,49.0,Diencephalonand hindbrain,HiFuse-D10,10,Diencephalonand hindbrain,5,Diencephalonand hindbrain,Other
TAGAATTACCGAGAAT-1,35.0,26.0,Mesenchyme,HiFuse-D08,2,DPallv,5,Diencephalonand hindbrain,Other
TAGAATTACAACCGCT-1,35.0,8.0,Cartilage-1,HiFuse-D02,9,Cartilage-1,13,Cartilage-1,Other
TTGACTTCGCTAACTT-1,33.0,48.0,Diencephalonand hindbrain,HiFuse-D08,10,Diencephalonand hindbrain,5,Diencephalonand hindbrain,Other
AAGAAGCTGATCTTAC-1,7.0,24.0,DPallm,HiFuse-D01,12,DPallm,1,DPallm,D01
GAAGATCGTAGAGTAA-1,8.0,10.0,Cartilage-3,HiFuse-D05,8,Cartilage-4,5,Diencephalonand hindbrain,Other
ATAAGGAGTCCGGCCT-1,50.0,45.0,Midbrain,HiFuse-D08,10,Diencephalonand hindbrain,5,Diencephalonand hindbrain,Other
TTACCGAGAAGAAGCT-1,16.0,44.0,Mesenchyme,HiFuse-D06,9,Cartilage-1,5,Diencephalonand hindbrain,D06
GGTATGCTCTAAGAGA-1,2.0,20.0,Cartilage-2,HiFuse-D05,13,Cartilage-2,5,Diencephalonand hindbrain,Other
GGTACTGCGCCGCAAC-1,36.0,27.0,Mesenchyme,HiFuse-D10,11,Thalamus,10,Mesenchyme,Other
CCGATTCCTGCGGACC-1,47.0,29.0,Diencephalonand hindbrain,HiFuse-D08,10,Diencephalonand hindbrain,9,Midbrain,Other
TGGTCAGCGCGTTGGA-1,14.0,23.0,Subpallium-1,HiFuse-D12,3,Subpallium-1,4,Subpallium-1,Other
ACTATGCAAATTAAGA-1,13.0,32.0,DPallv,HiFuse-D07,5,Basal plateof hindbrain,3,DPallv,Other
TCCGGCCTAATTAAGA-1,6.0,32.0,Cartilage-2,HiFuse-D06,13,Cartilage-2,5,Diencephalonand hindbrain,D06
GATACGGATGGTCAGC-1,11.0,37.0,DPallm,HiFuse-D06,12,DPallm,12,Basal plateof hindbrain,D06
AATTAAGACTTGCGCC-1,19.0,14.0,Subpallium-1,HiFuse-D12,3,Subpallium-1,5,Diencephalonand hindbrain,Other
TAGAGTAATCCGGCCT-1,41.0,45.0,Diencephalonand hindbrain,HiFuse-D08,10,Diencephalonand hindbrain,5,Diencephalonand hindbrain,Other
TAGAATTAGGTACTGC-1,35.0,15.0,Mesenchyme,HiFuse-D09,13,Cartilage-2,5,Diencephalonand hindbrain,Other
ATAAGGAGGGTACTGC-1,50.0,15.0,Cartilage-4,HiFuse-D05,4,Subpallium-2,5,Diencephalonand hindbrain,Other
GATCTTACGCAGGTCC-1,27.0,11.0,Diencephalonand hindbrain,HiFuse-D05,10,Diencephalonand hindbrain,5,Diencephalonand hindbrain,Other
GATACGGATCCTACCA-1,11.0,22.0,Subpallium-1,HiFuse-D12,3,Subpallium-1,4,Subpallium-1,Other
TGCCGGCATTGACTTC-1,17.0,18.0,Subpallium-1,HiFuse-D12,3,Subpallium-1,4,Subpallium-1,Other
AATTAAGAACTCAATA-1,19.0,21.0,Subpallium-1,HiFuse-D12,3,Subpallium-1,5,Diencephalonand hindbrain,Other
GATCTTACTTATCCGG-1,27.0,41.0,Diencephalonand hindbrain,HiFuse-D05,6,Mesenchyme,5,Diencephalonand hindbrain,Other
AAGAAGCTCTGATGGT-1,7.0,25.0,DPallm,HiFuse-D01,12,DPallm,1,DPallm,D01
TGGTCAGCGATCTTAC-1,14.0,24.0,Subpallium-1,HiFuse-D12,3,Subpallium-1,4,Subpallium-1,Other
GAAGATCGGCGTTGGA-1,8.0,23.0,DPallm,HiFuse-D01,12,DPallm,5,Diencephalonand hindbrain,D01
GACCTTGACTGATGGT-1,42.0,25.0,Mesenchyme,HiFuse-D09,13,Cartilage-2,5,Diencephalonand hindbrain,Other
TAGAGTAAAACCTGCG-1,41.0,50.0,Diencephalonand hindbrain,HiFuse-D08,1,Midbrain,5,Diencephalonand hindbrain,Other
CCAGTTCCGCGTTGGA-1,45.0,23.0,Cartilage-2,HiFuse-D03,6,Mesenchyme,11,Cartilage-2,Other
CTGATGGTTTACCGAG-1,26.0,35.0,Thalamus,HiFuse-D14,11,Thalamus,5,Diencephalonand hindbrain,Other
CCAGTTCCTTACCGAG-1,45.0,35.0,Diencephalonand hindbrain,HiFuse-D08,10,Diencephalonand hindbrain,9,Midbrain,Other
ATAAGGAGCCGAGAAT-1,50.0,26.0,Diencephalonand hindbrain,HiFuse-D08,7,Muscle,5,Diencephalonand hindbrain,Other
GATACGGAGCGTTGGA-1,11.0,23.0,DPallv,HiFuse-D13,3,Subpallium-1,5,Diencephalonand hindbrain,Other
CTTGCGCCGCCATTCT-1,37.0,17.0,Cartilage-3,HiFuse-D09,9,Cartilage-1,7,Muscle,Other
CTAAGAGAAAGAAGCT-1,31.0,44.0,Diencephalonand hindbrain,HiFuse-D08,7,Muscle,5,Diencephalonand hindbrain,Other
CTTGCGCCAGAGAAGG-1,37.0,46.0,Diencephalonand hindbrain,HiFuse-D08,10,Diencephalonand hindbrain,5,Diencephalonand hindbrain,Other
TTATTCATGCCGCAAC-1,18.0,27.0,Subpallium-2,HiFuse-D13,11,Thalamus,5,Diencephalonand hindbrain,Other
GCTAACTTAGAGCTAT-1,3.0,19.0,DPallm,HiFuse-D06,5,Basal plateof hindbrain,6,Thalamus,D06
ACTTAACCTGGTCAGC-1,44.0,37.0,Diencephalonand hindbrain,HiFuse-D08,10,Diencephalonand hindbrain,5,Diencephalonand hindbrain,Other
TTATTCATGAAGATCG-1,18.0,43.0,DPallm,HiFuse-D01,12,DPallm,1,DPallm,D01
ACTATGCATGGTCAGC-1,13.0,37.0,DPallm,HiFuse-D01,12,DPallm,1,DPallm,D01
TCCTACCAAGAGCTAT-1,29.0,19.0,Diencephalonand hindbrain,HiFuse-D08,10,Diencephalonand hindbrain,5,Diencephalonand hindbrain,Other
TGCCGGCAAGAGCTAT-1,17.0,19.0,Subpallium-1,HiFuse-D12,3,Subpallium-1,4,Subpallium-1,Other
CCGATTCCTTATTCAT-1,47.0,33.0,Diencephalonand hindbrain,HiFuse-D08,10,Diencephalonand hindbrain,9,Midbrain,Other
CTGATGGTACTATGCA-1,26.0,38.0,Mesenchyme,HiFuse-D09,13,Cartilage-2,5,Diencephalonand hindbrain,Other
CGAACGCCTTGACTTC-1,49.0,18.0,Cartilage-4,HiFuse-D05,4,Subpallium-2,5,Diencephalonand hindbrain,Other
GATCTTACGATACGGA-1,27.0,40.0,Diencephalonand hindbrain,HiFuse-D05,1,Midbrain,5,Diencephalonand hindbrain,Other
ATCATATTTCCGGCCT-1,15.0,45.0,Cartilage-2,HiFuse-D11,9,Cartilage-1,5,Diencephalonand hindbrain,Other
CAACCGCTCGACGCGA-1,43.0,39.0,Diencephalonand hindbrain,HiFuse-D08,10,Diencephalonand hindbrain,5,Diencephalonand hindbrain,Other
CCGAGAATGGTATGCT-1,25.0,49.0,Cartilage-3,HiFuse-D09,9,Cartilage-1,5,Diencephalonand hindbrain,Other
TCCGGCCTTGGTCAGC-1,6.0,37.0,Cartilage-2,HiFuse-D11,9,Cartilage-1,5,Diencephalonand hindbrain,Other
TAGATCTATGCCGGCA-1,20.0,34.0,Mesenchyme,HiFuse-D08,11,Thalamus,5,Diencephalonand hindbrain,Other
TGAGTCTGGGTACTGC-1,23.0,15.0,Diencephalonand hindbrain,HiFuse-D08,10,Diencephalonand hindbrain,5,Diencephalonand hindbrain,Other
ACTTAACCTCTGATAC-1,44.0,42.0,Diencephalonand hindbrain,HiFuse-D08,10,Diencephalonand hindbrain,9,Midbrain,Other
TTATCCGGATCATATT-1,10.0,36.0,DPallm,HiFuse-D06,12,DPallm,12,Basal plateof hindbrain,D06
GGCTGAGCGATACGGA-1,48.0,40.0,Diencephalonand hindbrain,HiFuse-D08,6,Mesenchyme,5,Diencephalonand hindbrain,Other
TGCGGACCAATTAAGA-1,22.0,32.0,Mesenchyme,HiFuse-D10,6,Mesenchyme,5,Diencephalonand hindbrain,Other
TGAGTCTGTGCCGGCA-1,23.0,34.0,Cartilage-2,HiFuse-D13,13,Cartilage-2,5,Diencephalonand hindbrain,Other
TCCTACCAGCCATTCT-1,29.0,17.0,Diencephalonand hindbrain,HiFuse-D08,11,Thalamus,5,Diencephalonand hindbrain,Other
AATTAAGATGCCGGCA-1,19.0,34.0,Mesenchyme,HiFuse-D06,2,DPallv,5,Diencephalonand hindbrain,D06
TAGAATTATGAGTCTG-1,35.0,28.0,Mesenchyme,HiFuse-D05,10,Diencephalonand hindbrain,5,Diencephalonand hindbrain,Other
TAGATCTAACCGCCAA-1,20.0,5.0,Muscle,HiFuse-D05,4,Subpallium-2,5,Diencephalonand hindbrain,Other
AAGAAGCTTGCGGACC-1,7.0,29.0,DPallm,HiFuse-D06,12,DPallm,12,Basal plateof hindbrain,D06
TGGTCAGCGATACGGA-1,14.0,40.0,DPallm,HiFuse-D06,12,DPallm,12,Basal plateof hindbrain,D06
TAGAATTAGATCTTAC-1,35.0,24.0,Mesenchyme,HiFuse-D08,11,Thalamus,5,Diencephalonand hindbrain,Other
TGAGTCTGACTTAACC-1,23.0,7.0,Cartilage-2,HiFuse-D03,7,Muscle,11,Cartilage-2,Other
ACTTAACCTCCTACCA-1,44.0,22.0,Cartilage-2,HiFuse-D03,6,Mesenchyme,11,Cartilage-2,Other
GGTACTGCAGAACGTC-1,36.0,13.0,Cartilage-1,HiFuse-D02,11,Thalamus,13,Cartilage-1,Other
TTACCGAGTAGATCTA-1,16.0,31.0,DPallv,HiFuse-D13,2,DPallv,2,Subpallium-2,Other
CCGATTCCACTCAATA-1,47.0,21.0,Cartilage-2,HiFuse-D03,9,Cartilage-1,7,Muscle,Other
GCCATTCTCATACTCC-1,34.0,47.0,Diencephalonand hindbrain,HiFuse-D08,10,Diencephalonand hindbrain,5,Diencephalonand hindbrain,Other
GCTAACTTCTGATGGT-1,3.0,25.0,Cartilage-2,HiFuse-D05,9,Cartilage-1,5,Diencephalonand hindbrain,Other
AGAGCTATTCGGCCTT-1,32.0,12.0,Mesenchyme,HiFuse-D05,8,Cartilage-4,5,Diencephalonand hindbrain,Other
CGACGCGACAACCGCT-1,12.0,8.0,Cartilage-2,HiFuse-D05,8,Cartilage-4,7,Muscle,Other
CTAAGAGAGCCATTCT-1,31.0,17.0,Diencephalonand hindbrain,HiFuse-D08,10,Diencephalonand hindbrain,5,Diencephalonand hindbrain,Other
GGCTGAGCGCGTTGGA-1,48.0,23.0,Cartilage-2,HiFuse-D03,6,Mesenchyme,11,Cartilage-2,Other
CTGATGGTTCTGATAC-1,26.0,42.0,Cartilage-2,HiFuse-D08,13,Cartilage-2,5,Diencephalonand hindbrain,Other
TGGTCAGCTAGATCTA-1,14.0,31.0,DPallv,HiFuse-D07,2,DPallv,3,DPallv,Other
TGAGTCTGGCGTTGGA-1,23.0,23.0,Diencephalonand hindbrain,HiFuse-D08,10,Diencephalonand hindbrain,5,Diencephalonand hindbrain,Other
GCGTTGGAGGTATGCT-1,28.0,49.0,Mesenchyme,HiFuse-D09,8,Cartilage-4,5,Diencephalonand hindbrain,Other
TGAGTCTGACTATGCA-1,23.0,38.0,DPallm,HiFuse-D01,12,DPallm,1,DPallm,D01
ACTTAACCGATACGGA-1,44.0,40.0,Diencephalonand hindbrain,HiFuse-D08,10,Diencephalonand hindbrain,9,Midbrain,Other
TCCGGCCTAGAACGTC-1,6.0,13.0,DPallm,HiFuse-D06,5,Basal plateof hindbrain,6,Thalamus,D06
TCCTACCAGAAGATCG-1,29.0,43.0,Diencephalonand hindbrain,HiFuse-D08,10,Diencephalonand hindbrain,5,Diencephalonand hindbrain,Other
CTTGCGCCAACCTGCG-1,37.0,50.0,Diencephalonand hindbrain,HiFuse-D08,10,Diencephalonand hindbrain,5,Diencephalonand hindbrain,Other
GATACGGAACGGAGGC-1,11.0,30.0,DPallm,HiFuse-D07,5,Basal plateof hindbrain,5,Diencephalonand hindbrain,Other
CATACTCCTCGGCCTT-1,4.0,12.0,Cartilage-2,HiFuse-D05,8,Cartilage-4,5,Diencephalonand hindbrain,Other
GGTATGCTGGTACTGC-1,2.0,15.0,Cartilage-3,HiFuse-D04,9,Cartilage-1,14,Cartilage-3,Other
CTTGCGCCTCTGATAC-1,37.0,42.0,Diencephalonand hindbrain,HiFuse-D08,10,Diencephalonand hindbrain,9,Midbrain,Other
ACTTAACCCATACTCC-1,44.0,47.0,Cartilage-2,HiFuse-D09,1,Midbrain,5,Diencephalonand hindbrain,Other
ACTCAATAGCCGCAAC-1,30.0,27.0,Diencephalonand hindbrain,HiFuse-D08,10,Diencephalonand hindbrain,5,Diencephalonand hindbrain,Other
CCGATTCCGAAGATCG-1,47.0,43.0,Diencephalonand hindbrain,HiFuse-D08,10,Diencephalonand hindbrain,5,Diencephalonand hindbrain,Other
GCAGGTCCCGACGCGA-1,40.0,39.0,Diencephalonand hindbrain,HiFuse-D08,10,Diencephalonand hindbrain,9,Midbrain,Other
TAGAGTAATGGTCAGC-1,41.0,37.0,Diencephalonand hindbrain,HiFuse-D08,10,Diencephalonand hindbrain,5,Diencephalonand hindbrain,Other
AATTAAGAGACCTTGA-1,19.0,9.0,Subpallium-1,HiFuse-D05,7,Muscle,5,Diencephalonand hindbrain,Other
TCCGGCCTTTATTCAT-1,6.0,33.0,Cartilage-2,HiFuse-D13,9,Cartilage-1,5,Diencephalonand hindbrain,Other
TTATCCGGACGGAGGC-1,10.0,30.0,DPallm,HiFuse-D01,12,DPallm,1,DPallm,D01
CGACGCGAACTATGCA-1,12.0,38.0,DPallm,HiFuse-D06,12,DPallm,12,Basal plateof hindbrain,D06
ATCATATTGCGTTGGA-1,15.0,23.0,Subpallium-1,HiFuse-D12,3,Subpallium-1,4,Subpallium-1,Other
AAGAAGCTTTACCGAG-1,7.0,35.0,Cartilage-2,HiFuse-D04,9,Cartilage-1,8,Cartilage-4,Other
CGAACGCCCCGAGAAT-1,49.0,26.0,Diencephalonand hindbrain,HiFuse-D08,10,Diencephalonand hindbrain,9,Midbrain,Other
CGAACGCCGCTAACTT-1,49.0,48.0,Midbrain,HiFuse-D10,10,Diencephalonand hindbrain,9,Midbrain,Other
GCGTTGGACCAGTTCC-1,28.0,6.0,Cartilage-1,HiFuse-D02,9,Cartilage-1,13,Cartilage-1,Other
CCGATTCCTAGATCTA-1,47.0,31.0,Diencephalonand hindbrain,HiFuse-D08,10,Diencephalonand hindbrain,9,Midbrain,Other
TCCGGCCTATCATATT-1,6.0,36.0,Cartilage-2,HiFuse-D11,9,Cartilage-1,5,Diencephalonand hindbrain,Other
TGCGGACCCTAAGAGA-1,22.0,20.0,Diencephalonand hindbrain,HiFuse-D08,6,Mesenchyme,5,Diencephalonand hindbrain,Other
CTTGCGCCGACCTTGA-1,37.0,9.0,Cartilage-1,HiFuse-D02,9,Cartilage-1,13,Cartilage-1,Other
GAAGATCGGATACGGA-1,8.0,40.0,Cartilage-2,HiFuse-D11,8,Cartilage-4,5,Diencephalonand hindbrain,Other
TTATCCGGTTGACTTC-1,10.0,18.0,Subpallium-1,HiFuse-D12,3,Subpallium-1,4,Subpallium-1,Other
GCAGGTCCACGGAGGC-1,40.0,30.0,Diencephalonand hindbrain,HiFuse-D08,10,Diencephalonand hindbrain,5,Diencephalonand hindbrain,Other
ACCGCCAAGCGTTGGA-1,46.0,23.0,Cartilage-2,HiFuse-D03,7,Muscle,11,Cartilage-2,Other
GCCGCAACCTGATGGT-1,24.0,25.0,Diencephalonand hindbrain,HiFuse-D08,10,Diencephalonand hindbrain,5,Diencephalonand hindbrain,Other
ACTCAATAGCTAACTT-1,30.0,48.0,Diencephalonand hindbrain,HiFuse-D08,10,Diencephalonand hindbrain,5,Diencephalonand hindbrain,Other
CCGATTCCAAGAAGCT-1,47.0,44.0,Diencephalonand hindbrain,HiFuse-D08,10,Diencephalonand hindbrain,5,Diencephalonand hindbrain,Other
TTACCGAGTCGGCCTT-1,16.0,12.0,Diencephalonand hindbrain,HiFuse-D11,7,Muscle,5,Diencephalonand hindbrain,Other
TCCGGCCTGATCTTAC-1,6.0,24.0,DPallm,HiFuse-D01,12,DPallm,1,DPallm,D01
ATAAGGAGTCCTACCA-1,50.0,22.0,Cartilage-2,HiFuse-D03,1,Midbrain,7,Muscle,Other
GCCATTCTAGAGAAGG-1,34.0,46.0,Diencephalonand hindbrain,HiFuse-D08,10,Diencephalonand hindbrain,5,Diencephalonand hindbrain,Other
CTAAGAGAGAAGATCG-1,31.0,43.0,Diencephalonand hindbrain,HiFuse-D08,10,Diencephalonand hindbrain,5,Diencephalonand hindbrain,Other
ACCGCCAATTACCGAG-1,46.0,35.0,Diencephalonand hindbrain,HiFuse-D08,10,Diencephalonand hindbrain,9,Midbrain,Other
TGCCGGCAGCCATTCT-1,17.0,17.0,Subpallium-1,HiFuse-D12,3,Subpallium-1,4,Subpallium-1,Other
GACCTTGATGGTCAGC-1,42.0,37.0,Diencephalonand hindbrain,HiFuse-D08,10,Diencephalonand hindbrain,9,Midbrain,Other
TAGAGTAAGATACGGA-1,41.0,40.0,Diencephalonand hindbrain,HiFuse-D08,1,Midbrain,5,Diencephalonand hindbrain,Other
ATAAGGAGAATTAAGA-1,50.0,32.0,Diencephalonand hindbrain,HiFuse-D08,10,Diencephalonand hindbrain,5,Diencephalonand hindbrain,Other
TCCGGCCTTCCTACCA-1,6.0,22.0,DPallm,HiFuse-D01,5,Basal plateof hindbrain,1,DPallm,D01
TTGACTTCTAGATCTA-1,33.0,31.0,Diencephalonand hindbrain,HiFuse-D08,10,Diencephalonand hindbrain,5,Diencephalonand hindbrain,Other
GATACGGAGCCATTCT-1,11.0,17.0,Subpallium-1,HiFuse-D12,3,Subpallium-1,4,Subpallium-1,Other
ACCGCCAAGCCATTCT-1,46.0,17.0,Cartilage-2,HiFuse-D05,1,Midbrain,5,Diencephalonand hindbrain,Other
GATACGGAACTATGCA-1,11.0,38.0,DPallm,HiFuse-D06,12,DPallm,12,Basal plateof hindbrain,D06
CTTGCGCCTGAGTCTG-1,37.0,28.0,Mesenchyme,HiFuse-D09,13,Cartilage-2,5,Diencephalonand hindbrain,Other
GAAGATCGTAGAATTA-1,8.0,16.0,DPallm,HiFuse-D01,5,Basal plateof hindbrain,5,Diencephalonand hindbrain,D01
AGAGAAGGGCCGCAAC-1,5.0,27.0,DPallm,HiFuse-D06,12,DPallm,12,Basal plateof hindbrain,D06
CATACTCCGCGTTGGA-1,4.0,23.0,DPallm,HiFuse-D06,12,DPallm,6,Thalamus,D06
AAGAAGCTGCCGCAAC-1,7.0,27.0,DPallm,HiFuse-D01,12,DPallm,1,DPallm,D01
GATACGGATCGGCCTT-1,11.0,12.0,DPallm,HiFuse-D06,5,Basal plateof hindbrain,5,Diencephalonand hindbrain,D06
AGAGAAGGGATCTTAC-1,5.0,24.0,DPallm,HiFuse-D06,12,DPallm,6,Thalamus,D06
GAAGATCGGCCATTCT-1,8.0,17.0,DPallv,HiFuse-D07,6,Mesenchyme,5,Diencephalonand hindbrain,Other
TGAGTCTGCCGAGAAT-1,23.0,26.0,Diencephalonand hindbrain,HiFuse-D08,10,Diencephalonand hindbrain,5,Diencephalonand hindbrain,Other
ACGGAGGCTTATCCGG-1,21.0,41.0,DPallv,HiFuse-D07,2,DPallv,3,DPallv,Other
TCTGATACCTAAGAGA-1,9.0,20.0,DPallv,HiFuse-D07,2,DPallv,3,DPallv,Other
CCGAGAATTTATCCGG-1,25.0,41.0,DPallm,HiFuse-D06,12,DPallm,5,Diencephalonand hindbrain,D06
TGCCGGCAACCGCCAA-1,17.0,5.0,Cartilage-3,HiFuse-D05,8,Cartilage-4,5,Diencephalonand hindbrain,Other
CAACCGCTAGAGCTAT-1,43.0,19.0,Cartilage-2,HiFuse-D03,7,Muscle,7,Muscle,Other
ACTATGCAGATACGGA-1,13.0,40.0,DPallm,HiFuse-D06,12,DPallm,12,Basal plateof hindbrain,D06
TTACCGAGGAAGATCG-1,16.0,43.0,DPallm,HiFuse-D06,12,DPallm,12,Basal plateof hindbrain,D06
CTAAGAGACTTGCGCC-1,31.0,14.0,Cartilage-2,HiFuse-D09,7,Muscle,5,Diencephalonand hindbrain,Other
TGCCGGCAAAGAAGCT-1,17.0,44.0,DPallm,HiFuse-D06,12,DPallm,12,Basal plateof hindbrain,D06
ATCATATTTCTGATAC-1,15.0,42.0,DPallm,HiFuse-D06,12,DPallm,12,Basal plateof hindbrain,D06
ACTCAATACTAAGAGA-1,30.0,20.0,Cartilage-4,HiFuse-D09,8,Cartilage-4,5,Diencephalonand hindbrain,Other
CAACCGCTTGCGGACC-1,43.0,29.0,Diencephalonand hindbrain,HiFuse-D08,10,Diencephalonand hindbrain,5,Diencephalonand hindbrain,Other
TGGTCAGCTCTGATAC-1,14.0,42.0,DPallm,HiFuse-D06,5,Basal plateof hindbrain,12,Basal plateof hindbrain,D06
AATTAAGAGAAGATCG-1,19.0,43.0,DPallm,HiFuse-D01,12,DPallm,5,Diencephalonand hindbrain,D01
AGAACGTCTGCGGACC-1,38.0,29.0,Mesenchyme,HiFuse-D05,8,Cartilage-4,5,Diencephalonand hindbrain,Other
GGTACTGCTAGAATTA-1,36.0,16.0,Mesenchyme,HiFuse-D09,7,Muscle,5,Diencephalonand hindbrain,Other
TCCTACCAACGGAGGC-1,29.0,30.0,Diencephalonand hindbrain,HiFuse-D08,10,Diencephalonand hindbrain,5,Diencephalonand hindbrain,Other
TCTGATACTAGATCTA-1,9.0,31.0,DPallm,HiFuse-D01,12,DPallm,1,DPallm,D01
GCTAACTTTTGACTTC-1,3.0,18.0,DPallm,HiFuse-D06,5,Basal plateof hindbrain,6,Thalamus,D06
TTATCCGGAGAACGTC-1,10.0,13.0,DPallm,HiFuse-D01,5,Basal plateof hindbrain,5,Diencephalonand hindbrain,D01
TTATTCATTAGATCTA-1,18.0,31.0,Mesenchyme,HiFuse-D10,11,Thalamus,5,Diencephalonand hindbrain,Other
GGCTGAGCGCTAACTT-1,48.0,48.0,Midbrain,HiFuse-D10,10,Diencephalonand hindbrain,9,Midbrain,Other
CCGAGAATGAAGATCG-1,25.0,43.0,DPallm,HiFuse-D06,12,DPallm,12,Basal plateof hindbrain,D06
CGACGCGATGAGTCTG-1,12.0,28.0,DPallv,HiFuse-D07,2,DPallv,3,DPallv,Other
TAGAGTAATGAGTCTG-1,41.0,28.0,Diencephalonand hindbrain,HiFuse-D08,10,Diencephalonand hindbrain,5,Diencephalonand hindbrain,Other
AGAGAAGGACTCAATA-1,5.0,21.0,DPallm,HiFuse-D01,12,DPallm,6,Thalamus,D01
TCTGATACGCCGCAAC-1,9.0,27.0,DPallm,HiFuse-D01,12,DPallm,1,DPallm,D01
CCGAGAATAAGAAGCT-1,25.0,44.0,Mesenchyme,HiFuse-D06,6,Mesenchyme,5,Diencephalonand hindbrain,D06
CCAGTTCCTGGTCAGC-1,45.0,37.0,Diencephalonand hindbrain,HiFuse-D08,10,Diencephalonand hindbrain,9,Midbrain,Other
ATCATATTTCGGCCTT-1,15.0,12.0,DPallm,HiFuse-D06,5,Basal plateof hindbrain,5,Diencephalonand hindbrain,D06
ACTCAATACAACCGCT-1,30.0,8.0,Cartilage-4,HiFuse-D05,8,Cartilage-4,5,Diencephalonand hindbrain,Other
TAGATCTATTGACTTC-1,20.0,18.0,Subpallium-1,HiFuse-D12,3,Subpallium-1,5,Diencephalonand hindbrain,Other
CATACTCCGATCTTAC-1,4.0,24.0,DPallm,HiFuse-D06,12,DPallm,6,Thalamus,D06
CATACTCCTAGAATTA-1,4.0,16.0,DPallm,HiFuse-D06,7,Muscle,6,Thalamus,D06
ATCATATTACTATGCA-1,15.0,38.0,DPallm,HiFuse-D01,12,DPallm,5,Diencephalonand hindbrain,D01
TCCGGCCTTGCGGACC-1,6.0,29.0,DPallm,HiFuse-D06,12,DPallm,12,Basal plateof hindbrain,D06
CTGATGGTGGTACTGC-1,26.0,15.0,Diencephalonand hindbrain,HiFuse-D08,10,Diencephalonand hindbrain,5,Diencephalonand hindbrain,Other
GGTACTGCCAACCGCT-1,36.0,8.0,Cartilage-3,HiFuse-D05,9,Cartilage-1,7,Muscle,Other
GACCTTGATAGAGTAA-1,42.0,10.0,Muscle,HiFuse-D05,9,Cartilage-1,7,Muscle,Other
TCCGGCCTGCCATTCT-1,6.0,17.0,DPallm,HiFuse-D01,5,Basal plateof hindbrain,1,DPallm,D01
TGGTCAGCTGAGTCTG-1,14.0,28.0,DPallv,HiFuse-D13,2,DPallv,2,Subpallium-2,Other
TCCGGCCTTTGACTTC-1,6.0,18.0,DPallm,HiFuse-D01,5,Basal plateof hindbrain,1,DPallm,D01
CGACGCGATCGGCCTT-1,12.0,12.0,DPallm,HiFuse-D06,7,Muscle,5,Diencephalonand hindbrain,D06
ATAAGGAGACTCAATA-1,50.0,21.0,Cartilage-2,HiFuse-D03,9,Cartilage-1,7,Muscle,Other
TCGGCCTTTAGAATTA-1,39.0,16.0,Cartilage-1,HiFuse-D02,9,Cartilage-1,13,Cartilage-1,Other
TTATCCGGGACCTTGA-1,10.0,9.0,Diencephalonand hindbrain,HiFuse-D05,8,Cartilage-4,5,Diencephalonand hindbrain,Other
TAGATCTATCCGGCCT-1,20.0,45.0,DPallm,HiFuse-D06,12,DPallm,12,Basal plateof hindbrain,D06
GGCTGAGCCGACGCGA-1,48.0,39.0,Diencephalonand hindbrain,HiFuse-D08,10,Diencephalonand hindbrain,5,Diencephalonand hindbrain,Other
AGAGCTATGACCTTGA-1,32.0,9.0,Cartilage-1,HiFuse-D02,9,Cartilage-1,13,Cartilage-1,Other
TTGACTTCGATACGGA-1,33.0,40.0,Diencephalonand hindbrain,HiFuse-D05,6,Mesenchyme,5,Diencephalonand hindbrain,Other
GCGTTGGATTGACTTC-1,28.0,18.0,Diencephalonand hindbrain,HiFuse-D08,10,Diencephalonand hindbrain,5,Diencephalonand hindbrain,Other
GATACGGAGGTACTGC-1,11.0,15.0,DPallm,HiFuse-D01,5,Basal plateof hindbrain,6,Thalamus,D01
CCAGTTCCGATACGGA-1,45.0,40.0,Diencephalonand hindbrain,HiFuse-D08,10,Diencephalonand hindbrain,9,Midbrain,Other
TAGAGTAAGAAGATCG-1,41.0,43.0,Diencephalonand hindbrain,HiFuse-D08,10,Diencephalonand hindbrain,5,Diencephalonand hindbrain,Other
ATAAGGAGGATACGGA-1,50.0,40.0,Diencephalonand hindbrain,HiFuse-D08,10,Diencephalonand hindbrain,5,Diencephalonand hindbrain,Other
CCGATTCCGCCGCAAC-1,47.0,27.0,Diencephalonand hindbrain,HiFuse-D08,10,Diencephalonand hindbrain,5,Diencephalonand hindbrain,Other
ATCATATTTTGACTTC-1,15.0,18.0,Subpallium-1,HiFuse-D12,3,Subpallium-1,4,Subpallium-1,Other
CTTGCGCCTTACCGAG-1,37.0,35.0,Diencephalonand hindbrain,HiFuse-D08,6,Mesenchyme,9,Midbrain,Other
TCCTACCATTATCCGG-1,29.0,41.0,Diencephalonand hindbrain,HiFuse-D08,10,Diencephalonand hindbrain,5,Diencephalonand hindbrain,Other
TGGTCAGCCGAACGCC-1,14.0,2.0,Cartilage-3,HiFuse-D05,14,Cartilage-3,5,Diencephalonand hindbrain,Other
ACGGAGGCGAAGATCG-1,21.0,43.0,DPallv,HiFuse-D07,5,Basal plateof hindbrain,3,DPallv,Other
TGCCGGCACCGAGAAT-1,17.0,26.0,Subpallium-1,HiFuse-D12,3,Subpallium-1,4,Subpallium-1,Other
TCCGGCCTACTTAACC-1,6.0,7.0,Cartilage-4,HiFuse-D05,8,Cartilage-4,5,Diencephalonand hindbrain,Other
GGTATGCTACTCAATA-1,2.0,21.0,Cartilage-2,HiFuse-D11,9,Cartilage-1,5,Diencephalonand hindbrain,Other
AAGAAGCTTGGTCAGC-1,7.0,37.0,Cartilage-2,HiFuse-D11,9,Cartilage-1,5,Diencephalonand hindbrain,Other
ACTATGCACCAGTTCC-1,13.0,6.0,Cartilage-3,HiFuse-D04,9,Cartilage-1,14,Cartilage-3,Other
CCGAGAATACCGCCAA-1,25.0,5.0,Cartilage-4,HiFuse-D05,8,Cartilage-4,8,Cartilage-4,Other
CGAACGCCACTATGCA-1,49.0,38.0,Diencephalonand hindbrain,HiFuse-D08,10,Diencephalonand hindbrain,9,Midbrain,Other
CGACGCGACTAAGAGA-1,12.0,20.0,Subpallium-1,HiFuse-D12,3,Subpallium-1,4,Subpallium-1,Other
GACCTTGAGCCATTCT-1,42.0,17.0,Cartilage-2,HiFuse-D03,7,Muscle,11,Cartilage-2,Other
CAACCGCTTGAGTCTG-1,43.0,28.0,Diencephalonand hindbrain,HiFuse-D08,10,Diencephalonand hindbrain,5,Diencephalonand hindbrain,Other
AAGAAGCTCAACCGCT-1,7.0,8.0,Cartilage-4,HiFuse-D05,8,Cartilage-4,5,Diencephalonand hindbrain,Other
AATTAAGAGCCGCAAC-1,19.0,27.0,DPallv,HiFuse-D13,11,Thalamus,2,Subpallium-2,Other
GATCTTACTTATTCAT-1,27.0,33.0,Thalamus,HiFuse-D14,11,Thalamus,5,Diencephalonand hindbrain,Other
GCGTTGGATAGAGTAA-1,28.0,10.0,Mesenchyme,HiFuse-D05,8,Cartilage-4,5,Diencephalonand hindbrain,Other
AATTAAGAAGAGAAGG-1,19.0,46.0,Cartilage-2,HiFuse-D09,9,Cartilage-1,5,Diencephalonand hindbrain,Other
ACCGCCAATAGAATTA-1,46.0,16.0,Cartilage-2,HiFuse-D05,4,Subpallium-2,7,Muscle,Other
TCCTACCAGGTACTGC-1,29.0,15.0,Diencephalonand hindbrain,HiFuse-D08,10,Diencephalonand hindbrain,5,Diencephalonand hindbrain,Other
AAGAAGCTACCGCCAA-1,7.0,5.0,Cartilage-3,HiFuse-D05,8,Cartilage-4,7,Muscle,Other
TTGACTTCACTCAATA-1,33.0,21.0,Mesenchyme,HiFuse-D09,13,Cartilage-2,5,Diencephalonand hindbrain,Other
GCCATTCTAGAGCTAT-1,34.0,19.0,Mesenchyme,HiFuse-D09,1,Midbrain,5,Diencephalonand hindbrain,Other
TTGACTTCTAGAGTAA-1,33.0,10.0,Cartilage-1,HiFuse-D02,9,Cartilage-1,13,Cartilage-1,Other
TTATTCATTCTGATAC-1,18.0,42.0,DPallm,HiFuse-D01,12,DPallm,1,DPallm,D01
ATCATATTCTGATGGT-1,15.0,25.0,Subpallium-1,HiFuse-D12,3,Subpallium-1,4,Subpallium-1,Other
AATTAAGATTATCCGG-1,19.0,41.0,DPallv,HiFuse-D07,2,DPallv,3,DPallv,Other
TGCGGACCACGGAGGC-1,22.0,30.0,Thalamus,HiFuse-D14,10,Diencephalonand hindbrain,5,Diencephalonand hindbrain,Other
CTAAGAGAACTATGCA-1,31.0,38.0,Diencephalonand hindbrain,HiFuse-D08,10,Diencephalonand hindbrain,5,Diencephalonand hindbrain,Other
GGTATGCTACTTAACC-1,2.0,7.0,Cartilage-3,HiFuse-D05,9,Cartilage-1,7,Muscle,Other
CGAACGCCAGAGAAGG-1,49.0,46.0,Midbrain,HiFuse-D08,10,Diencephalonand hindbrain,5,Diencephalonand hindbrain,Other
TTACCGAGACTATGCA-1,16.0,38.0,DPallv,HiFuse-D07,2,DPallv,3,DPallv,Other
TAGAATTAGCCGCAAC-1,35.0,27.0,Mesenchyme,HiFuse-D09,13,Cartilage-2,5,Diencephalonand hindbrain,Other
TCGGCCTTGCCATTCT-1,39.0,17.0,Cartilage-1,HiFuse-D02,9,Cartilage-1,13,Cartilage-1,Other
AGAACGTCCTAAGAGA-1,38.0,20.0,Mesenchyme,HiFuse-D09,13,Cartilage-2,5,Diencephalonand hindbrain,Other
AGAGAAGGGGTACTGC-1,5.0,15.0,DPallm,HiFuse-D01,7,Muscle,6,Thalamus,D01
AGAACGTCTTGACTTC-1,38.0,18.0,Cartilage-3,HiFuse-D02,7,Muscle,7,Muscle,Other
GATACGGAGCCGCAAC-1,11.0,27.0,DPallv,HiFuse-D07,5,Basal plateof hindbrain,3,DPallv,Other
CCGATTCCCTTGCGCC-1,47.0,14.0,Cartilage-4,HiFuse-D05,8,Cartilage-4,5,Diencephalonand hindbrain,Other
TGGTCAGCCTGATGGT-1,14.0,25.0,Subpallium-1,HiFuse-D12,3,Subpallium-1,4,Subpallium-1,Other
CTTGCGCCTGCGGACC-1,37.0,29.0,Mesenchyme,HiFuse-D05,6,Mesenchyme,5,Diencephalonand hindbrain,Other
GCCGCAACGCCATTCT-1,24.0,17.0,Diencephalonand hindbrain,HiFuse-D08,7,Muscle,5,Diencephalonand hindbrain,Other
ACGGAGGCCCAGTTCC-1,21.0,6.0,Muscle,HiFuse-D05,9,Cartilage-1,8,Cartilage-4,Other
ACTCAATACTGATGGT-1,30.0,25.0,Mesenchyme,HiFuse-D08,11,Thalamus,5,Diencephalonand hindbrain,Other
GATCTTACGGCTGAGC-1,27.0,3.0,Cartilage-4,HiFuse-D05,14,Cartilage-3,5,Diencephalonand hindbrain,Other
GATACGGAAATTAAGA-1,11.0,32.0,DPallm,HiFuse-D01,12,DPallm,1,DPallm,D01
TCCGGCCTCTAAGAGA-1,6.0,20.0,DPallm,HiFuse-D01,5,Basal plateof hindbrain,1,DPallm,D01
TGGTCAGCAGAGCTAT-1,14.0,19.0,Subpallium-1,HiFuse-D12,3,Subpallium-1,4,Subpallium-1,Other
TGCGGACCCTTGCGCC-1,22.0,14.0,Subpallium-1,HiFuse-D11,10,Diencephalonand hindbrain,5,Diencephalonand hindbrain,Other
AGAACGTCTAGATCTA-1,38.0,31.0,Cartilage-2,HiFuse-D09,6,Mesenchyme,5,Diencephalonand hindbrain,Other
GATACGGAGATACGGA-1,11.0,40.0,Cartilage-2,HiFuse-D11,9,Cartilage-1,5,Diencephalonand hindbrain,Other
AGAGCTATTGCGGACC-1,32.0,29.0,Diencephalonand hindbrain,HiFuse-D08,10,Diencephalonand hindbrain,5,Diencephalonand hindbrain,Other
TTACCGAGTGCCGGCA-1,16.0,34.0,DPallv,HiFuse-D13,2,DPallv,2,Subpallium-2,Other
TGCCGGCATAGAATTA-1,17.0,16.0,Subpallium-1,HiFuse-D12,3,Subpallium-1,4,Subpallium-1,Other
TAGAATTAAATTAAGA-1,35.0,32.0,Diencephalonand hindbrain,HiFuse-D08,10,Diencephalonand hindbrain,5,Diencephalonand hindbrain,Other
ACCGCCAAGAAGATCG-1,46.0,43.0,Diencephalonand hindbrain,HiFuse-D08,10,Diencephalonand hindbrain,5,Diencephalonand hindbrain,Other
TAGATCTAACTTAACC-1,20.0,7.0,Cartilage-3,HiFuse-D03,9,Cartilage-1,11,Cartilage-2,Other
ATAAGGAGGCTAACTT-1,50.0,48.0,Midbrain,HiFuse-D10,10,Diencephalonand hindbrain,9,Midbrain,Other
AATTAAGAAGAGCTAT-1,19.0,19.0,Subpallium-1,HiFuse-D12,3,Subpallium-1,5,Diencephalonand hindbrain,Other
TCTGATACTAGAATTA-1,9.0,16.0,DPallv,HiFuse-D07,6,Mesenchyme,3,DPallv,Other
TTATCCGGTGCCGGCA-1,10.0,34.0,DPallm,HiFuse-D06,12,DPallm,12,Basal plateof hindbrain,D06
TGGTCAGCCCAGTTCC-1,14.0,6.0,Cartilage-3,HiFuse-D04,9,Cartilage-1,14,Cartilage-3,Other
GGCTGAGCCTGATGGT-1,48.0,25.0,Basal plateof hindbrain,HiFuse-D08,7,Muscle,9,Midbrain,Other
GGTACTGCGCAGGTCC-1,36.0,11.0,Cartilage-1,HiFuse-D02,9,Cartilage-1,13,Cartilage-1,Other
GCGTTGGAACGGAGGC-1,28.0,30.0,Diencephalonand hindbrain,HiFuse-D08,10,Diencephalonand hindbrain,5,Diencephalonand hindbrain,Other
CCAGTTCCAAGAAGCT-1,45.0,44.0,Diencephalonand hindbrain,HiFuse-D09,6,Mesenchyme,5,Diencephalonand hindbrain,Other
TGCGGACCCGACGCGA-1,22.0,39.0,Mesenchyme,HiFuse-D13,10,Diencephalonand hindbrain,9,Midbrain,Other
GACCTTGAACTATGCA-1,42.0,38.0,Diencephalonand hindbrain,HiFuse-D08,10,Diencephalonand hindbrain,5,Diencephalonand hindbrain,Other
AAGAAGCTGCGTTGGA-1,7.0,23.0,DPallm,HiFuse-D01,12,DPallm,1,DPallm,D01
CATACTCCCAACCGCT-1,4.0,8.0,Cartilage-3,HiFuse-D05,8,Cartilage-4,5,Diencephalonand hindbrain,Other
AGAACGTCGCTAACTT-1,38.0,48.0,Diencephalonand hindbrain,HiFuse-D08,10,Diencephalonand hindbrain,5,Diencephalonand hindbrain,Other
AGAGCTATGCCGCAAC-1,32.0,27.0,Mesenchyme,HiFuse-D08,10,Diencephalonand hindbrain,5,Diencephalonand hindbrain,Other
GATCTTACGCTAACTT-1,27.0,48.0,Mesenchyme,HiFuse-D09,6,Mesenchyme,5,Diencephalonand hindbrain,Other
GCAGGTCCGCCATTCT-1,40.0,17.0,Cartilage-1,HiFuse-D02,7,Muscle,13,Cartilage-1,Other
GCGTTGGAAATTAAGA-1,28.0,32.0,Thalamus,HiFuse-D14,10,Diencephalonand hindbrain,5,Diencephalonand hindbrain,Other
ACGGAGGCACGGAGGC-1,21.0,30.0,Mesenchyme,HiFuse-D14,5,Basal plateof hindbrain,5,Diencephalonand hindbrain,Other
GCGTTGGACATACTCC-1,28.0,47.0,Diencephalonand hindbrain,HiFuse-D08,10,Diencephalonand hindbrain,5,Diencephalonand hindbrain,Other
GCAGGTCCAAGAAGCT-1,40.0,44.0,Diencephalonand hindbrain,HiFuse-D08,10,Diencephalonand hindbrain,5,Diencephalonand hindbrain,Other
GATCTTACTAGATCTA-1,27.0,31.0,Diencephalonand hindbrain,HiFuse-D14,10,Diencephalonand hindbrain,5,Diencephalonand hindbrain,Other
GCGTTGGAGGTACTGC-1,28.0,15.0,Diencephalonand hindbrain,HiFuse-D08,10,Diencephalonand hindbrain,5,Diencephalonand hindbrain,Other
AGAGAAGGGCGTTGGA-1,5.0,23.0,DPallm,HiFuse-D06,12,DPallm,6,Thalamus,D06
GACCTTGATTATTCAT-1,42.0,33.0,Diencephalonand hindbrain,HiFuse-D08,11,Thalamus,5,Diencephalonand hindbrain,Other
GCGTTGGATAGAATTA-1,28.0,16.0,Diencephalonand hindbrain,HiFuse-D08,10,Diencephalonand hindbrain,5,Diencephalonand hindbrain,Other
CTTGCGCCAATTAAGA-1,37.0,32.0,Cartilage-2,HiFuse-D09,13,Cartilage-2,5,Diencephalonand hindbrain,Other
CTAAGAGAGATCTTAC-1,31.0,24.0,Mesenchyme,HiFuse-D09,6,Mesenchyme,5,Diencephalonand hindbrain,Other
ACTATGCAAGAACGTC-1,13.0,13.0,DPallm,HiFuse-D07,5,Basal plateof hindbrain,3,DPallv,Other
CCGAGAATACGGAGGC-1,25.0,30.0,Diencephalonand hindbrain,HiFuse-D14,10,Diencephalonand hindbrain,5,Diencephalonand hindbrain,Other
CCGATTCCATCATATT-1,47.0,36.0,Diencephalonand hindbrain,HiFuse-D08,10,Diencephalonand hindbrain,5,Diencephalonand hindbrain,Other
AACCTGCGCTTGCGCC-1,1.0,14.0,Cartilage-3,HiFuse-D04,9,Cartilage-1,14,Cartilage-3,Other
ATCATATTACGGAGGC-1,15.0,30.0,DPallv,HiFuse-D13,2,DPallv,2,Subpallium-2,Other
AAGAAGCTCTTGCGCC-1,7.0,14.0,DPallm,HiFuse-D01,7,Muscle,1,DPallm,D01
CTAAGAGAGATACGGA-1,31.0,40.0,Diencephalonand hindbrain,HiFuse-D08,10,Diencephalonand hindbrain,5,Diencephalonand hindbrain,Other
ACTTAACCTGCCGGCA-1,44.0,34.0,Diencephalonand hindbrain,HiFuse-D08,7,Muscle,5,Diencephalonand hindbrain,Other
TAGAGTAATTGACTTC-1,41.0,18.0,Cartilage-3,HiFuse-D05,3,Subpallium-1,7,Muscle,Other
CCGAGAATCTAAGAGA-1,25.0,20.0,Diencephalonand hindbrain,HiFuse-D09,1,Midbrain,5,Diencephalonand hindbrain,Other
GGTACTGCAACCTGCG-1,36.0,50.0,Diencephalonand hindbrain,HiFuse-D08,10,Diencephalonand hindbrain,5,Diencephalonand hindbrain,Other
GCCGCAACTGGTCAGC-1,24.0,37.0,DPallm,HiFuse-D06,5,Basal plateof hindbrain,5,Diencephalonand hindbrain,D06
TCGGCCTTACTATGCA-1,39.0,38.0,Diencephalonand hindbrain,HiFuse-D08,10,Diencephalonand hindbrain,5,Diencephalonand hindbrain,Other
TGAGTCTGAAGAAGCT-1,23.0,44.0,DPallm,HiFuse-D06,12,DPallm,5,Diencephalonand hindbrain,D06
TTACCGAGTCCGGCCT-1,16.0,45.0,Mesenchyme,HiFuse-D11,9,Cartilage-1,5,Diencephalonand hindbrain,Other
GCGTTGGAGATACGGA-1,28.0,40.0,Diencephalonand hindbrain,HiFuse-D08,10,Diencephalonand hindbrain,5,Diencephalonand hindbrain,Other
CCAGTTCCATCATATT-1,45.0,36.0,Diencephalonand hindbrain,HiFuse-D08,10,Diencephalonand hindbrain,9,Midbrain,Other
TGCGGACCAGAACGTC-1,22.0,13.0,Subpallium-1,HiFuse-D11,7,Muscle,5,Diencephalonand hindbrain,Other
GATACGGAGCAGGTCC-1,11.0,11.0,DPallm,HiFuse-D06,5,Basal plateof hindbrain,5,Diencephalonand hindbrain,D06
AATTAAGATGGTCAGC-1,19.0,37.0,DPallv,HiFuse-D13,2,DPallv,10,Mesenchyme,Other
GCCGCAACAGAGAAGG-1,24.0,46.0,Cartilage-3,HiFuse-D09,13,Cartilage-2,5,Diencephalonand hindbrain,Other
ACTCAATAACTCAATA-1,30.0,21.0,Cartilage-2,HiFuse-D08,6,Mesenchyme,5,Diencephalonand hindbrain,Other
ACCGCCAAGGTATGCT-1,46.0,49.0,Mesenchyme,HiFuse-D05,1,Midbrain,5,Diencephalonand hindbrain,Other
GCGTTGGAGCCATTCT-1,28.0,17.0,Diencephalonand hindbrain,HiFuse-D08,7,Muscle,5,Diencephalonand hindbrain,Other
GGCTGAGCCTTGCGCC-1,48.0,14.0,Cartilage-4,HiFuse-D05,8,Cartilage-4,5,Diencephalonand hindbrain,Other
TTGACTTCCCGAGAAT-1,33.0,26.0,Mesenchyme,HiFuse-D09,5,Basal plateof hindbrain,5,Diencephalonand hindbrain,Other
CTGATGGTATCATATT-1,26.0,36.0,Diencephalonand hindbrain,HiFuse-D08,10,Diencephalonand hindbrain,5,Diencephalonand hindbrain,Other
TTATTCATTAGAATTA-1,18.0,16.0,Subpallium-1,HiFuse-D12,3,Subpallium-1,5,Diencephalonand hindbrain,Other
GCCATTCTCTAAGAGA-1,34.0,20.0,Mesenchyme,HiFuse-D09,13,Cartilage-2,5,Diencephalonand hindbrain,Other
GCCGCAACACTATGCA-1,24.0,38.0,DPallm,HiFuse-D06,12,DPallm,5,Diencephalonand hindbrain,D06
ATAAGGAGCTGATGGT-1,50.0,25.0,Diencephalonand hindbrain,HiFuse-D05,11,Thalamus,9,Midbrain,Other
TTATTCATGCGTTGGA-1,18.0,23.0,Subpallium-1,HiFuse-D12,1,Midbrain,5,Diencephalonand hindbrain,Other
GATCTTACTTACCGAG-1,27.0,35.0,Thalamus,HiFuse-D14,10,Diencephalonand hindbrain,5,Diencephalonand hindbrain,Other
GGCTGAGCAAGAAGCT-1,48.0,44.0,Diencephalonand hindbrain,HiFuse-D08,10,Diencephalonand hindbrain,5,Diencephalonand hindbrain,Other
TGGTCAGCTCCGGCCT-1,14.0,45.0,Cartilage-2,HiFuse-D11,8,Cartilage-4,5,Diencephalonand hindbrain,Other
TCCTACCAGATCTTAC-1,29.0,24.0,Mesenchyme,HiFuse-D09,6,Mesenchyme,5,Diencephalonand hindbrain,Other
ACTCAATATGGTCAGC-1,30.0,37.0,Diencephalonand hindbrain,HiFuse-D08,10,Diencephalonand hindbrain,5,Diencephalonand hindbrain,Other
CTAAGAGATAGATCTA-1,31.0,31.0,Diencephalonand hindbrain,HiFuse-D08,10,Diencephalonand hindbrain,5,Diencephalonand hindbrain,Other
ACGGAGGCTTGACTTC-1,21.0,18.0,Diencephalonand hindbrain,HiFuse-D08,3,Subpallium-1,5,Diencephalonand hindbrain,Other
AATTAAGATAGAATTA-1,19.0,16.0,Subpallium-1,HiFuse-D12,3,Subpallium-1,4,Subpallium-1,Other
CCGATTCCAGAGAAGG-1,47.0,46.0,Midbrain,HiFuse-D08,10,Diencephalonand hindbrain,5,Diencephalonand hindbrain,Other
TGCCGGCAGCAGGTCC-1,17.0,11.0,Diencephalonand hindbrain,HiFuse-D11,7,Muscle,5,Diencephalonand hindbrain,Other
GCCATTCTGACCTTGA-1,34.0,9.0,Cartilage-1,HiFuse-D02,9,Cartilage-1,13,Cartilage-1,Other
TAGAGTAATTATCCGG-1,41.0,41.0,Diencephalonand hindbrain,HiFuse-D08,10,Diencephalonand hindbrain,5,Diencephalonand hindbrain,Other
TCTGATACTCGGCCTT-1,9.0,12.0,DPallm,HiFuse-D05,5,Basal plateof hindbrain,6,Thalamus,Other
AGAGCTATGATACGGA-1,32.0,40.0,Diencephalonand hindbrain,HiFuse-D08,10,Diencephalonand hindbrain,5,Diencephalonand hindbrain,Other
GGCTGAGCTCCTACCA-1,48.0,22.0,Cartilage-2,HiFuse-D03,1,Midbrain,7,Muscle,Other
TGCCGGCATGCGGACC-1,17.0,29.0,DPallv,HiFuse-D13,2,DPallv,2,Subpallium-2,Other
TTACCGAGTCCTACCA-1,16.0,22.0,Subpallium-1,HiFuse-D12,3,Subpallium-1,4,Subpallium-1,Other
TTATCCGGACTATGCA-1,10.0,38.0,Cartilage-2,HiFuse-D06,13,Cartilage-2,5,Diencephalonand hindbrain,D06
TGGTCAGCCGACGCGA-1,14.0,39.0,DPallm,HiFuse-D01,12,DPallm,1,DPallm,D01
TCCGGCCTTAGATCTA-1,6.0,31.0,DPallm,HiFuse-D06,12,DPallm,12,Basal plateof hindbrain,D06
TGCCGGCATTATTCAT-1,17.0,33.0,Mesenchyme,HiFuse-D08,11,Thalamus,5,Diencephalonand hindbrain,Other
AAGAAGCTGCCATTCT-1,7.0,17.0,DPallm,HiFuse-D01,5,Basal plateof hindbrain,1,DPallm,D01
CGAACGCCTCCTACCA-1,49.0,22.0,Cartilage-3,HiFuse-D03,1,Midbrain,7,Muscle,Other
TGCGGACCTCCTACCA-1,22.0,22.0,Diencephalonand hindbrain,HiFuse-D08,6,Mesenchyme,5,Diencephalonand hindbrain,Other
TCGGCCTTTTATCCGG-1,39.0,41.0,Diencephalonand hindbrain,HiFuse-D08,10,Diencephalonand hindbrain,9,Midbrain,Other
ACTTAACCTGCGGACC-1,44.0,29.0,Diencephalonand hindbrain,HiFuse-D08,10,Diencephalonand hindbrain,5,Diencephalonand hindbrain,Other
ACTCAATAAATTAAGA-1,30.0,32.0,Diencephalonand hindbrain,HiFuse-D08,10,Diencephalonand hindbrain,5,Diencephalonand hindbrain,Other
TAGATCTATGCGGACC-1,20.0,29.0,Mesenchyme,HiFuse-D10,6,Mesenchyme,10,Mesenchyme,Other
TCCTACCAATCATATT-1,29.0,36.0,Diencephalonand hindbrain,HiFuse-D08,11,Thalamus,5,Diencephalonand hindbrain,Other
CCAGTTCCGAAGATCG-1,45.0,43.0,Diencephalonand hindbrain,HiFuse-D09,6,Mesenchyme,5,Diencephalonand hindbrain,Other
AGAGAAGGTAGATCTA-1,5.0,31.0,Cartilage-2,HiFuse-D05,10,Diencephalonand hindbrain,5,Diencephalonand hindbrain,Other
TCGGCCTTCATACTCC-1,39.0,47.0,Diencephalonand hindbrain,HiFuse-D08,10,Diencephalonand hindbrain,5,Diencephalonand hindbrain,Other
TCCGGCCTTGAGTCTG-1,6.0,28.0,DPallm,HiFuse-D06,12,DPallm,12,Basal plateof hindbrain,D06
CCGAGAATGCCGCAAC-1,25.0,27.0,Diencephalonand hindbrain,HiFuse-D08,10,Diencephalonand hindbrain,5,Diencephalonand hindbrain,Other
ACGGAGGCGATCTTAC-1,21.0,24.0,Diencephalonand hindbrain,HiFuse-D05,6,Mesenchyme,5,Diencephalonand hindbrain,Other
TAGATCTAACTATGCA-1,20.0,38.0,DPallv,HiFuse-D13,2,DPallv,2,Subpallium-2,Other
TTGACTTCAACCTGCG-1,33.0,50.0,Diencephalonand hindbrain,HiFuse-D08,10,Diencephalonand hindbrain,5,Diencephalonand hindbrain,Other
CTAAGAGATTATCCGG-1,31.0,41.0,Diencephalonand hindbrain,HiFuse-D08,10,Diencephalonand hindbrain,5,Diencephalonand hindbrain,Other
CGACGCGATAGAGTAA-1,12.0,10.0,Diencephalonand hindbrain,HiFuse-D05,7,Muscle,5,Diencephalonand hindbrain,Other
GATCTTACGAAGATCG-1,27.0,43.0,Diencephalonand hindbrain,HiFuse-D08,10,Diencephalonand hindbrain,5,Diencephalonand hindbrain,Other
CGACGCGACTTGCGCC-1,12.0,14.0,DPallm,HiFuse-D01,7,Muscle,5,Diencephalonand hindbrain,D01
ATCATATTTGAGTCTG-1,15.0,28.0,Subpallium-2,HiFuse-D13,2,DPallv,5,Diencephalonand hindbrain,Other
CGAACGCCTTATCCGG-1,49.0,41.0,Diencephalonand hindbrain,HiFuse-D08,10,Diencephalonand hindbrain,5,Diencephalonand hindbrain,Other
TGAGTCTGTCTGATAC-1,23.0,42.0,DPallm,HiFuse-D01,12,DPallm,1,DPallm,D01
CTTGCGCCTAGAGTAA-1,37.0,10.0,Cartilage-1,HiFuse-D02,10,Diencephalonand hindbrain,13,Cartilage-1,Other
TGCGGACCGCAGGTCC-1,22.0,11.0,Diencephalonand hindbrain,HiFuse-D11,10,Diencephalonand hindbrain,5,Diencephalonand hindbrain,Other
TCGGCCTTAGAGAAGG-1,39.0,46.0,Diencephalonand hindbrain,HiFuse-D08,10,Diencephalonand hindbrain,5,Diencephalonand hindbrain,Other
GGTACTGCGATCTTAC-1,36.0,24.0,Mesenchyme,HiFuse-D08,11,Thalamus,5,Diencephalonand hindbrain,Other
TGCGGACCGAAGATCG-1,22.0,43.0,DPallv,HiFuse-D01,12,DPallm,5,Diencephalonand hindbrain,D01
TCTGATACTGGTCAGC-1,9.0,37.0,Cartilage-3,HiFuse-D04,9,Cartilage-1,8,Cartilage-4,Other
TAGATCTATTATTCAT-1,20.0,33.0,Mesenchyme,HiFuse-D10,11,Thalamus,10,Mesenchyme,Other
TCCTACCATTACCGAG-1,29.0,35.0,Diencephalonand hindbrain,HiFuse-D08,10,Diencephalonand hindbrain,5,Diencephalonand hindbrain,Other
GCGTTGGAGCCGCAAC-1,28.0,27.0,Diencephalonand hindbrain,HiFuse-D08,10,Diencephalonand hindbrain,5,Diencephalonand hindbrain,Other
GCGTTGGAGCTAACTT-1,28.0,48.0,Diencephalonand hindbrain,HiFuse-D08,10,Diencephalonand hindbrain,5,Diencephalonand hindbrain,Other
TCCTACCAAGAGAAGG-1,29.0,46.0,Diencephalonand hindbrain,HiFuse-D08,10,Diencephalonand hindbrain,5,Diencephalonand hindbrain,Other
GCCATTCTACTATGCA-1,34.0,38.0,Diencephalonand hindbrain,HiFuse-D08,6,Mesenchyme,5,Diencephalonand hindbrain,Other
TAGAATTAAGAACGTC-1,35.0,13.0,Cartilage-2,HiFuse-D02,9,Cartilage-1,5,Diencephalonand hindbrain,Other
TGAGTCTGAATTAAGA-1,23.0,32.0,Thalamus,HiFuse-D14,11,Thalamus,5,Diencephalonand hindbrain,Other
AATTAAGAGCGTTGGA-1,19.0,23.0,Mesenchyme,HiFuse-D12,10,Diencephalonand hindbrain,5,Diencephalonand hindbrain,Other
AATTAAGACCGAGAAT-1,19.0,26.0,Subpallium-2,HiFuse-D13,11,Thalamus,5,Diencephalonand hindbrain,Other
GGTACTGCCTAAGAGA-1,36.0,20.0,Mesenchyme,HiFuse-D09,13,Cartilage-2,5,Diencephalonand hindbrain,Other
ACCGCCAATGAGTCTG-1,46.0,28.0,Diencephalonand hindbrain,HiFuse-D08,10,Diencephalonand hindbrain,5,Diencephalonand hindbrain,Other
AATTAAGATTACCGAG-1,19.0,35.0,DPallm,HiFuse-D06,12,DPallm,5,Diencephalonand hindbrain,D06
ACGGAGGCACCGCCAA-1,21.0,5.0,Muscle,HiFuse-D05,9,Cartilage-1,8,Cartilage-4,Other
GACCTTGATTACCGAG-1,42.0,35.0,Diencephalonand hindbrain,HiFuse-D08,10,Diencephalonand hindbrain,5,Diencephalonand hindbrain,Other
TCCGGCCTGGTACTGC-1,6.0,15.0,DPallm,HiFuse-D01,5,Basal plateof hindbrain,6,Thalamus,D01
CAACCGCTTGGTCAGC-1,43.0,37.0,Diencephalonand hindbrain,HiFuse-D08,10,Diencephalonand hindbrain,5,Diencephalonand hindbrain,Other
GGTATGCTGCCATTCT-1,2.0,17.0,Cartilage-2,HiFuse-D05,6,Mesenchyme,5,Diencephalonand hindbrain,Other
GGTACTGCGATACGGA-1,36.0,40.0,Diencephalonand hindbrain,HiFuse-D08,6,Mesenchyme,5,Diencephalonand hindbrain,Other
TAGAGTAAAGAGCTAT-1,41.0,19.0,Cartilage-3,HiFuse-D02,13,Cartilage-2,7,Muscle,Other
CAACCGCTAGAACGTC-1,43.0,13.0,Cartilage-3,HiFuse-D05,9,Cartilage-1,5,Diencephalonand hindbrain,Other
AACCTGCGACCGCCAA-1,1.0,5.0,Cartilage-3,HiFuse-D04,9,Cartilage-1,14,Cartilage-3,Other
GCGTTGGATAGATCTA-1,28.0,31.0,Diencephalonand hindbrain,HiFuse-D08,10,Diencephalonand hindbrain,5,Diencephalonand hindbrain,Other
ATAAGGAGTGCGGACC-1,50.0,29.0,Diencephalonand hindbrain,HiFuse-D08,10,Diencephalonand hindbrain,9,Midbrain,Other
TCCTACCATTGACTTC-1,29.0,18.0,Diencephalonand hindbrain,HiFuse-D08,11,Thalamus,5,Diencephalonand hindbrain,Other
AATTAAGACTAAGAGA-1,19.0,20.0,Subpallium-1,HiFuse-D12,3,Subpallium-1,5,Diencephalonand hindbrain,Other
ACTTAACCTAGAATTA-1,44.0,16.0,Cartilage-2,HiFuse-D03,7,Muscle,11,Cartilage-2,Other
GACCTTGAAGAGCTAT-1,42.0,19.0,Cartilage-2,HiFuse-D03,6,Mesenchyme,11,Cartilage-2,Other
TAGATCTATAGATCTA-1,20.0,31.0,Mesenchyme,HiFuse-D10,11,Thalamus,10,Mesenchyme,Other
TTATTCATATAAGGAG-1,18.0,1.0,Cartilage-3,HiFuse-D05,14,Cartilage-3,8,Cartilage-4,Other
ACTATGCATCGGCCTT-1,13.0,12.0,DPallm,HiFuse-D05,5,Basal plateof hindbrain,5,Diencephalonand hindbrain,Other
TAGAATTAAGAGAAGG-1,35.0,46.0,Diencephalonand hindbrain,HiFuse-D08,10,Diencephalonand hindbrain,5,Diencephalonand hindbrain,Other
ACTCAATAGCGTTGGA-1,30.0,23.0,Mesenchyme,HiFuse-D09,7,Muscle,5,Diencephalonand hindbrain,Other
CGACGCGAACTTAACC-1,12.0,7.0,Cartilage-3,HiFuse-D03,6,Mesenchyme,11,Cartilage-2,Other
AGAGCTATGCTAACTT-1,32.0,48.0,Diencephalonand hindbrain,HiFuse-D08,10,Diencephalonand hindbrain,9,Midbrain,Other
CTTGCGCCTGCCGGCA-1,37.0,34.0,Diencephalonand hindbrain,HiFuse-D08,13,Cartilage-2,5,Diencephalonand hindbrain,Other
GCGTTGGATGCCGGCA-1,28.0,34.0,Diencephalonand hindbrain,HiFuse-D08,10,Diencephalonand hindbrain,5,Diencephalonand hindbrain,Other
CGAACGCCCATACTCC-1,49.0,47.0,Midbrain,HiFuse-D10,10,Diencephalonand hindbrain,5,Diencephalonand hindbrain,Other
TGAGTCTGTGCGGACC-1,23.0,29.0,Thalamus,HiFuse-D14,10,Diencephalonand hindbrain,5,Diencephalonand hindbrain,Other
CCGAGAATCCAGTTCC-1,25.0,6.0,Cartilage-4,HiFuse-D05,8,Cartilage-4,5,Diencephalonand hindbrain,Other
TTATTCATCCGATTCC-1,18.0,4.0,Cartilage-4,HiFuse-D05,8,Cartilage-4,8,Cartilage-4,Other
TCTGATACACTTAACC-1,9.0,7.0,Cartilage-4,HiFuse-D05,9,Cartilage-1,5,Diencephalonand hindbrain,Other
CCGAGAATTTGACTTC-1,25.0,18.0,Diencephalonand hindbrain,HiFuse-D08,10,Diencephalonand hindbrain,5,Diencephalonand hindbrain,Other
GCCGCAACATCATATT-1,24.0,36.0,Cartilage-2,HiFuse-D09,13,Cartilage-2,5,Diencephalonand hindbrain,Other
ATAAGGAGTTATCCGG-1,50.0,41.0,Diencephalonand hindbrain,HiFuse-D08,10,Diencephalonand hindbrain,5,Diencephalonand hindbrain,Other
ACGGAGGCTGAGTCTG-1,21.0,28.0,Cartilage-2,HiFuse-D08,11,Thalamus,5,Diencephalonand hindbrain,Other
TCCTACCATAGATCTA-1,29.0,31.0,Diencephalonand hindbrain,HiFuse-D08,10,Diencephalonand hindbrain,5,Diencephalonand hindbrain,Other
GGCTGAGCTTATTCAT-1,48.0,33.0,Diencephalonand hindbrain,HiFuse-D08,11,Thalamus,9,Midbrain,Other
GATCTTACGATCTTAC-1,27.0,24.0,Mesenchyme,HiFuse-D08,11,Thalamus,5,Diencephalonand hindbrain,Other
AGAACGTCTAGAATTA-1,38.0,16.0,Cartilage-1,HiFuse-D02,9,Cartilage-1,13,Cartilage-1,Other
GCCATTCTGAAGATCG-1,34.0,43.0,Diencephalonand hindbrain,HiFuse-D08,6,Mesenchyme,5,Diencephalonand hindbrain,Other
CTGATGGTACTCAATA-1,26.0,21.0,Cartilage-4,HiFuse-D09,1,Midbrain,5,Diencephalonand hindbrain,Other
TCTGATACCGACGCGA-1,9.0,39.0,Cartilage-2,HiFuse-D11,13,Cartilage-2,5,Diencephalonand hindbrain,Other
ACTCAATAACGGAGGC-1,30.0,30.0,Diencephalonand hindbrain,HiFuse-D08,10,Diencephalonand hindbrain,5,Diencephalonand hindbrain,Other
TCGGCCTTTTGACTTC-1,39.0,18.0,Cartilage-1,HiFuse-D02,9,Cartilage-1,13,Cartilage-1,Other
GCCATTCTAGAACGTC-1,34.0,13.0,Mesenchyme,HiFuse-D05,1,Midbrain,5,Diencephalonand hindbrain,Other
GATCTTACAGAGAAGG-1,27.0,46.0,Diencephalonand hindbrain,HiFuse-D08,10,Diencephalonand hindbrain,5,Diencephalonand hindbrain,Other
TCTGATACGCGTTGGA-1,9.0,23.0,DPallv,HiFuse-D07,5,Basal plateof hindbrain,3,DPallv,Other
GCAGGTCCTAGATCTA-1,40.0,31.0,Diencephalonand hindbrain,HiFuse-D08,10,Diencephalonand hindbrain,5,Diencephalonand hindbrain,Other
TGCCGGCACATACTCC-1,17.0,47.0,Mesenchyme,HiFuse-D11,7,Muscle,5,Diencephalonand hindbrain,Other
GATACGGATAGAGTAA-1,11.0,10.0,Diencephalonand hindbrain,HiFuse-D05,1,Midbrain,5,Diencephalonand hindbrain,Other
GGTACTGCTGCGGACC-1,36.0,29.0,Mesenchyme,HiFuse-D09,6,Mesenchyme,5,Diencephalonand hindbrain,Other
TGGTCAGCTAGAATTA-1,14.0,16.0,Subpallium-1,HiFuse-D12,3,Subpallium-1,4,Subpallium-1,Other
TTATTCATGACCTTGA-1,18.0,9.0,Subpallium-1,HiFuse-D11,7,Muscle,5,Diencephalonand hindbrain,Other
CTTGCGCCTTATCCGG-1,37.0,41.0,Diencephalonand hindbrain,HiFuse-D08,10,Diencephalonand hindbrain,9,Midbrain,Other
CAACCGCTTTATCCGG-1,43.0,41.0,Diencephalonand hindbrain,HiFuse-D08,10,Diencephalonand hindbrain,5,Diencephalonand hindbrain,Other
GATACGGAACTTAACC-1,11.0,7.0,Cartilage-3,HiFuse-D03,4,Subpallium-2,7,Muscle,Other
TTATTCATGCCATTCT-1,18.0,17.0,Subpallium-1,HiFuse-D12,3,Subpallium-1,4,Subpallium-1,Other
GCGTTGGATTATTCAT-1,28.0,33.0,Thalamus,HiFuse-D14,11,Thalamus,5,Diencephalonand hindbrain,Other
GGTACTGCCTGATGGT-1,36.0,25.0,Mesenchyme,HiFuse-D08,11,Thalamus,5,Diencephalonand hindbrain,Other
AGAGAAGGACCGCCAA-1,5.0,5.0,Cartilage-3,HiFuse-D05,8,Cartilage-4,5,Diencephalonand hindbrain,Other
ACCGCCAATCCGGCCT-1,46.0,45.0,Midbrain,HiFuse-D09,10,Diencephalonand hindbrain,5,Diencephalonand hindbrain,Other
GCCGCAACACGGAGGC-1,24.0,30.0,Thalamus,HiFuse-D14,10,Diencephalonand hindbrain,5,Diencephalonand hindbrain,Other
TCGGCCTTGCGTTGGA-1,39.0,23.0,Mesenchyme,HiFuse-D09,13,Cartilage-2,5,Diencephalonand hindbrain,Other
AGAGCTATTGAGTCTG-1,32.0,28.0,Diencephalonand hindbrain,HiFuse-D08,10,Diencephalonand hindbrain,5,Diencephalonand hindbrain,Other
GATCTTACTAGAGTAA-1,27.0,10.0,Diencephalonand hindbrain,HiFuse-D05,1,Midbrain,5,Diencephalonand hindbrain,Other
ATCATATTCATACTCC-1,15.0,47.0,Mesenchyme,HiFuse-D05,7,Muscle,5,Diencephalonand hindbrain,Other
GGTACTGCAATTAAGA-1,36.0,32.0,Diencephalonand hindbrain,HiFuse-D08,11,Thalamus,5,Diencephalonand hindbrain,Other
TCGGCCTTTCCGGCCT-1,39.0,45.0,Diencephalonand hindbrain,HiFuse-D08,1,Midbrain,5,Diencephalonand hindbrain,Other
CCAGTTCCTAGAATTA-1,45.0,16.0,Cartilage-2,HiFuse-D05,8,Cartilage-4,5,Diencephalonand hindbrain,Other
GCCATTCTAACCTGCG-1,34.0,50.0,Diencephalonand hindbrain,HiFuse-D08,10,Diencephalonand hindbrain,5,Diencephalonand hindbrain,Other
AGAACGTCGGTATGCT-1,38.0,49.0,Diencephalonand hindbrain,HiFuse-D08,10,Diencephalonand hindbrain,5,Diencephalonand hindbrain,Other
TAGATCTAGCTAACTT-1,20.0,48.0,Cartilage-2,HiFuse-D11,6,Mesenchyme,5,Diencephalonand hindbrain,Other
GAAGATCGCGACGCGA-1,8.0,39.0,Cartilage-2,HiFuse-D11,9,Cartilage-1,5,Diencephalonand hindbrain,Other
ATAAGGAGCGACGCGA-1,50.0,39.0,Diencephalonand hindbrain,HiFuse-D08,6,Mesenchyme,9,Midbrain,Other
ACTATGCATCTGATAC-1,13.0,42.0,Cartilage-2,HiFuse-D11,9,Cartilage-1,5,Diencephalonand hindbrain,Other
GCGTTGGAAGAACGTC-1,28.0,13.0,Diencephalonand hindbrain,HiFuse-D08,7,Muscle,5,Diencephalonand hindbrain,Other
TTATTCATCATACTCC-1,18.0,47.0,Mesenchyme,HiFuse-D11,6,Mesenchyme,5,Diencephalonand hindbrain,Other
GACCTTGAACGGAGGC-1,42.0,30.0,Diencephalonand hindbrain,HiFuse-D08,10,Diencephalonand hindbrain,5,Diencephalonand hindbrain,Other
AATTAAGAAAGAAGCT-1,19.0,44.0,DPallm,HiFuse-D06,12,DPallm,12,Basal plateof hindbrain,D06
CTAAGAGAATCATATT-1,31.0,36.0,Diencephalonand hindbrain,HiFuse-D08,10,Diencephalonand hindbrain,5,Diencephalonand hindbrain,Other
TTATTCATTTGACTTC-1,18.0,18.0,Subpallium-1,HiFuse-D12,3,Subpallium-1,4,Subpallium-1,Other
GGCTGAGCTCCGGCCT-1,48.0,45.0,Midbrain,HiFuse-D08,8,Cartilage-4,5,Diencephalonand hindbrain,Other
CGACGCGAGCGTTGGA-1,12.0,23.0,Subpallium-1,HiFuse-D12,3,Subpallium-1,4,Subpallium-1,Other
GCTAACTTCTAAGAGA-1,3.0,20.0,DPallm,HiFuse-D06,5,Basal plateof hindbrain,6,Thalamus,D06
AATTAAGAAGAACGTC-1,19.0,13.0,Subpallium-1,HiFuse-D12,3,Subpallium-1,5,Diencephalonand hindbrain,Other
TAGAATTAGCAGGTCC-1,35.0,11.0,Cartilage-1,HiFuse-D02,9,Cartilage-1,13,Cartilage-1,Other
CATACTCCGCCGCAAC-1,4.0,27.0,Cartilage-2,HiFuse-D05,6,Mesenchyme,5,Diencephalonand hindbrain,Other
TCGGCCTTTGCGGACC-1,39.0,29.0,Diencephalonand hindbrain,HiFuse-D05,13,Cartilage-2,9,Midbrain,Other
TGAGTCTGACGGAGGC-1,23.0,30.0,Thalamus,HiFuse-D14,10,Diencephalonand hindbrain,5,Diencephalonand hindbrain,Other
CTGATGGTAGAGCTAT-1,26.0,19.0,Diencephalonand hindbrain,HiFuse-D08,7,Muscle,5,Diencephalonand hindbrain,Other
TTATCCGGTCGGCCTT-1,10.0,12.0,DPallm,HiFuse-D06,5,Basal plateof hindbrain,5,Diencephalonand hindbrain,D06
GGTACTGCGCTAACTT-1,36.0,48.0,Diencephalonand hindbrain,HiFuse-D08,10,Diencephalonand hindbrain,5,Diencephalonand hindbrain,Other
CTTGCGCCACTCAATA-1,37.0,21.0,Mesenchyme,HiFuse-D09,13,Cartilage-2,5,Diencephalonand hindbrain,Other
ATCATATTCCGAGAAT-1,15.0,26.0,Subpallium-1,HiFuse-D12,3,Subpallium-1,4,Subpallium-1,Other
CGAACGCCACGGAGGC-1,49.0,30.0,Diencephalonand hindbrain,HiFuse-D08,10,Diencephalonand hindbrain,9,Midbrain,Other
GCGTTGGATGGTCAGC-1,28.0,37.0,Diencephalonand hindbrain,HiFuse-D08,10,Diencephalonand hindbrain,5,Diencephalonand hindbrain,Other
TAGAATTAGATACGGA-1,35.0,40.0,Diencephalonand hindbrain,HiFuse-D08,10,Diencephalonand hindbrain,5,Diencephalonand hindbrain,Other
GATCTTACGCCGCAAC-1,27.0,27.0,Diencephalonand hindbrain,HiFuse-D08,11,Thalamus,5,Diencephalonand hindbrain,Other
TGAGTCTGATCATATT-1,23.0,36.0,Mesenchyme,HiFuse-D08,2,DPallv,5,Diencephalonand hindbrain,Other
AGAGCTATGATCTTAC-1,32.0,24.0,Mesenchyme,HiFuse-D05,6,Mesenchyme,5,Diencephalonand hindbrain,Other
CCAGTTCCTGAGTCTG-1,45.0,28.0,Diencephalonand hindbrain,HiFuse-D08,10,Diencephalonand hindbrain,5,Diencephalonand hindbrain,Other
ACTCAATATTATTCAT-1,30.0,33.0,Diencephalonand hindbrain,HiFuse-D08,11,Thalamus,5,Diencephalonand hindbrain,Other
ACTTAACCCCGAGAAT-1,44.0,26.0,Diencephalonand hindbrain,HiFuse-D08,10,Diencephalonand hindbrain,9,Midbrain,Other
TGAGTCTGTAGAGTAA-1,23.0,10.0,Subpallium-1,HiFuse-D11,7,Muscle,5,Diencephalonand hindbrain,Other
TGGTCAGCTTGACTTC-1,14.0,18.0,Subpallium-1,HiFuse-D12,3,Subpallium-1,4,Subpallium-1,Other
ACTTAACCGAAGATCG-1,44.0,43.0,Diencephalonand hindbrain,HiFuse-D05,9,Cartilage-1,5,Diencephalonand hindbrain,Other
CCGAGAATGACCTTGA-1,25.0,9.0,Cartilage-2,HiFuse-D05,4,Subpallium-2,5,Diencephalonand hindbrain,Other
GAAGATCGTTGACTTC-1,8.0,18.0,DPallv,HiFuse-D07,5,Basal plateof hindbrain,3,DPallv,Other
ATCATATTGCAGGTCC-1,15.0,11.0,Diencephalonand hindbrain,HiFuse-D05,7,Muscle,5,Diencephalonand hindbrain,Other
GCCATTCTCAACCGCT-1,34.0,8.0,Cartilage-1,HiFuse-D02,9,Cartilage-1,13,Cartilage-1,Other
ACTATGCACAACCGCT-1,13.0,8.0,Cartilage-2,HiFuse-D05,8,Cartilage-4,7,Muscle,Other
AGAGCTATTTATTCAT-1,32.0,33.0,Diencephalonand hindbrain,HiFuse-D08,10,Diencephalonand hindbrain,5,Diencephalonand hindbrain,Other
CGAACGCCTGCCGGCA-1,49.0,34.0,Diencephalonand hindbrain,HiFuse-D08,10,Diencephalonand hindbrain,5,Diencephalonand hindbrain,Other
GCCATTCTTTATTCAT-1,34.0,33.0,Diencephalonand hindbrain,HiFuse-D08,10,Diencephalonand hindbrain,5,Diencephalonand hindbrain,Other
GATCTTACACTTAACC-1,27.0,7.0,Cartilage-1,HiFuse-D05,6,Mesenchyme,5,Diencephalonand hindbrain,Other
GGTACTGCCGACGCGA-1,36.0,39.0,Diencephalonand hindbrain,HiFuse-D08,10,Diencephalonand hindbrain,5,Diencephalonand hindbrain,Other
GGCTGAGCGATCTTAC-1,48.0,24.0,Cartilage-2,HiFuse-D05,9,Cartilage-1,7,Muscle,Other
AGAACGTCGAAGATCG-1,38.0,43.0,Diencephalonand hindbrain,HiFuse-D08,10,Diencephalonand hindbrain,5,Diencephalonand hindbrain,Other
TAGAATTAACTATGCA-1,35.0,38.0,Diencephalonand hindbrain,HiFuse-D08,10,Diencephalonand hindbrain,5,Diencephalonand hindbrain,Other
AGAGAAGGGACCTTGA-1,5.0,9.0,Cartilage-4,HiFuse-D05,8,Cartilage-4,5,Diencephalonand hindbrain,Other
GCCGCAACAAGAAGCT-1,24.0,44.0,DPallm,HiFuse-D06,12,DPallm,12,Basal plateof hindbrain,D06
ATAAGGAGTGCCGGCA-1,50.0,34.0,Diencephalonand hindbrain,HiFuse-D08,10,Diencephalonand hindbrain,5,Diencephalonand hindbrain,Other
TCTGATACTCCTACCA-1,9.0,22.0,DPallv,HiFuse-D07,5,Basal plateof hindbrain,3,DPallv,Other
CCAGTTCCCATACTCC-1,45.0,47.0,Mesenchyme,HiFuse-D10,6,Mesenchyme,5,Diencephalonand hindbrain,Other
ACGGAGGCAATTAAGA-1,21.0,32.0,Mesenchyme,HiFuse-D10,11,Thalamus,10,Mesenchyme,Other
ACGGAGGCTTATTCAT-1,21.0,33.0,Mesenchyme,HiFuse-D10,11,Thalamus,10,Mesenchyme,Other
CCGATTCCAATTAAGA-1,47.0,32.0,Diencephalonand hindbrain,HiFuse-D08,10,Diencephalonand hindbrain,9,Midbrain,Other
TGCCGGCACTAAGAGA-1,17.0,20.0,Subpallium-1,HiFuse-D12,3,Subpallium-1,4,Subpallium-1,Other
TGCGGACCTAGAGTAA-1,22.0,10.0,Subpallium-1,HiFuse-D11,7,Muscle,5,Diencephalonand hindbrain,Other
GCGTTGGATGAGTCTG-1,28.0,28.0,Diencephalonand hindbrain,HiFuse-D08,6,Mesenchyme,5,Diencephalonand hindbrain,Other
ATAAGGAGTTGACTTC-1,50.0,18.0,Cartilage-4,HiFuse-D05,6,Mesenchyme,5,Diencephalonand hindbrain,Other
TTATTCATACGGAGGC-1,18.0,30.0,Mesenchyme,HiFuse-D10,2,DPallv,10,Mesenchyme,Other
GCTAACTTGCGTTGGA-1,3.0,23.0,DPallm,HiFuse-D06,5,Basal plateof hindbrain,5,Diencephalonand hindbrain,D06
ACTATGCAGACCTTGA-1,13.0,9.0,DPallm,HiFuse-D05,9,Cartilage-1,5,Diencephalonand hindbrain,Other
CTGATGGTTAGATCTA-1,26.0,31.0,Diencephalonand hindbrain,HiFuse-D08,10,Diencephalonand hindbrain,5,Diencephalonand hindbrain,Other
GAAGATCGGACCTTGA-1,8.0,9.0,Cartilage-4,HiFuse-D05,4,Subpallium-2,5,Diencephalonand hindbrain,Other
TCTGATACTTGACTTC-1,9.0,18.0,DPallv,HiFuse-D07,5,Basal plateof hindbrain,3,DPallv,Other
TCTGATACCCAGTTCC-1,9.0,6.0,Cartilage-3,HiFuse-D04,9,Cartilage-1,7,Muscle,Other
AATTAAGAGCTAACTT-1,19.0,48.0,Cartilage-2,HiFuse-D11,9,Cartilage-1,5,Diencephalonand hindbrain,Other
TCCGGCCTACCGCCAA-1,6.0,5.0,Cartilage-3,HiFuse-D05,8,Cartilage-4,7,Muscle,Other
TGCCGGCACCAGTTCC-1,17.0,6.0,Cartilage-3,HiFuse-D04,9,Cartilage-1,14,Cartilage-3,Other
ACTCAATATCCTACCA-1,30.0,22.0,Cartilage-2,HiFuse-D09,13,Cartilage-2,5,Diencephalonand hindbrain,Other
TCCTACCACTGATGGT-1,29.0,25.0,Mesenchyme,HiFuse-D08,11,Thalamus,5,Diencephalonand hindbrain,Other
TGCGGACCCCGAGAAT-1,22.0,26.0,Diencephalonand hindbrain,HiFuse-D08,10,Diencephalonand hindbrain,9,Midbrain,Other
CCAGTTCCTGCCGGCA-1,45.0,34.0,Diencephalonand hindbrain,HiFuse-D08,10,Diencephalonand hindbrain,5,Diencephalonand hindbrain,Other
CGAACGCCGAAGATCG-1,49.0,43.0,Diencephalonand hindbrain,HiFuse-D08,10,Diencephalonand hindbrain,5,Diencephalonand hindbrain,Other
AAGAAGCTACTCAATA-1,7.0,21.0,DPallm,HiFuse-D01,5,Basal plateof hindbrain,5,Diencephalonand hindbrain,D01
CAACCGCTTAGAATTA-1,43.0,16.0,Cartilage-2,HiFuse-D03,6,Mesenchyme,7,Muscle,Other
TTATTCATAGAGAAGG-1,18.0,46.0,Cartilage-2,HiFuse-D11,9,Cartilage-1,5,Diencephalonand hindbrain,Other
TTACCGAGACTCAATA-1,16.0,21.0,Subpallium-1,HiFuse-D12,3,Subpallium-1,4,Subpallium-1,Other
AAGAAGCTAGAGCTAT-1,7.0,19.0,DPallm,HiFuse-D01,5,Basal plateof hindbrain,5,Diencephalonand hindbrain,D01
AGAGAAGGCCGAGAAT-1,5.0,26.0,DPallm,HiFuse-D06,12,DPallm,6,Thalamus,D06
CCGAGAATGGTACTGC-1,25.0,15.0,Diencephalonand hindbrain,HiFuse-D08,7,Muscle,5,Diencephalonand hindbrain,Other
ACGGAGGCCTTGCGCC-1,21.0,14.0,Subpallium-1,HiFuse-D11,7,Muscle,5,Diencephalonand hindbrain,Other
CTGATGGTTGCCGGCA-1,26.0,34.0,Thalamus,HiFuse-D14,10,Diencephalonand hindbrain,5,Diencephalonand hindbrain,Other
CTGATGGTTTATCCGG-1,26.0,41.0,Mesenchyme,HiFuse-D08,10,Diencephalonand hindbrain,5,Diencephalonand hindbrain,Other
TAGAGTAATCCTACCA-1,41.0,22.0,Cartilage-1,HiFuse-D02,13,Cartilage-2,13,Cartilage-1,Other
GACCTTGAGATACGGA-1,42.0,40.0,Diencephalonand hindbrain,HiFuse-D08,10,Diencephalonand hindbrain,5,Diencephalonand hindbrain,Other
AACCTGCGTTGACTTC-1,1.0,18.0,Cartilage-3,HiFuse-D11,9,Cartilage-1,8,Cartilage-4,Other
CTGATGGTGCGTTGGA-1,26.0,23.0,Mesenchyme,HiFuse-D09,7,Muscle,5,Diencephalonand hindbrain,Other
TAGAGTAATCTGATAC-1,41.0,42.0,Diencephalonand hindbrain,HiFuse-D08,10,Diencephalonand hindbrain,5,Diencephalonand hindbrain,Other
GACCTTGACCGAGAAT-1,42.0,26.0,Diencephalonand hindbrain,HiFuse-D09,6,Mesenchyme,9,Midbrain,Other
TTATTCATAAGAAGCT-1,18.0,44.0,DPallm,HiFuse-D06,12,DPallm,12,Basal plateof hindbrain,D06
TAGAATTATCGGCCTT-1,35.0,12.0,Cartilage-1,HiFuse-D02,7,Muscle,13,Cartilage-1,Other
TAGATCTACTAAGAGA-1,20.0,20.0,Subpallium-1,HiFuse-D12,3,Subpallium-1,5,Diencephalonand hindbrain,Other
TAGAGTAATGCCGGCA-1,41.0,34.0,Diencephalonand hindbrain,HiFuse-D08,10,Diencephalonand hindbrain,5,Diencephalonand hindbrain,Other
CTTGCGCCTTGACTTC-1,37.0,18.0,Mesenchyme,HiFuse-D09,13,Cartilage-2,5,Diencephalonand hindbrain,Other
TCCTACCACTTGCGCC-1,29.0,14.0,Diencephalonand hindbrain,HiFuse-D08,10,Diencephalonand hindbrain,5,Diencephalonand hindbrain,Other
CTGATGGTAAGAAGCT-1,26.0,44.0,Mesenchyme,HiFuse-D09,13,Cartilage-2,5,Diencephalonand hindbrain,Other
TAGAGTAACTAAGAGA-1,41.0,20.0,Cartilage-1,HiFuse-D02,9,Cartilage-1,13,Cartilage-1,Other
TTACCGAGATCATATT-1,16.0,36.0,DPallv,HiFuse-D07,2,DPallv,3,DPallv,Other
GCCGCAACAGAGCTAT-1,24.0,19.0,Diencephalonand hindbrain,HiFuse-D09,7,Muscle,5,Diencephalonand hindbrain,Other
AGAGAAGGTAGAGTAA-1,5.0,10.0,Cartilage-4,HiFuse-D05,4,Subpallium-2,5,Diencephalonand hindbrain,Other
ACTCAATATCCGGCCT-1,30.0,45.0,Diencephalonand hindbrain,HiFuse-D08,7,Muscle,5,Diencephalonand hindbrain,Other
ACTCAATATCGGCCTT-1,30.0,12.0,Cartilage-2,HiFuse-D05,6,Mesenchyme,5,Diencephalonand hindbrain,Other
GATCTTACCCAGTTCC-1,27.0,6.0,Cartilage-1,HiFuse-D02,9,Cartilage-1,13,Cartilage-1,Other
ATCATATTGACCTTGA-1,15.0,9.0,Diencephalonand hindbrain,HiFuse-D05,7,Muscle,5,Diencephalonand hindbrain,Other
GCAGGTCCTAGAATTA-1,40.0,16.0,Cartilage-2,HiFuse-D02,7,Muscle,5,Diencephalonand hindbrain,Other
TCCGGCCTGGCTGAGC-1,6.0,3.0,Cartilage-4,HiFuse-D05,14,Cartilage-3,8,Cartilage-4,Other
GACCTTGAGCAGGTCC-1,42.0,11.0,Muscle,HiFuse-D05,9,Cartilage-1,7,Muscle,Other
ACTCAATAAGAACGTC-1,30.0,13.0,Diencephalonand hindbrain,HiFuse-D05,6,Mesenchyme,5,Diencephalonand hindbrain,Other
CAACCGCTAGAGAAGG-1,43.0,46.0,Cartilage-2,HiFuse-D09,13,Cartilage-2,5,Diencephalonand hindbrain,Other
CGAACGCCGCCATTCT-1,49.0,17.0,Cartilage-4,HiFuse-D05,6,Mesenchyme,5,Diencephalonand hindbrain,Other
ACTTAACCTAGATCTA-1,44.0,31.0,Diencephalonand hindbrain,HiFuse-D08,10,Diencephalonand hindbrain,5,Diencephalonand hindbrain,Other
TTATCCGGGGTACTGC-1,10.0,15.0,DPallm,HiFuse-D01,5,Basal plateof hindbrain,5,Diencephalonand hindbrain,D01
GGTACTGCGGTACTGC-1,36.0,15.0,Cartilage-2,HiFuse-D08,11,Thalamus,7,Muscle,Other
TAGAGTAAGCCGCAAC-1,41.0,27.0,Diencephalonand hindbrain,HiFuse-D08,10,Diencephalonand hindbrain,5,Diencephalonand hindbrain,Other
GCGTTGGACTGATGGT-1,28.0,25.0,Diencephalonand hindbrain,HiFuse-D08,10,Diencephalonand hindbrain,5,Diencephalonand hindbrain,Other
CTTGCGCCCTTGCGCC-1,37.0,14.0,Cartilage-1,HiFuse-D02,9,Cartilage-1,13,Cartilage-1,Other
CCGAGAATCTGATGGT-1,25.0,25.0,Diencephalonand hindbrain,HiFuse-D08,11,Thalamus,5,Diencephalonand hindbrain,Other
TCCTACCACTAAGAGA-1,29.0,20.0,Diencephalonand hindbrain,HiFuse-D08,10,Diencephalonand hindbrain,5,Diencephalonand hindbrain,Other
TAGAGTAACTGATGGT-1,41.0,25.0,Cartilage-2,HiFuse-D09,7,Muscle,5,Diencephalonand hindbrain,Other
TTGACTTCCGACGCGA-1,33.0,39.0,Diencephalonand hindbrain,HiFuse-D08,10,Diencephalonand hindbrain,5,Diencephalonand hindbrain,Other
GGTACTGCTTACCGAG-1,36.0,35.0,Diencephalonand hindbrain,HiFuse-D08,10,Diencephalonand hindbrain,9,Midbrain,Other
TTATTCATAATTAAGA-1,18.0,32.0,Mesenchyme,HiFuse-D08,11,Thalamus,5,Diencephalonand hindbrain,Other
GGTATGCTAGAGCTAT-1,2.0,19.0,Mesenchyme,HiFuse-D05,9,Cartilage-1,5,Diencephalonand hindbrain,Other
CTGATGGTACGGAGGC-1,26.0,30.0,Diencephalonand hindbrain,HiFuse-D08,10,Diencephalonand hindbrain,5,Diencephalonand hindbrain,Other
CTTGCGCCATCATATT-1,37.0,36.0,Diencephalonand hindbrain,HiFuse-D08,10,Diencephalonand hindbrain,5,Diencephalonand hindbrain,Other
ACCGCCAACCGAGAAT-1,46.0,26.0,Diencephalonand hindbrain,HiFuse-D08,10,Diencephalonand hindbrain,5,Diencephalonand hindbrain,Other
TGCGGACCACTATGCA-1,22.0,38.0,DPallm,HiFuse-D01,12,DPallm,5,Diencephalonand hindbrain,D01
CCGAGAATTGAGTCTG-1,25.0,28.0,Diencephalonand hindbrain,HiFuse-D08,10,Diencephalonand hindbrain,5,Diencephalonand hindbrain,Other
GCCGCAACTGCCGGCA-1,24.0,34.0,Thalamus,HiFuse-D14,10,Diencephalonand hindbrain,5,Diencephalonand hindbrain,Other
GCCATTCTTAGAGTAA-1,34.0,10.0,Cartilage-1,HiFuse-D02,9,Cartilage-1,13,Cartilage-1,Other
CCGAGAATAATTAAGA-1,25.0,32.0,Thalamus,HiFuse-D14,10,Diencephalonand hindbrain,5,Diencephalonand hindbrain,Other
TGCCGGCAACTTAACC-1,17.0,7.0,Cartilage-2,HiFuse-D03,4,Subpallium-2,11,Cartilage-2,Other
TTACCGAGAGAGAAGG-1,16.0,46.0,Mesenchyme,HiFuse-D11,6,Mesenchyme,5,Diencephalonand hindbrain,Other
TAGAATTATAGATCTA-1,35.0,31.0,Diencephalonand hindbrain,HiFuse-D08,7,Muscle,5,Diencephalonand hindbrain,Other
AAGAAGCTCTAAGAGA-1,7.0,20.0,DPallm,HiFuse-D01,5,Basal plateof hindbrain,5,Diencephalonand hindbrain,D01
GAAGATCGCCAGTTCC-1,8.0,6.0,Cartilage-3,HiFuse-D05,8,Cartilage-4,7,Muscle,Other
ATCATATTAGAGCTAT-1,15.0,19.0,Subpallium-1,HiFuse-D12,3,Subpallium-1,4,Subpallium-1,Other
TTATTCATCCGAGAAT-1,18.0,26.0,Subpallium-1,HiFuse-D12,3,Subpallium-1,4,Subpallium-1,Other
GGCTGAGCTCTGATAC-1,48.0,42.0,Diencephalonand hindbrain,HiFuse-D08,1,Midbrain,9,Midbrain,Other
TCCGGCCTAGAGCTAT-1,6.0,19.0,DPallm,HiFuse-D01,12,DPallm,1,DPallm,D01
ATAAGGAGTGAGTCTG-1,50.0,28.0,Diencephalonand hindbrain,HiFuse-D08,10,Diencephalonand hindbrain,5,Diencephalonand hindbrain,Other
TTATCCGGTAGAATTA-1,10.0,16.0,DPallv,HiFuse-D07,5,Basal plateof hindbrain,3,DPallv,Other
AACCTGCGGGTACTGC-1,1.0,15.0,Cartilage-3,HiFuse-D04,9,Cartilage-1,8,Cartilage-4,Other
GCAGGTCCGATCTTAC-1,40.0,24.0,Cartilage-2,HiFuse-D09,13,Cartilage-2,5,Diencephalonand hindbrain,Other
CTTGCGCCGGTATGCT-1,37.0,49.0,Diencephalonand hindbrain,HiFuse-D08,10,Diencephalonand hindbrain,9,Midbrain,Other
TTGACTTCGGTATGCT-1,33.0,49.0,Diencephalonand hindbrain,HiFuse-D08,10,Diencephalonand hindbrain,5,Diencephalonand hindbrain,Other
GCCGCAACGAAGATCG-1,24.0,43.0,DPallm,HiFuse-D06,12,DPallm,5,Diencephalonand hindbrain,D06
GATCTTACGGTATGCT-1,27.0,49.0,Mesenchyme,HiFuse-D09,6,Mesenchyme,5,Diencephalonand hindbrain,Other
AGAGCTATCCGAGAAT-1,32.0,26.0,Mesenchyme,HiFuse-D13,5,Basal plateof hindbrain,5,Diencephalonand hindbrain,Other
ACTCAATACCGAGAAT-1,30.0,26.0,Mesenchyme,HiFuse-D08,6,Mesenchyme,5,Diencephalonand hindbrain,Other
TGGTCAGCGCCGCAAC-1,14.0,27.0,Subpallium-2,HiFuse-D13,2,DPallv,5,Diencephalonand hindbrain,Other
TAGATCTACTTGCGCC-1,20.0,14.0,Subpallium-1,HiFuse-D12,3,Subpallium-1,5,Diencephalonand hindbrain,Other
AGAGAAGGCAACCGCT-1,5.0,8.0,Cartilage-4,HiFuse-D05,8,Cartilage-4,5,Diencephalonand hindbrain,Other
AATTAAGATTATTCAT-1,19.0,33.0,Mesenchyme,HiFuse-D08,11,Thalamus,5,Diencephalonand hindbrain,Other
CTTGCGCCGCGTTGGA-1,37.0,23.0,Mesenchyme,HiFuse-D10,11,Thalamus,10,Mesenchyme,Other
TTACCGAGAGAGCTAT-1,16.0,19.0,Subpallium-1,HiFuse-D12,3,Subpallium-1,4,Subpallium-1,Other
AGAGCTATCGACGCGA-1,32.0,39.0,Diencephalonand hindbrain,HiFuse-D08,10,Diencephalonand hindbrain,5,Diencephalonand hindbrain,Other
GCCATTCTCTGATGGT-1,34.0,25.0,Mesenchyme,HiFuse-D09,1,Midbrain,5,Diencephalonand hindbrain,Other
ATCATATTTGGTCAGC-1,15.0,37.0,DPallv,HiFuse-D07,12,DPallm,3,DPallv,Other
ATAAGGAGAAGAAGCT-1,50.0,44.0,Mesenchyme,HiFuse-D08,10,Diencephalonand hindbrain,5,Diencephalonand hindbrain,Other
TGCGGACCAGAGCTAT-1,22.0,19.0,Diencephalonand hindbrain,HiFuse-D08,7,Muscle,5,Diencephalonand hindbrain,Other
TAGAGTAACATACTCC-1,41.0,47.0,Diencephalonand hindbrain,HiFuse-D08,10,Diencephalonand hindbrain,5,Diencephalonand hindbrain,Other
TGGTCAGCCTTGCGCC-1,14.0,14.0,Subpallium-1,HiFuse-D12,3,Subpallium-1,4,Subpallium-1,Other
TTACCGAGGCAGGTCC-1,16.0,11.0,Diencephalonand hindbrain,HiFuse-D05,7,Muscle,5,Diencephalonand hindbrain,Other
ACGGAGGCCAACCGCT-1,21.0,8.0,Cartilage-2,HiFuse-D05,8,Cartilage-4,5,Diencephalonand hindbrain,Other
TCGGCCTTTCGGCCTT-1,39.0,12.0,Cartilage-2,HiFuse-D03,7,Muscle,11,Cartilage-2,Other
AGAACGTCACTATGCA-1,38.0,38.0,Diencephalonand hindbrain,HiFuse-D08,10,Diencephalonand hindbrain,5,Diencephalonand hindbrain,Other
CGACGCGATTGACTTC-1,12.0,18.0,Subpallium-1,HiFuse-D12,3,Subpallium-1,4,Subpallium-1,Other
TCTGATACAGAGCTAT-1,9.0,19.0,DPallv,HiFuse-D07,2,DPallv,3,DPallv,Other
ACTCAATATGCCGGCA-1,30.0,34.0,Diencephalonand hindbrain,HiFuse-D08,10,Diencephalonand hindbrain,5,Diencephalonand hindbrain,Other
CGAACGCCAGAGCTAT-1,49.0,19.0,Cartilage-4,HiFuse-D05,4,Subpallium-2,5,Diencephalonand hindbrain,Other
CTGATGGTTTGACTTC-1,26.0,18.0,Diencephalonand hindbrain,HiFuse-D08,7,Muscle,5,Diencephalonand hindbrain,Other
CTTGCGCCAGAGCTAT-1,37.0,19.0,Mesenchyme,HiFuse-D09,13,Cartilage-2,5,Diencephalonand hindbrain,Other
TAGATCTAACTCAATA-1,20.0,21.0,Diencephalonand hindbrain,HiFuse-D08,6,Mesenchyme,5,Diencephalonand hindbrain,Other
GGTACTGCCATACTCC-1,36.0,47.0,Diencephalonand hindbrain,HiFuse-D08,10,Diencephalonand hindbrain,5,Diencephalonand hindbrain,Other
CTTGCGCCAAGAAGCT-1,37.0,44.0,Diencephalonand hindbrain,HiFuse-D08,10,Diencephalonand hindbrain,5,Diencephalonand hindbrain,Other
AATTAAGACCAGTTCC-1,19.0,6.0,Cartilage-3,HiFuse-D04,4,Subpallium-2,8,Cartilage-4,Other
TGGTCAGCCCGAGAAT-1,14.0,26.0,Subpallium-1,HiFuse-D12,3,Subpallium-1,4,Subpallium-1,Other
GCGTTGGATCCTACCA-1,28.0,22.0,Mesenchyme,HiFuse-D08,7,Muscle,5,Diencephalonand hindbrain,Other
ACTATGCAGGTACTGC-1,13.0,15.0,Subpallium-1,HiFuse-D12,3,Subpallium-1,4,Subpallium-1,Other
GCCATTCTACTTAACC-1,34.0,7.0,Cartilage-3,HiFuse-D05,9,Cartilage-1,7,Muscle,Other
TCTGATACCCGATTCC-1,9.0,4.0,Cartilage-3,HiFuse-D04,8,Cartilage-4,8,Cartilage-4,Other
CCGATTCCTGGTCAGC-1,47.0,37.0,Diencephalonand hindbrain,HiFuse-D08,10,Diencephalonand hindbrain,9,Midbrain,Other
ACTATGCATAGATCTA-1,13.0,31.0,DPallv,HiFuse-D07,2,DPallv,3,DPallv,Other
GCTAACTTTCCTACCA-1,3.0,22.0,DPallm,HiFuse-D06,5,Basal plateof hindbrain,6,Thalamus,D06
GCCGCAACTTATCCGG-1,24.0,41.0,DPallm,HiFuse-D06,11,Thalamus,5,Diencephalonand hindbrain,D06
TCCGGCCTCCGAGAAT-1,6.0,26.0,DPallm,HiFuse-D06,12,DPallm,6,Thalamus,D06
TCCGGCCTTGCCGGCA-1,6.0,34.0,Cartilage-3,HiFuse-D05,9,Cartilage-1,5,Diencephalonand hindbrain,Other
ACTATGCAAGAGCTAT-1,13.0,19.0,Subpallium-1,HiFuse-D12,3,Subpallium-1,4,Subpallium-1,Other
TGGTCAGCTAGAGTAA-1,14.0,10.0,DPallm,HiFuse-D05,7,Muscle,5,Diencephalonand hindbrain,Other
TAGAGTAAGGTATGCT-1,41.0,49.0,Diencephalonand hindbrain,HiFuse-D08,10,Diencephalonand hindbrain,5,Diencephalonand hindbrain,Other
AATTAAGACATACTCC-1,19.0,47.0,Cartilage-2,HiFuse-D11,7,Muscle,5,Diencephalonand hindbrain,Other
GATCTTACACTATGCA-1,27.0,38.0,Mesenchyme,HiFuse-D08,6,Mesenchyme,5,Diencephalonand hindbrain,Other
GATCTTACACTCAATA-1,27.0,21.0,Mesenchyme,HiFuse-D09,6,Mesenchyme,5,Diencephalonand hindbrain,Other
CATACTCCCCAGTTCC-1,4.0,6.0,Cartilage-3,HiFuse-D05,8,Cartilage-4,7,Muscle,Other
TTGACTTCGCCATTCT-1,33.0,17.0,Cartilage-2,HiFuse-D09,13,Cartilage-2,5,Diencephalonand hindbrain,Other
CTGATGGTCTGATGGT-1,26.0,25.0,Diencephalonand hindbrain,HiFuse-D08,10,Diencephalonand hindbrain,5,Diencephalonand hindbrain,Other
CAACCGCTGCCGCAAC-1,43.0,27.0,Diencephalonand hindbrain,HiFuse-D08,10,Diencephalonand hindbrain,5,Diencephalonand hindbrain,Other
TCCTACCAGACCTTGA-1,29.0,9.0,Cartilage-4,HiFuse-D05,8,Cartilage-4,5,Diencephalonand hindbrain,Other
AACCTGCGCCAGTTCC-1,1.0,6.0,Cartilage-3,HiFuse-D04,8,Cartilage-4,14,Cartilage-3,Other
ACTATGCACTGATGGT-1,13.0,25.0,Subpallium-1,HiFuse-D12,3,Subpallium-1,4,Subpallium-1,Other
TCGGCCTTATCATATT-1,39.0,36.0,Diencephalonand hindbrain,HiFuse-D08,10,Diencephalonand hindbrain,5,Diencephalonand hindbrain,Other
TAGATCTATAGAGTAA-1,20.0,10.0,Subpallium-1,HiFuse-D11,7,Muscle,5,Diencephalonand hindbrain,Other
TCCGGCCTGCGTTGGA-1,6.0,23.0,DPallm,HiFuse-D01,12,DPallm,1,DPallm,D01
CGACGCGACTGATGGT-1,12.0,25.0,DPallv,HiFuse-D07,2,DPallv,3,DPallv,Other
ACGGAGGCTAGAGTAA-1,21.0,10.0,Diencephalonand hindbrain,HiFuse-D11,7,Muscle,5,Diencephalonand hindbrain,Other
ATAAGGAGACTATGCA-1,50.0,38.0,Diencephalonand hindbrain,HiFuse-D10,10,Diencephalonand hindbrain,9,Midbrain,Other
GGCTGAGCTGAGTCTG-1,48.0,28.0,Diencephalonand hindbrain,HiFuse-D08,10,Diencephalonand hindbrain,5,Diencephalonand hindbrain,Other
TGCGGACCTTACCGAG-1,22.0,35.0,Mesenchyme,HiFuse-D10,6,Mesenchyme,5,Diencephalonand hindbrain,Other
AAGAAGCTAATTAAGA-1,7.0,32.0,DPallm,HiFuse-D06,12,DPallm,12,Basal plateof hindbrain,D06
TTATTCATTAGAGTAA-1,18.0,10.0,Subpallium-1,HiFuse-D11,7,Muscle,5,Diencephalonand hindbrain,Other
GCCGCAACAATTAAGA-1,24.0,32.0,Thalamus,HiFuse-D14,10,Diencephalonand hindbrain,5,Diencephalonand hindbrain,Other
GAAGATCGACTATGCA-1,8.0,38.0,Cartilage-2,HiFuse-D11,9,Cartilage-1,5,Diencephalonand hindbrain,Other
AATTAAGATAGATCTA-1,19.0,31.0,Mesenchyme,HiFuse-D10,11,Thalamus,5,Diencephalonand hindbrain,Other
ACTCAATATTGACTTC-1,30.0,18.0,Diencephalonand hindbrain,HiFuse-D08,10,Diencephalonand hindbrain,5,Diencephalonand hindbrain,Other
ACTATGCAGCGTTGGA-1,13.0,23.0,Subpallium-1,HiFuse-D12,3,Subpallium-1,4,Subpallium-1,Other
CTGATGGTGCAGGTCC-1,26.0,11.0,Diencephalonand hindbrain,HiFuse-D08,7,Muscle,5,Diencephalonand hindbrain,Other
GAAGATCGTGCCGGCA-1,8.0,34.0,Mesenchyme,HiFuse-D06,8,Cartilage-4,5,Diencephalonand hindbrain,D06
CAACCGCTAATTAAGA-1,43.0,32.0,Diencephalonand hindbrain,HiFuse-D08,10,Diencephalonand hindbrain,5,Diencephalonand hindbrain,Other
GCGTTGGAGACCTTGA-1,28.0,9.0,Cartilage-4,HiFuse-D05,8,Cartilage-4,5,Diencephalonand hindbrain,Other
GCGTTGGACCGAGAAT-1,28.0,26.0,Diencephalonand hindbrain,HiFuse-D08,10,Diencephalonand hindbrain,5,Diencephalonand hindbrain,Other
AGAACGTCTCCGGCCT-1,38.0,45.0,Diencephalonand hindbrain,HiFuse-D08,7,Muscle,5,Diencephalonand hindbrain,Other
GATCTTACGGTACTGC-1,27.0,15.0,Diencephalonand hindbrain,HiFuse-D08,7,Muscle,5,Diencephalonand hindbrain,Other
TTACCGAGGCCATTCT-1,16.0,17.0,Subpallium-1,HiFuse-D12,3,Subpallium-1,4,Subpallium-1,Other
TCTGATACTGAGTCTG-1,9.0,28.0,DPallm,HiFuse-D01,12,DPallm,1,DPallm,D01
GGTACTGCACGGAGGC-1,36.0,30.0,Mesenchyme,HiFuse-D05,1,Midbrain,5,Diencephalonand hindbrain,Other
GAAGATCGGCAGGTCC-1,8.0,11.0,Cartilage-3,HiFuse-D05,8,Cartilage-4,5,Diencephalonand hindbrain,Other
GCAGGTCCGCCGCAAC-1,40.0,27.0,Cartilage-2,HiFuse-D08,6,Mesenchyme,5,Diencephalonand hindbrain,Other
TAGAGTAAGCAGGTCC-1,41.0,11.0,Muscle,HiFuse-D05,7,Muscle,5,Diencephalonand hindbrain,Other
TCCTACCACCGAGAAT-1,29.0,26.0,Mesenchyme,HiFuse-D08,6,Mesenchyme,5,Diencephalonand hindbrain,Other
CAACCGCTTAGATCTA-1,43.0,31.0,Diencephalonand hindbrain,HiFuse-D08,6,Mesenchyme,5,Diencephalonand hindbrain,Other
CATACTCCCTGATGGT-1,4.0,25.0,DPallm,HiFuse-D06,5,Basal plateof hindbrain,6,Thalamus,D06
ACTTAACCCTGATGGT-1,44.0,25.0,Midbrain,HiFuse-D10,11,Thalamus,10,Mesenchyme,Other
TGCGGACCACTTAACC-1,22.0,7.0,Cartilage-2,HiFuse-D03,6,Mesenchyme,11,Cartilage-2,Other
ACTTAACCGGTATGCT-1,44.0,49.0,Mesenchyme,HiFuse-D05,8,Cartilage-4,5,Diencephalonand hindbrain,Other
TGAGTCTGAGAGCTAT-1,23.0,19.0,Diencephalonand hindbrain,HiFuse-D08,7,Muscle,5,Diencephalonand hindbrain,Other
GATCTTACAGAGCTAT-1,27.0,19.0,Mesenchyme,HiFuse-D08,7,Muscle,5,Diencephalonand hindbrain,Other
GGCTGAGCAACCTGCG-1,48.0,50.0,Muscle,HiFuse-D05,8,Cartilage-4,5,Diencephalonand hindbrain,Other
CGAACGCCTAGATCTA-1,49.0,31.0,Diencephalonand hindbrain,HiFuse-D08,10,Diencephalonand hindbrain,9,Midbrain,Other
CAACCGCTCTAAGAGA-1,43.0,20.0,Cartilage-2,HiFuse-D03,9,Cartilage-1,7,Muscle,Other
TGCCGGCAATCATATT-1,17.0,36.0,DPallv,HiFuse-D13,2,DPallv,2,Subpallium-2,Other
CTTGCGCCGGTACTGC-1,37.0,15.0,Cartilage-1,HiFuse-D02,11,Thalamus,13,Cartilage-1,Other
ATAAGGAGAGAGAAGG-1,50.0,46.0,Midbrain,HiFuse-D08,10,Diencephalonand hindbrain,5,Diencephalonand hindbrain,Other
GCAGGTCCGCGTTGGA-1,40.0,23.0,Cartilage-3,HiFuse-D09,13,Cartilage-2,7,Muscle,Other
TGCGGACCTTGACTTC-1,22.0,18.0,Diencephalonand hindbrain,HiFuse-D08,7,Muscle,5,Diencephalonand hindbrain,Other
TTATTCATTCCGGCCT-1,18.0,45.0,Mesenchyme,HiFuse-D06,5,Basal plateof hindbrain,5,Diencephalonand hindbrain,D06
GCAGGTCCTTATTCAT-1,40.0,33.0,Diencephalonand hindbrain,HiFuse-D08,11,Thalamus,5,Diencephalonand hindbrain,Other
GCCATTCTGCCATTCT-1,34.0,17.0,Mesenchyme,HiFuse-D09,11,Thalamus,5,Diencephalonand hindbrain,Other
GGCTGAGCTGCGGACC-1,48.0,29.0,Diencephalonand hindbrain,HiFuse-D08,10,Diencephalonand hindbrain,9,Midbrain,Other
CGACGCGATAGATCTA-1,12.0,31.0,DPallv,HiFuse-D07,2,DPallv,3,DPallv,Other
CCGAGAATAGAACGTC-1,25.0,13.0,Diencephalonand hindbrain,HiFuse-D08,7,Muscle,5,Diencephalonand hindbrain,Other
AATTAAGAGGTACTGC-1,19.0,15.0,Subpallium-1,HiFuse-D12,3,Subpallium-1,5,Diencephalonand hindbrain,Other
CTAAGAGAAATTAAGA-1,31.0,32.0,Diencephalonand hindbrain,HiFuse-D08,10,Diencephalonand hindbrain,5,Diencephalonand hindbrain,Other
AGAACGTCAAGAAGCT-1,38.0,44.0,Diencephalonand hindbrain,HiFuse-D08,10,Diencephalonand hindbrain,5,Diencephalonand hindbrain,Other
CGACGCGAACGGAGGC-1,12.0,30.0,DPallv,HiFuse-D07,2,DPallv,3,DPallv,Other
ACTCAATAACTATGCA-1,30.0,38.0,Diencephalonand hindbrain,HiFuse-D08,10,Diencephalonand hindbrain,5,Diencephalonand hindbrain,Other
CAACCGCTACGGAGGC-1,43.0,30.0,Diencephalonand hindbrain,HiFuse-D08,10,Diencephalonand hindbrain,5,Diencephalonand hindbrain,Other
CTGATGGTGAAGATCG-1,26.0,43.0,Cartilage-2,HiFuse-D08,8,Cartilage-4,5,Diencephalonand hindbrain,Other
CCAGTTCCAGAGAAGG-1,45.0,46.0,Mesenchyme,HiFuse-D10,6,Mesenchyme,5,Diencephalonand hindbrain,Other
TTATTCATTTATTCAT-1,18.0,33.0,Mesenchyme,HiFuse-D08,11,Thalamus,5,Diencephalonand hindbrain,Other
TAGATCTAAGAGCTAT-1,20.0,19.0,Subpallium-1,HiFuse-D12,3,Subpallium-1,4,Subpallium-1,Other
GCGTTGGAGAAGATCG-1,28.0,43.0,Diencephalonand hindbrain,HiFuse-D08,10,Diencephalonand hindbrain,5,Diencephalonand hindbrain,Other
GCAGGTCCAACCTGCG-1,40.0,50.0,Diencephalonand hindbrain,HiFuse-D08,6,Mesenchyme,5,Diencephalonand hindbrain,Other
CTTGCGCCGATCTTAC-1,37.0,24.0,Mesenchyme,HiFuse-D10,11,Thalamus,10,Mesenchyme,Other
GCCGCAACTAGAGTAA-1,24.0,10.0,Diencephalonand hindbrain,HiFuse-D05,7,Muscle,5,Diencephalonand hindbrain,Other
TAGAATTATTACCGAG-1,35.0,35.0,Diencephalonand hindbrain,HiFuse-D08,10,Diencephalonand hindbrain,5,Diencephalonand hindbrain,Other
CTAAGAGAGCCGCAAC-1,31.0,27.0,Mesenchyme,HiFuse-D08,10,Diencephalonand hindbrain,5,Diencephalonand hindbrain,Other
AATTAAGACTGATGGT-1,19.0,25.0,Subpallium-1,HiFuse-D12,3,Subpallium-1,4,Subpallium-1,Other
CGACGCGATCCTACCA-1,12.0,22.0,Subpallium-1,HiFuse-D12,3,Subpallium-1,4,Subpallium-1,Other
AGAGAAGGAATTAAGA-1,5.0,32.0,Cartilage-2,HiFuse-D13,1,Midbrain,5,Diencephalonand hindbrain,Other
GGTACTGCTCGGCCTT-1,36.0,12.0,Cartilage-1,HiFuse-D02,9,Cartilage-1,13,Cartilage-1,Other
AACCTGCGGGCTGAGC-1,1.0,3.0,Cartilage-3,HiFuse-D04,9,Cartilage-1,14,Cartilage-3,Other
ACTATGCATTGACTTC-1,13.0,18.0,Subpallium-1,HiFuse-D12,3,Subpallium-1,4,Subpallium-1,Other
TTGACTTCAATTAAGA-1,33.0,32.0,Diencephalonand hindbrain,HiFuse-D08,10,Diencephalonand hindbrain,5,Diencephalonand hindbrain,Other
TTGACTTCGCCGCAAC-1,33.0,27.0,Mesenchyme,HiFuse-D05,7,Muscle,5,Diencephalonand hindbrain,Other
CTAAGAGATTATTCAT-1,31.0,33.0,Diencephalonand hindbrain,HiFuse-D08,11,Thalamus,5,Diencephalonand hindbrain,Other
GCCATTCTTCCGGCCT-1,34.0,45.0,Diencephalonand hindbrain,HiFuse-D08,10,Diencephalonand hindbrain,5,Diencephalonand hindbrain,Other
GCCGCAACACCGCCAA-1,24.0,5.0,Cartilage-4,HiFuse-D05,8,Cartilage-4,5,Diencephalonand hindbrain,Other
TAGATCTAACGGAGGC-1,20.0,30.0,Mesenchyme,HiFuse-D10,2,DPallv,10,Mesenchyme,Other
GCAGGTCCAGAGAAGG-1,40.0,46.0,Diencephalonand hindbrain,HiFuse-D08,10,Diencephalonand hindbrain,5,Diencephalonand hindbrain,Other
GCCGCAACTGCGGACC-1,24.0,29.0,Diencephalonand hindbrain,HiFuse-D14,10,Diencephalonand hindbrain,5,Diencephalonand hindbrain,Other
TTGACTTCGCGTTGGA-1,33.0,23.0,Cartilage-2,HiFuse-D09,1,Midbrain,5,Diencephalonand hindbrain,Other
TAGAATTACTTGCGCC-1,35.0,14.0,Cartilage-2,HiFuse-D09,9,Cartilage-1,5,Diencephalonand hindbrain,Other
CCAGTTCCTCTGATAC-1,45.0,42.0,Diencephalonand hindbrain,HiFuse-D08,1,Midbrain,5,Diencephalonand hindbrain,Other
GCAGGTCCGATACGGA-1,40.0,40.0,Diencephalonand hindbrain,HiFuse-D08,8,Cartilage-4,5,Diencephalonand hindbrain,Other
TGAGTCTGCTTGCGCC-1,23.0,14.0,Diencephalonand hindbrain,HiFuse-D11,7,Muscle,5,Diencephalonand hindbrain,Other
CCGAGAATCTTGCGCC-1,25.0,14.0,Diencephalonand hindbrain,HiFuse-D08,10,Diencephalonand hindbrain,5,Diencephalonand hindbrain,Other
GGTACTGCCTTGCGCC-1,36.0,14.0,Cartilage-1,HiFuse-D02,7,Muscle,5,Diencephalonand hindbrain,Other
TGCGGACCGCTAACTT-1,22.0,48.0,Cartilage-2,HiFuse-D09,4,Subpallium-2,5,Diencephalonand hindbrain,Other
CTAAGAGAACTTAACC-1,31.0,7.0,Cartilage-1,HiFuse-D02,7,Muscle,13,Cartilage-1,Other
ATAAGGAGCTTGCGCC-1,50.0,14.0,Cartilage-4,HiFuse-D05,4,Subpallium-2,5,Diencephalonand hindbrain,Other
GGTACTGCAGAGAAGG-1,36.0,46.0,Diencephalonand hindbrain,HiFuse-D08,10,Diencephalonand hindbrain,5,Diencephalonand hindbrain,Other
ACTCAATACCGATTCC-1,30.0,4.0,Cartilage-3,HiFuse-D05,8,Cartilage-4,5,Diencephalonand hindbrain,Other
AATTAAGATCCTACCA-1,19.0,22.0,Diencephalonand hindbrain,HiFuse-D12,3,Subpallium-1,5,Diencephalonand hindbrain,Other
AGAGCTATCTAAGAGA-1,32.0,20.0,Mesenchyme,HiFuse-D09,13,Cartilage-2,5,Diencephalonand hindbrain,Other
CGAACGCCAACCTGCG-1,49.0,50.0,Cartilage-3,HiFuse-D05,13,Cartilage-2,5,Diencephalonand hindbrain,Other
AGAACGTCAGAGAAGG-1,38.0,46.0,Diencephalonand hindbrain,HiFuse-D08,10,Diencephalonand hindbrain,5,Diencephalonand hindbrain,Other
CCGAGAATACTCAATA-1,25.0,21.0,Diencephalonand hindbrain,HiFuse-D08,7,Muscle,5,Diencephalonand hindbrain,Other
GCAGGTCCTAGAGTAA-1,40.0,10.0,Muscle,HiFuse-D05,9,Cartilage-1,5,Diencephalonand hindbrain,Other
ACTCAATACGACGCGA-1,30.0,39.0,Diencephalonand hindbrain,HiFuse-D08,10,Diencephalonand hindbrain,5,Diencephalonand hindbrain,Other
ATCATATTAGAGAAGG-1,15.0,46.0,Mesenchyme,HiFuse-D05,10,Diencephalonand hindbrain,5,Diencephalonand hindbrain,Other
CTAAGAGATTGACTTC-1,31.0,18.0,Mesenchyme,HiFuse-D12,3,Subpallium-1,5,Diencephalonand hindbrain,Other
AGAGCTATGCGTTGGA-1,32.0,23.0,Diencephalonand hindbrain,HiFuse-D05,1,Midbrain,5,Diencephalonand hindbrain,Other
TTATTCATGGTATGCT-1,18.0,49.0,Cartilage-2,HiFuse-D11,4,Subpallium-2,5,Diencephalonand hindbrain,Other
TTATTCATTCCTACCA-1,18.0,22.0,Subpallium-1,HiFuse-D12,3,Subpallium-1,5,Diencephalonand hindbrain,Other
CCGAGAATATCATATT-1,25.0,36.0,Thalamus,HiFuse-D14,10,Diencephalonand hindbrain,5,Diencephalonand hindbrain,Other
TTACCGAGCATACTCC-1,16.0,47.0,Mesenchyme,HiFuse-D05,6,Mesenchyme,5,Diencephalonand hindbrain,Other
ACTATGCAACCGCCAA-1,13.0,5.0,Cartilage-3,HiFuse-D04,8,Cartilage-4,5,Diencephalonand hindbrain,Other
GCCGCAACTCTGATAC-1,24.0,42.0,DPallm,HiFuse-D06,12,DPallm,12,Basal plateof hindbrain,D06
CATACTCCCTTGCGCC-1,4.0,14.0,DPallm,HiFuse-D06,5,Basal plateof hindbrain,6,Thalamus,D06
CGAACGCCGATCTTAC-1,49.0,24.0,Cartilage-2,HiFuse-D03,1,Midbrain,7,Muscle,Other
GATACGGATAGAATTA-1,11.0,16.0,Subpallium-1,HiFuse-D12,3,Subpallium-1,4,Subpallium-1,Other
CCAGTTCCTTATTCAT-1,45.0,33.0,Diencephalonand hindbrain,HiFuse-D08,10,Diencephalonand hindbrain,5,Diencephalonand hindbrain,Other
AGAGAAGGTCCTACCA-1,5.0,22.0,DPallm,HiFuse-D01,5,Basal plateof hindbrain,6,Thalamus,D01
AGAACGTCAACCTGCG-1,38.0,50.0,Diencephalonand hindbrain,HiFuse-D08,10,Diencephalonand hindbrain,5,Diencephalonand hindbrain,Other
CGACGCGAAGAACGTC-1,12.0,13.0,DPallm,HiFuse-D06,7,Muscle,5,Diencephalonand hindbrain,D06
AGAACGTCATCATATT-1,38.0,36.0,Diencephalonand hindbrain,HiFuse-D08,10,Diencephalonand hindbrain,9,Midbrain,Other
TAGAGTAAACTATGCA-1,41.0,38.0,Diencephalonand hindbrain,HiFuse-D08,10,Diencephalonand hindbrain,5,Diencephalonand hindbrain,Other
CCAGTTCCCGACGCGA-1,45.0,39.0,Diencephalonand hindbrain,HiFuse-D08,10,Diencephalonand hindbrain,9,Midbrain,Other
TGAGTCTGGGTATGCT-1,23.0,49.0,Cartilage-2,HiFuse-D11,13,Cartilage-2,5,Diencephalonand hindbrain,Other
ACCGCCAAGATCTTAC-1,46.0,24.0,Mesenchyme,HiFuse-D05,1,Midbrain,5,Diencephalonand hindbrain,Other
GCGTTGGAACTCAATA-1,28.0,21.0,Mesenchyme,HiFuse-D08,6,Mesenchyme,5,Diencephalonand hindbrain,Other
GATCTTACCGACGCGA-1,27.0,39.0,Mesenchyme,HiFuse-D09,10,Diencephalonand hindbrain,5,Diencephalonand hindbrain,Other
AACCTGCGAGAACGTC-1,1.0,13.0,Cartilage-3,HiFuse-D04,9,Cartilage-1,14,Cartilage-3,Other
AATTAAGAAATTAAGA-1,19.0,32.0,Mesenchyme,HiFuse-D08,11,Thalamus,5,Diencephalonand hindbrain,Other
TTACCGAGACTTAACC-1,16.0,7.0,Cartilage-2,HiFuse-D03,6,Mesenchyme,11,Cartilage-2,Other
AATTAAGAACCGCCAA-1,19.0,5.0,Muscle,HiFuse-D05,8,Cartilage-4,5,Diencephalonand hindbrain,Other
TAGAATTATTATTCAT-1,35.0,33.0,Diencephalonand hindbrain,HiFuse-D08,11,Thalamus,5,Diencephalonand hindbrain,Other
GGTATGCTTAGAATTA-1,2.0,16.0,Cartilage-3,HiFuse-D04,9,Cartilage-1,14,Cartilage-3,Other
GCCGCAACACTCAATA-1,24.0,21.0,Diencephalonand hindbrain,HiFuse-D05,1,Midbrain,5,Diencephalonand hindbrain,Other
AATTAAGACAACCGCT-1,19.0,8.0,Cartilage-2,HiFuse-D05,8,Cartilage-4,5,Diencephalonand hindbrain,Other
CCAGTTCCCTAAGAGA-1,45.0,20.0,Cartilage-2,HiFuse-D05,8,Cartilage-4,5,Diencephalonand hindbrain,Other
TCGGCCTTCTTGCGCC-1,39.0,14.0,Cartilage-2,HiFuse-D02,6,Mesenchyme,7,Muscle,Other
GACCTTGATAGATCTA-1,42.0,31.0,Diencephalonand hindbrain,HiFuse-D08,10,Diencephalonand hindbrain,5,Diencephalonand hindbrain,Other
ACGGAGGCGACCTTGA-1,21.0,9.0,Subpallium-1,HiFuse-D11,7,Muscle,5,Diencephalonand hindbrain,Other
ACGGAGGCTTACCGAG-1,21.0,35.0,Mesenchyme,HiFuse-D08,5,Basal plateof hindbrain,5,Diencephalonand hindbrain,Other
TGCGGACCGCCATTCT-1,22.0,17.0,Diencephalonand hindbrain,HiFuse-D08,7,Muscle,5,Diencephalonand hindbrain,Other
TTGACTTCCTGATGGT-1,33.0,25.0,Mesenchyme,HiFuse-D09,1,Midbrain,5,Diencephalonand hindbrain,Other
CCGAGAATCAACCGCT-1,25.0,8.0,Cartilage-2,HiFuse-D05,8,Cartilage-4,5,Diencephalonand hindbrain,Other
ACTATGCAGCCATTCT-1,13.0,17.0,Subpallium-1,HiFuse-D12,3,Subpallium-1,4,Subpallium-1,Other
ACGGAGGCACTATGCA-1,21.0,38.0,Mesenchyme,HiFuse-D13,5,Basal plateof hindbrain,5,Diencephalonand hindbrain,Other
TGCGGACCCATACTCC-1,22.0,47.0,Cartilage-2,HiFuse-D09,4,Subpallium-2,5,Diencephalonand hindbrain,Other
CAACCGCTAAGAAGCT-1,43.0,44.0,Diencephalonand hindbrain,HiFuse-D05,10,Diencephalonand hindbrain,5,Diencephalonand hindbrain,Other
AACCTGCGTAGAATTA-1,1.0,16.0,Cartilage-3,HiFuse-D04,9,Cartilage-1,8,Cartilage-4,Other
ACTTAACCAAGAAGCT-1,44.0,44.0,Diencephalonand hindbrain,HiFuse-D05,13,Cartilage-2,5,Diencephalonand hindbrain,Other
AGAGAAGGTTACCGAG-1,5.0,35.0,Mesenchyme,HiFuse-D05,1,Midbrain,5,Diencephalonand hindbrain,Other
AGAACGTCCTTGCGCC-1,38.0,14.0,Cartilage-1,HiFuse-D02,9,Cartilage-1,13,Cartilage-1,Other
TGGTCAGCGCAGGTCC-1,14.0,11.0,DPallm,HiFuse-D06,5,Basal plateof hindbrain,5,Diencephalonand hindbrain,D06
TTATCCGGTAGAGTAA-1,10.0,10.0,Diencephalonand hindbrain,HiFuse-D05,7,Muscle,5,Diencephalonand hindbrain,Other
TGAGTCTGTCCGGCCT-1,23.0,45.0,DPallm,HiFuse-D06,12,DPallm,12,Basal plateof hindbrain,D06
TTATTCATACCGCCAA-1,18.0,5.0,Cartilage-1,HiFuse-D05,8,Cartilage-4,5,Diencephalonand hindbrain,Other
TTATTCATTGCGGACC-1,18.0,29.0,DPallv,HiFuse-D13,2,DPallv,2,Subpallium-2,Other
CATACTCCTGAGTCTG-1,4.0,28.0,Cartilage-2,HiFuse-D05,9,Cartilage-1,5,Diencephalonand hindbrain,Other
CTGATGGTCATACTCC-1,26.0,47.0,Mesenchyme,HiFuse-D09,4,Subpallium-2,5,Diencephalonand hindbrain,Other
CATACTCCACTTAACC-1,4.0,7.0,Cartilage-3,HiFuse-D05,8,Cartilage-4,5,Diencephalonand hindbrain,Other
GAAGATCGACTTAACC-1,8.0,7.0,Cartilage-4,HiFuse-D05,8,Cartilage-4,5,Diencephalonand hindbrain,Other
TAGAGTAAAGAGAAGG-1,41.0,46.0,Diencephalonand hindbrain,HiFuse-D08,10,Diencephalonand hindbrain,5,Diencephalonand hindbrain,Other
TGCGGACCTGAGTCTG-1,22.0,28.0,Diencephalonand hindbrain,HiFuse-D08,10,Diencephalonand hindbrain,5,Diencephalonand hindbrain,Other
CAACCGCTCATACTCC-1,43.0,47.0,Cartilage-2,HiFuse-D09,6,Mesenchyme,5,Diencephalonand hindbrain,Other
ATAAGGAGTAGAATTA-1,50.0,16.0,Cartilage-4,HiFuse-D05,4,Subpallium-2,5,Diencephalonand hindbrain,Other
TCCTACCAACTCAATA-1,29.0,21.0,Diencephalonand hindbrain,HiFuse-D08,11,Thalamus,5,Diencephalonand hindbrain,Other
CCGATTCCACGGAGGC-1,47.0,30.0,Diencephalonand hindbrain,HiFuse-D08,10,Diencephalonand hindbrain,9,Midbrain,Other
TAGATCTAGACCTTGA-1,20.0,9.0,Subpallium-1,HiFuse-D11,7,Muscle,5,Diencephalonand hindbrain,Other
GCCATTCTTTATCCGG-1,34.0,41.0,Diencephalonand hindbrain,HiFuse-D08,10,Diencephalonand hindbrain,5,Diencephalonand hindbrain,Other
ACTCAATATGCGGACC-1,30.0,29.0,Diencephalonand hindbrain,HiFuse-D08,10,Diencephalonand hindbrain,5,Diencephalonand hindbrain,Other
TGAGTCTGTTACCGAG-1,23.0,35.0,Cartilage-2,HiFuse-D09,13,Cartilage-2,5,Diencephalonand hindbrain,Other
GGTACTGCGCCATTCT-1,36.0,17.0,Mesenchyme,HiFuse-D09,6,Mesenchyme,5,Diencephalonand hindbrain,Other
TCCTACCATCCGGCCT-1,29.0,45.0,Diencephalonand hindbrain,HiFuse-D08,10,Diencephalonand hindbrain,5,Diencephalonand hindbrain,Other
TCGGCCTTGCTAACTT-1,39.0,48.0,Diencephalonand hindbrain,HiFuse-D08,10,Diencephalonand hindbrain,5,Diencephalonand hindbrain,Other
ACTTAACCACTATGCA-1,44.0,38.0,Diencephalonand hindbrain,HiFuse-D08,10,Diencephalonand hindbrain,5,Diencephalonand hindbrain,Other
ATAAGGAGAGAGCTAT-1,50.0,19.0,Mesenchyme,HiFuse-D05,8,Cartilage-4,5,Diencephalonand hindbrain,Other
CGAACGCCTGCGGACC-1,49.0,29.0,Diencephalonand hindbrain,HiFuse-D08,10,Diencephalonand hindbrain,9,Midbrain,Other
GGCTGAGCGAAGATCG-1,48.0,43.0,Diencephalonand hindbrain,HiFuse-D08,10,Diencephalonand hindbrain,5,Diencephalonand hindbrain,Other
TGCCGGCATGAGTCTG-1,17.0,28.0,Subpallium-2,HiFuse-D13,11,Thalamus,5,Diencephalonand hindbrain,Other
CCGAGAATGCGTTGGA-1,25.0,23.0,Diencephalonand hindbrain,HiFuse-D05,7,Muscle,5,Diencephalonand hindbrain,Other
GCCGCAACTCCGGCCT-1,24.0,45.0,Cartilage-2,HiFuse-D09,1,Midbrain,5,Diencephalonand hindbrain,Other
TTGACTTCCCAGTTCC-1,33.0,6.0,Cartilage-4,HiFuse-D05,8,Cartilage-4,5,Diencephalonand hindbrain,Other
ATAAGGAGGATCTTAC-1,50.0,24.0,Cartilage-2,HiFuse-D03,6,Mesenchyme,7,Muscle,Other
TCGGCCTTGATCTTAC-1,39.0,24.0,Mesenchyme,HiFuse-D09,1,Midbrain,5,Diencephalonand hindbrain,Other
AGAGAAGGACTTAACC-1,5.0,7.0,Cartilage-3,HiFuse-D05,8,Cartilage-4,5,Diencephalonand hindbrain,Other
AAGAAGCTTCCTACCA-1,7.0,22.0,DPallm,HiFuse-D01,5,Basal plateof hindbrain,6,Thalamus,D01
TGAGTCTGGCAGGTCC-1,23.0,11.0,Diencephalonand hindbrain,HiFuse-D11,7,Muscle,5,Diencephalonand hindbrain,Other
CCGAGAATTAGATCTA-1,25.0,31.0,Thalamus,HiFuse-D14,10,Diencephalonand hindbrain,5,Diencephalonand hindbrain,Other
GCAGGTCCGAAGATCG-1,40.0,43.0,Diencephalonand hindbrain,HiFuse-D08,10,Diencephalonand hindbrain,5,Diencephalonand hindbrain,Other
ATCATATTCTTGCGCC-1,15.0,14.0,Subpallium-1,HiFuse-D12,3,Subpallium-1,4,Subpallium-1,Other
AGAGAAGGTGCGGACC-1,5.0,29.0,Mesenchyme,HiFuse-D06,5,Basal plateof hindbrain,5,Diencephalonand hindbrain,D06
TCGGCCTTCCGAGAAT-1,39.0,26.0,Mesenchyme,HiFuse-D09,13,Cartilage-2,5,Diencephalonand hindbrain,Other
GAAGATCGTGAGTCTG-1,8.0,28.0,DPallm,HiFuse-D01,12,DPallm,1,DPallm,D01
TCGGCCTTGATACGGA-1,39.0,40.0,Diencephalonand hindbrain,HiFuse-D05,8,Cartilage-4,5,Diencephalonand hindbrain,Other
GCAGGTCCGGTACTGC-1,40.0,15.0,Cartilage-2,HiFuse-D05,9,Cartilage-1,7,Muscle,Other
GCCATTCTGATCTTAC-1,34.0,24.0,Mesenchyme,HiFuse-D09,13,Cartilage-2,5,Diencephalonand hindbrain,Other
AGAACGTCTGAGTCTG-1,38.0,28.0,Mesenchyme,HiFuse-D09,6,Mesenchyme,5,Diencephalonand hindbrain,Other
ACTTAACCCGACGCGA-1,44.0,39.0,Diencephalonand hindbrain,HiFuse-D08,10,Diencephalonand hindbrain,9,Midbrain,Other
TCGGCCTTAAGAAGCT-1,39.0,44.0,Diencephalonand hindbrain,HiFuse-D08,10,Diencephalonand hindbrain,5,Diencephalonand hindbrain,Other
CTGATGGTCCAGTTCC-1,26.0,6.0,Cartilage-1,HiFuse-D02,4,Subpallium-2,13,Cartilage-1,Other
TTACCGAGCGAACGCC-1,16.0,2.0,Cartilage-3,HiFuse-D05,8,Cartilage-4,8,Cartilage-4,Other
CGACGCGATCTGATAC-1,12.0,42.0,Cartilage-2,HiFuse-D11,9,Cartilage-1,5,Diencephalonand hindbrain,Other
CTTGCGCCCTAAGAGA-1,37.0,20.0,Mesenchyme,HiFuse-D09,1,Midbrain,5,Diencephalonand hindbrain,Other
CCGAGAATTCCTACCA-1,25.0,22.0,Mesenchyme,HiFuse-D12,3,Subpallium-1,5,Diencephalonand hindbrain,Other
CTTGCGCCGCCGCAAC-1,37.0,27.0,Mesenchyme,HiFuse-D10,13,Cartilage-2,10,Mesenchyme,Other
GATCTTACTTGACTTC-1,27.0,18.0,Diencephalonand hindbrain,HiFuse-D08,10,Diencephalonand hindbrain,5,Diencephalonand hindbrain,Other
ACTATGCACCGAGAAT-1,13.0,26.0,Subpallium-1,HiFuse-D13,2,DPallv,5,Diencephalonand hindbrain,Other
TCCGGCCTCCAGTTCC-1,6.0,6.0,Cartilage-3,HiFuse-D05,8,Cartilage-4,7,Muscle,Other
GATACGGACAACCGCT-1,11.0,8.0,Cartilage-2,HiFuse-D05,8,Cartilage-4,5,Diencephalonand hindbrain,Other
AACCTGCGGCGTTGGA-1,1.0,23.0,Cartilage-3,HiFuse-D11,8,Cartilage-4,5,Diencephalonand hindbrain,Other
GCCGCAACGCCGCAAC-1,24.0,27.0,Diencephalonand hindbrain,HiFuse-D08,10,Diencephalonand hindbrain,5,Diencephalonand hindbrain,Other
GGTACTGCAGAGCTAT-1,36.0,19.0,Mesenchyme,HiFuse-D09,4,Subpallium-2,5,Diencephalonand hindbrain,Other
TGAGTCTGTCCTACCA-1,23.0,22.0,Diencephalonand hindbrain,HiFuse-D08,10,Diencephalonand hindbrain,5,Diencephalonand hindbrain,Other
AGAGCTATAAGAAGCT-1,32.0,44.0,Diencephalonand hindbrain,HiFuse-D08,5,Basal plateof hindbrain,5,Diencephalonand hindbrain,Other
TTGACTTCCTAAGAGA-1,33.0,20.0,Mesenchyme,HiFuse-D09,13,Cartilage-2,5,Diencephalonand hindbrain,Other
CCGATTCCGATACGGA-1,47.0,40.0,Diencephalonand hindbrain,HiFuse-D08,10,Diencephalonand hindbrain,5,Diencephalonand hindbrain,Other
CGACGCGAAGAGCTAT-1,12.0,19.0,Subpallium-1,HiFuse-D12,3,Subpallium-1,4,Subpallium-1,Other
TAGAATTATGCGGACC-1,35.0,29.0,Diencephalonand hindbrain,HiFuse-D05,6,Mesenchyme,5,Diencephalonand hindbrain,Other
CAACCGCTTTACCGAG-1,43.0,35.0,Diencephalonand hindbrain,HiFuse-D08,10,Diencephalonand hindbrain,9,Midbrain,Other
ACTTAACCTTATCCGG-1,44.0,41.0,Diencephalonand hindbrain,HiFuse-D08,10,Diencephalonand hindbrain,9,Midbrain,Other
ACTATGCAGAAGATCG-1,13.0,43.0,Cartilage-2,HiFuse-D11,9,Cartilage-1,5,Diencephalonand hindbrain,Other
CGACGCGACGAACGCC-1,12.0,2.0,Cartilage-3,HiFuse-D05,14,Cartilage-3,8,Cartilage-4,Other
ACTCAATAAGAGCTAT-1,30.0,19.0,Diencephalonand hindbrain,HiFuse-D12,7,Muscle,5,Diencephalonand hindbrain,Other
ACTATGCACCGATTCC-1,13.0,4.0,Cartilage-3,HiFuse-D04,9,Cartilage-1,8,Cartilage-4,Other
GCGTTGGATCCGGCCT-1,28.0,45.0,Diencephalonand hindbrain,HiFuse-D08,10,Diencephalonand hindbrain,5,Diencephalonand hindbrain,Other
GCGTTGGAACCGCCAA-1,28.0,5.0,Cartilage-1,HiFuse-D05,8,Cartilage-4,5,Diencephalonand hindbrain,Other
AATTAAGATGAGTCTG-1,19.0,28.0,DPallv,HiFuse-D13,2,DPallv,5,Diencephalonand hindbrain,Other
TTACCGAGAGAACGTC-1,16.0,13.0,Subpallium-1,HiFuse-D12,3,Subpallium-1,5,Diencephalonand hindbrain,Other
AACCTGCGCAACCGCT-1,1.0,8.0,Cartilage-3,HiFuse-D04,9,Cartilage-1,14,Cartilage-3,Other
GATACGGAACTCAATA-1,11.0,21.0,Subpallium-1,HiFuse-D12,3,Subpallium-1,4,Subpallium-1,Other
GATACGGACTAAGAGA-1,11.0,20.0,Subpallium-1,HiFuse-D12,3,Subpallium-1,4,Subpallium-1,Other
GAAGATCGCTAAGAGA-1,8.0,20.0,DPallv,HiFuse-D07,7,Muscle,3,DPallv,Other
ACCGCCAAAATTAAGA-1,46.0,32.0,Diencephalonand hindbrain,HiFuse-D08,6,Mesenchyme,5,Diencephalonand hindbrain,Other
GACCTTGATCCGGCCT-1,42.0,45.0,Diencephalonand hindbrain,HiFuse-D08,6,Mesenchyme,9,Midbrain,Other
TTGACTTCAGAGCTAT-1,33.0,19.0,Mesenchyme,HiFuse-D08,7,Muscle,5,Diencephalonand hindbrain,Other
ACCGCCAAGGTACTGC-1,46.0,15.0,Cartilage-2,HiFuse-D05,1,Midbrain,5,Diencephalonand hindbrain,Other
CTAAGAGATCGGCCTT-1,31.0,12.0,Mesenchyme,HiFuse-D05,8,Cartilage-4,5,Diencephalonand hindbrain,Other
TGGTCAGCACTTAACC-1,14.0,7.0,Cartilage-2,HiFuse-D03,9,Cartilage-1,11,Cartilage-2,Other
TAGATCTAGGTACTGC-1,20.0,15.0,Subpallium-1,HiFuse-D12,3,Subpallium-1,4,Subpallium-1,Other
AGAGCTATTCCGGCCT-1,32.0,45.0,Diencephalonand hindbrain,HiFuse-D08,10,Diencephalonand hindbrain,5,Diencephalonand hindbrain,Other
AACCTGCGGCAGGTCC-1,1.0,11.0,Cartilage-3,HiFuse-D04,9,Cartilage-1,14,Cartilage-3,Other
TAGATCTATTACCGAG-1,20.0,35.0,Mesenchyme,HiFuse-D08,10,Diencephalonand hindbrain,5,Diencephalonand hindbrain,Other
TTGACTTCTGCGGACC-1,33.0,29.0,Diencephalonand hindbrain,HiFuse-D08,10,Diencephalonand hindbrain,5,Diencephalonand hindbrain,Other
AATTAAGATTGACTTC-1,19.0,18.0,Subpallium-1,HiFuse-D12,3,Subpallium-1,4,Subpallium-1,Other
ACGGAGGCGCCATTCT-1,21.0,17.0,Subpallium-1,HiFuse-D12,3,Subpallium-1,4,Subpallium-1,Other
CTAAGAGAGCGTTGGA-1,31.0,23.0,Cartilage-4,HiFuse-D05,5,Basal plateof hindbrain,5,Diencephalonand hindbrain,Other
GCCATTCTTGGTCAGC-1,34.0,37.0,Diencephalonand hindbrain,HiFuse-D08,10,Diencephalonand hindbrain,5,Diencephalonand hindbrain,Other
CGACGCGAGGCTGAGC-1,12.0,3.0,Cartilage-3,HiFuse-D04,8,Cartilage-4,8,Cartilage-4,Other
TGAGTCTGCTGATGGT-1,23.0,25.0,Diencephalonand hindbrain,HiFuse-D08,6,Mesenchyme,5,Diencephalonand hindbrain,Other
GCAGGTCCAGAACGTC-1,40.0,13.0,Cartilage-2,HiFuse-D03,4,Subpallium-2,11,Cartilage-2,Other
TAGAATTATTATCCGG-1,35.0,41.0,Diencephalonand hindbrain,HiFuse-D08,10,Diencephalonand hindbrain,5,Diencephalonand hindbrain,Other
CATACTCCTAGAGTAA-1,4.0,10.0,Cartilage-4,HiFuse-D05,4,Subpallium-2,5,Diencephalonand hindbrain,Other
ACTCAATATAGATCTA-1,30.0,31.0,Diencephalonand hindbrain,HiFuse-D08,10,Diencephalonand hindbrain,5,Diencephalonand hindbrain,Other
GCTAACTTTGAGTCTG-1,3.0,28.0,Cartilage-3,HiFuse-D05,9,Cartilage-1,5,Diencephalonand hindbrain,Other
TGCGGACCTAGAATTA-1,22.0,16.0,Diencephalonand hindbrain,HiFuse-D12,7,Muscle,5,Diencephalonand hindbrain,Other
AAGAAGCTGCAGGTCC-1,7.0,11.0,Cartilage-2,HiFuse-D05,8,Cartilage-4,5,Diencephalonand hindbrain,Other
GCGTTGGAATCATATT-1,28.0,36.0,Diencephalonand hindbrain,HiFuse-D08,10,Diencephalonand hindbrain,5,Diencephalonand hindbrain,Other
CAACCGCTGATCTTAC-1,43.0,24.0,Mesenchyme,HiFuse-D05,13,Cartilage-2,5,Diencephalonand hindbrain,Other
CTAAGAGATCCTACCA-1,31.0,22.0,Cartilage-2,HiFuse-D09,1,Midbrain,5,Diencephalonand hindbrain,Other
ACTATGCAACTATGCA-1,13.0,38.0,DPallm,HiFuse-D01,12,DPallm,1,DPallm,D01
TGCCGGCACTGATGGT-1,17.0,25.0,Subpallium-1,HiFuse-D12,3,Subpallium-1,4,Subpallium-1,Other
TGGTCAGCTGCGGACC-1,14.0,29.0,DPallv,HiFuse-D13,2,DPallv,2,Subpallium-2,Other
ACGGAGGCCATACTCC-1,21.0,47.0,Cartilage-2,HiFuse-D09,13,Cartilage-2,5,Diencephalonand hindbrain,Other
GACCTTGAGCGTTGGA-1,42.0,23.0,Mesenchyme,HiFuse-D05,1,Midbrain,5,Diencephalonand hindbrain,Other
CCGAGAATAGAGCTAT-1,25.0,19.0,Diencephalonand hindbrain,HiFuse-D08,10,Diencephalonand hindbrain,5,Diencephalonand hindbrain,Other
GGTATGCTGCGTTGGA-1,2.0,23.0,Cartilage-3,HiFuse-D05,9,Cartilage-1,5,Diencephalonand hindbrain,Other
TGAGTCTGTTATCCGG-1,23.0,41.0,DPallm,HiFuse-D01,5,Basal plateof hindbrain,5,Diencephalonand hindbrain,D01
GAAGATCGGATCTTAC-1,8.0,24.0,DPallm,HiFuse-D01,5,Basal plateof hindbrain,5,Diencephalonand hindbrain,D01
TAGAGTAAGCGTTGGA-1,41.0,23.0,Cartilage-2,HiFuse-D09,13,Cartilage-2,5,Diencephalonand hindbrain,Other
ACTATGCAGGCTGAGC-1,13.0,3.0,Cartilage-3,HiFuse-D05,14,Cartilage-3,8,Cartilage-4,Other
GCGTTGGATCGGCCTT-1,28.0,12.0,Diencephalonand hindbrain,HiFuse-D08,10,Diencephalonand hindbrain,5,Diencephalonand hindbrain,Other
TTGACTTCATCATATT-1,33.0,36.0,Diencephalonand hindbrain,HiFuse-D08,10,Diencephalonand hindbrain,5,Diencephalonand hindbrain,Other
GACCTTGAAGAACGTC-1,42.0,13.0,Cartilage-3,HiFuse-D04,9,Cartilage-1,8,Cartilage-4,Other
GGTACTGCTTGACTTC-1,36.0,18.0,Mesenchyme,HiFuse-D09,7,Muscle,5,Diencephalonand hindbrain,Other
TCTGATACCTGATGGT-1,9.0,25.0,Mesenchyme,HiFuse-D01,5,Basal plateof hindbrain,5,Diencephalonand hindbrain,D01
ATCATATTACTTAACC-1,15.0,7.0,Cartilage-2,HiFuse-D03,7,Muscle,11,Cartilage-2,Other
ACCGCCAATGCCGGCA-1,46.0,34.0,Diencephalonand hindbrain,HiFuse-D08,10,Diencephalonand hindbrain,5,Diencephalonand hindbrain,Other
ACTTAACCTCGGCCTT-1,44.0,12.0,Muscle,HiFuse-D05,8,Cartilage-4,5,Diencephalonand hindbrain,Other
TTACCGAGATAAGGAG-1,16.0,1.0,Cartilage-3,HiFuse-D05,14,Cartilage-3,8,Cartilage-4,Other
CATACTCCCCGAGAAT-1,4.0,26.0,DPallm,HiFuse-D06,6,Mesenchyme,5,Diencephalonand hindbrain,D06
TGGTCAGCGCCATTCT-1,14.0,17.0,Subpallium-1,HiFuse-D12,3,Subpallium-1,4,Subpallium-1,Other
TGAGTCTGCCAGTTCC-1,23.0,6.0,Muscle,HiFuse-D05,8,Cartilage-4,5,Diencephalonand hindbrain,Other
AACCTGCGAGAGCTAT-1,1.0,19.0,Mesenchyme,HiFuse-D05,1,Midbrain,5,Diencephalonand hindbrain,Other
AGAGCTATCTTGCGCC-1,32.0,14.0,Mesenchyme,HiFuse-D05,1,Midbrain,5,Diencephalonand hindbrain,Other
ACGGAGGCGGCTGAGC-1,21.0,3.0,Cartilage-4,HiFuse-D05,8,Cartilage-4,8,Cartilage-4,Other
CAACCGCTGCAGGTCC-1,43.0,11.0,Cartilage-4,HiFuse-D05,4,Subpallium-2,5,Diencephalonand hindbrain,Other
AGAGAAGGGCAGGTCC-1,5.0,11.0,Mesenchyme,HiFuse-D05,8,Cartilage-4,5,Diencephalonand hindbrain,Other
AGAACGTCGATCTTAC-1,38.0,24.0,Mesenchyme,HiFuse-D09,13,Cartilage-2,5,Diencephalonand hindbrain,Other
GGTATGCTCCAGTTCC-1,2.0,6.0,Cartilage-3,HiFuse-D05,8,Cartilage-4,11,Cartilage-2,Other
CGAACGCCTCTGATAC-1,49.0,42.0,Diencephalonand hindbrain,HiFuse-D08,10,Diencephalonand hindbrain,5,Diencephalonand hindbrain,Other
AGAACGTCGCGTTGGA-1,38.0,23.0,Mesenchyme,HiFuse-D09,13,Cartilage-2,5,Diencephalonand hindbrain,Other
GACCTTGAAAGAAGCT-1,42.0,44.0,Diencephalonand hindbrain,HiFuse-D08,10,Diencephalonand hindbrain,5,Diencephalonand hindbrain,Other
TTATCCGGTTACCGAG-1,10.0,35.0,DPallm,HiFuse-D06,12,DPallm,12,Basal plateof hindbrain,D06
AGAGAAGGTAGAATTA-1,5.0,16.0,DPallm,HiFuse-D01,5,Basal plateof hindbrain,6,Thalamus,D01
TTATTCATGCAGGTCC-1,18.0,11.0,Diencephalonand hindbrain,HiFuse-D11,7,Muscle,5,Diencephalonand hindbrain,Other
CGAACGCCGATACGGA-1,49.0,40.0,Diencephalonand hindbrain,HiFuse-D08,10,Diencephalonand hindbrain,5,Diencephalonand hindbrain,Other
GCCATTCTGATACGGA-1,34.0,40.0,Diencephalonand hindbrain,HiFuse-D08,4,Subpallium-2,5,Diencephalonand hindbrain,Other
ATCATATTGGCTGAGC-1,15.0,3.0,Cartilage-4,HiFuse-D05,14,Cartilage-3,8,Cartilage-4,Other
TCTGATACACGGAGGC-1,9.0,30.0,DPallm,HiFuse-D01,12,DPallm,1,DPallm,D01
CGACGCGAGCCGCAAC-1,12.0,27.0,DPallv,HiFuse-D07,2,DPallv,3,DPallv,Other
GACCTTGAGGTATGCT-1,42.0,49.0,Diencephalonand hindbrain,HiFuse-D09,13,Cartilage-2,5,Diencephalonand hindbrain,Other
ACTCAATAGAAGATCG-1,30.0,43.0,Diencephalonand hindbrain,HiFuse-D08,10,Diencephalonand hindbrain,5,Diencephalonand hindbrain,Other
GACCTTGACATACTCC-1,42.0,47.0,Diencephalonand hindbrain,HiFuse-D08,10,Diencephalonand hindbrain,5,Diencephalonand hindbrain,Other
CCAGTTCCCCGAGAAT-1,45.0,26.0,Diencephalonand hindbrain,HiFuse-D08,10,Diencephalonand hindbrain,5,Diencephalonand hindbrain,Other
TCTGATACACTCAATA-1,9.0,21.0,DPallv,HiFuse-D07,5,Basal plateof hindbrain,3,DPallv,Other
ACTTAACCGCGTTGGA-1,44.0,23.0,Cartilage-2,HiFuse-D03,1,Midbrain,5,Diencephalonand hindbrain,Other
TCGGCCTTACTCAATA-1,39.0,21.0,Cartilage-2,HiFuse-D09,13,Cartilage-2,5,Diencephalonand hindbrain,Other
CCGAGAATTCCGGCCT-1,25.0,45.0,Mesenchyme,HiFuse-D09,6,Mesenchyme,5,Diencephalonand hindbrain,Other
TAGATCTATAGAATTA-1,20.0,16.0,Subpallium-1,HiFuse-D12,3,Subpallium-1,5,Diencephalonand hindbrain,Other
TCCGGCCTCGAACGCC-1,6.0,2.0,Cartilage-3,HiFuse-D05,14,Cartilage-3,8,Cartilage-4,Other
GCCGCAACGATCTTAC-1,24.0,24.0,Diencephalonand hindbrain,HiFuse-D08,10,Diencephalonand hindbrain,5,Diencephalonand hindbrain,Other
TCTGATACGACCTTGA-1,9.0,9.0,Mesenchyme,HiFuse-D05,1,Midbrain,5,Diencephalonand hindbrain,Other
GAAGATCGCGAACGCC-1,8.0,2.0,Cartilage-3,HiFuse-D05,14,Cartilage-3,8,Cartilage-4,Other
AATTAAGACGAACGCC-1,19.0,2.0,Cartilage-3,HiFuse-D05,14,Cartilage-3,8,Cartilage-4,Other
GCTAACTTACGGAGGC-1,3.0,30.0,Mesenchyme,HiFuse-D05,8,Cartilage-4,5,Diencephalonand hindbrain,Other
TTACCGAGCAACCGCT-1,16.0,8.0,Cartilage-2,HiFuse-D05,1,Midbrain,5,Diencephalonand hindbrain,Other
GATCTTACGCCATTCT-1,27.0,17.0,Diencephalonand hindbrain,HiFuse-D08,7,Muscle,5,Diencephalonand hindbrain,Other
TGCGGACCCCGATTCC-1,22.0,4.0,Cartilage-4,HiFuse-D05,8,Cartilage-4,8,Cartilage-4,Other
GATCTTACCCGATTCC-1,27.0,4.0,Cartilage-4,HiFuse-D05,8,Cartilage-4,5,Diencephalonand hindbrain,Other
AAGAAGCTACGGAGGC-1,7.0,30.0,DPallm,HiFuse-D06,12,DPallm,12,Basal plateof hindbrain,D06
GCGTTGGATGCGGACC-1,28.0,29.0,Diencephalonand hindbrain,HiFuse-D08,10,Diencephalonand hindbrain,5,Diencephalonand hindbrain,Other
GCCGCAACTCCTACCA-1,24.0,22.0,Diencephalonand hindbrain,HiFuse-D05,6,Mesenchyme,5,Diencephalonand hindbrain,Other
TTATCCGGTCCTACCA-1,10.0,22.0,DPallv,HiFuse-D07,6,Mesenchyme,3,DPallv,Other
CTGATGGTCAACCGCT-1,26.0,8.0,Cartilage-4,HiFuse-D05,14,Cartilage-3,8,Cartilage-4,Other
AGAGCTATTTACCGAG-1,32.0,35.0,Diencephalonand hindbrain,HiFuse-D08,11,Thalamus,5,Diencephalonand hindbrain,Other
ACTCAATATAGAGTAA-1,30.0,10.0,Cartilage-4,HiFuse-D09,8,Cartilage-4,5,Diencephalonand hindbrain,Other
ACGGAGGCGCCGCAAC-1,21.0,27.0,Cartilage-2,HiFuse-D08,13,Cartilage-2,5,Diencephalonand hindbrain,Other
CGAACGCCGCGTTGGA-1,49.0,23.0,Cartilage-2,HiFuse-D03,7,Muscle,11,Cartilage-2,Other
CATACTCCAATTAAGA-1,4.0,32.0,Cartilage-2,HiFuse-D11,9,Cartilage-1,5,Diencephalonand hindbrain,Other
AGAGCTATGCAGGTCC-1,32.0,11.0,Mesenchyme,HiFuse-D05,8,Cartilage-4,5,Diencephalonand hindbrain,Other
TCTGATACACTATGCA-1,9.0,38.0,Cartilage-2,HiFuse-D11,9,Cartilage-1,5,Diencephalonand hindbrain,Other
CCGATTCCAGAGCTAT-1,47.0,19.0,Cartilage-4,HiFuse-D05,8,Cartilage-4,5,Diencephalonand hindbrain,Other
TTGACTTCAGAACGTC-1,33.0,13.0,Mesenchyme,HiFuse-D05,13,Cartilage-2,5,Diencephalonand hindbrain,Other
GGTACTGCAAGAAGCT-1,36.0,44.0,Diencephalonand hindbrain,HiFuse-D08,10,Diencephalonand hindbrain,5,Diencephalonand hindbrain,Other
TGGTCAGCTCGGCCTT-1,14.0,12.0,DPallm,HiFuse-D06,7,Muscle,5,Diencephalonand hindbrain,D06
AAGAAGCTTTATTCAT-1,7.0,33.0,Mesenchyme,HiFuse-D06,5,Basal plateof hindbrain,5,Diencephalonand hindbrain,D06
TGCCGGCATCCGGCCT-1,17.0,45.0,Mesenchyme,HiFuse-D11,9,Cartilage-1,5,Diencephalonand hindbrain,Other
CTTGCGCCCCGAGAAT-1,37.0,26.0,Mesenchyme,HiFuse-D10,11,Thalamus,10,Mesenchyme,Other
TGCGGACCACTCAATA-1,22.0,21.0,Diencephalonand hindbrain,HiFuse-D08,6,Mesenchyme,5,Diencephalonand hindbrain,Other
AGAGCTATTAGAATTA-1,32.0,16.0,Mesenchyme,HiFuse-D09,6,Mesenchyme,5,Diencephalonand hindbrain,Other
GCCGCAACCAACCGCT-1,24.0,8.0,Cartilage-2,HiFuse-D05,8,Cartilage-4,5,Diencephalonand hindbrain,Other
TTATCCGGAGAGCTAT-1,10.0,19.0,Subpallium-1,HiFuse-D12,3,Subpallium-1,4,Subpallium-1,Other
GACCTTGATGAGTCTG-1,42.0,28.0,Diencephalonand hindbrain,HiFuse-D08,6,Mesenchyme,5,Diencephalonand hindbrain,Other
ACTTAACCGGTACTGC-1,44.0,15.0,Cartilage-2,HiFuse-D05,9,Cartilage-1,5,Diencephalonand hindbrain,Other
GCAGGTCCCATACTCC-1,40.0,47.0,Diencephalonand hindbrain,HiFuse-D08,10,Diencephalonand hindbrain,5,Diencephalonand hindbrain,Other
CTGATGGTTCCGGCCT-1,26.0,45.0,Mesenchyme,HiFuse-D09,6,Mesenchyme,5,Diencephalonand hindbrain,Other
GCCGCAACGGTACTGC-1,24.0,15.0,Diencephalonand hindbrain,HiFuse-D08,7,Muscle,5,Diencephalonand hindbrain,Other
CGAACGCCTTATTCAT-1,49.0,33.0,Diencephalonand hindbrain,HiFuse-D08,10,Diencephalonand hindbrain,9,Midbrain,Other
GCCATTCTAATTAAGA-1,34.0,32.0,Diencephalonand hindbrain,HiFuse-D08,10,Diencephalonand hindbrain,5,Diencephalonand hindbrain,Other
TGCGGACCACCGCCAA-1,22.0,5.0,Cartilage-4,HiFuse-D05,8,Cartilage-4,5,Diencephalonand hindbrain,Other
CCAGTTCCGCCATTCT-1,45.0,17.0,Cartilage-2,HiFuse-D05,7,Muscle,7,Muscle,Other
TGAGTCTGACTCAATA-1,23.0,21.0,Diencephalonand hindbrain,HiFuse-D08,7,Muscle,9,Midbrain,Other
TTACCGAGGCTAACTT-1,16.0,48.0,Mesenchyme,HiFuse-D05,6,Mesenchyme,5,Diencephalonand hindbrain,Other
CTTGCGCCGAAGATCG-1,37.0,43.0,Diencephalonand hindbrain,HiFuse-D08,10,Diencephalonand hindbrain,5,Diencephalonand hindbrain,Other
TGCCGGCACCGATTCC-1,17.0,4.0,Cartilage-4,HiFuse-D05,8,Cartilage-4,8,Cartilage-4,Other
GCTAACTTTGCGGACC-1,3.0,29.0,Mesenchyme,HiFuse-D05,8,Cartilage-4,5,Diencephalonand hindbrain,Other
GATACGGACCGAGAAT-1,11.0,26.0,DPallv,HiFuse-D07,2,DPallv,3,DPallv,Other
CTAAGAGACTGATGGT-1,31.0,25.0,Mesenchyme,HiFuse-D09,6,Mesenchyme,5,Diencephalonand hindbrain,Other
ACGGAGGCGGTATGCT-1,21.0,49.0,Cartilage-2,HiFuse-D11,9,Cartilage-1,5,Diencephalonand hindbrain,Other
CTGATGGTTGCGGACC-1,26.0,29.0,Diencephalonand hindbrain,HiFuse-D08,10,Diencephalonand hindbrain,5,Diencephalonand hindbrain,Other
GACCTTGAAGAGAAGG-1,42.0,46.0,Diencephalonand hindbrain,HiFuse-D08,10,Diencephalonand hindbrain,9,Midbrain,Other
GGTATGCTACCGCCAA-1,2.0,5.0,Cartilage-3,HiFuse-D05,8,Cartilage-4,7,Muscle,Other
TGGTCAGCATAAGGAG-1,14.0,1.0,Cartilage-3,HiFuse-D05,14,Cartilage-3,8,Cartilage-4,Other
TCCTACCAGCGTTGGA-1,29.0,23.0,Mesenchyme,HiFuse-D09,6,Mesenchyme,5,Diencephalonand hindbrain,Other
GCCGCAACGGTATGCT-1,24.0,49.0,Cartilage-4,HiFuse-D09,4,Subpallium-2,5,Diencephalonand hindbrain,Other
AATTAAGACCGATTCC-1,19.0,4.0,Cartilage-4,HiFuse-D05,8,Cartilage-4,8,Cartilage-4,Other
TTATCCGGCGAACGCC-1,10.0,2.0,Cartilage-3,HiFuse-D05,14,Cartilage-3,8,Cartilage-4,Other
TCGGCCTTACGGAGGC-1,39.0,30.0,Diencephalonand hindbrain,HiFuse-D05,1,Midbrain,5,Diencephalonand hindbrain,Other
TAGATCTAATCATATT-1,20.0,36.0,DPallm,HiFuse-D06,12,DPallm,5,Diencephalonand hindbrain,D06
TCGGCCTTGAAGATCG-1,39.0,43.0,Diencephalonand hindbrain,HiFuse-D08,10,Diencephalonand hindbrain,9,Midbrain,Other
ACTATGCAGCAGGTCC-1,13.0,11.0,DPallm,HiFuse-D06,7,Muscle,5,Diencephalonand hindbrain,D06
CTAAGAGAAGAGCTAT-1,31.0,19.0,Mesenchyme,HiFuse-D09,7,Muscle,5,Diencephalonand hindbrain,Other
ACGGAGGCCGAACGCC-1,21.0,2.0,Cartilage-3,HiFuse-D05,14,Cartilage-3,8,Cartilage-4,Other
ACTATGCACTAAGAGA-1,13.0,20.0,Subpallium-1,HiFuse-D12,3,Subpallium-1,4,Subpallium-1,Other
TGGTCAGCACCGCCAA-1,14.0,5.0,Cartilage-3,HiFuse-D04,8,Cartilage-4,8,Cartilage-4,Other
CTAAGAGACCGAGAAT-1,31.0,26.0,Mesenchyme,HiFuse-D13,5,Basal plateof hindbrain,5,Diencephalonand hindbrain,Other
TCCTACCATAGAGTAA-1,29.0,10.0,Cartilage-4,HiFuse-D05,1,Midbrain,5,Diencephalonand hindbrain,Other
GATACGGAAGAGCTAT-1,11.0,19.0,Subpallium-1,HiFuse-D12,3,Subpallium-1,4,Subpallium-1,Other
AACCTGCGTCCTACCA-1,1.0,22.0,Cartilage-2,HiFuse-D11,1,Midbrain,5,Diencephalonand hindbrain,Other
TAGAATTAGAAGATCG-1,35.0,43.0,Diencephalonand hindbrain,HiFuse-D08,10,Diencephalonand hindbrain,5,Diencephalonand hindbrain,Other
GCCGCAACGCAGGTCC-1,24.0,11.0,Diencephalonand hindbrain,HiFuse-D05,7,Muscle,5,Diencephalonand hindbrain,Other
AGAACGTCGCCGCAAC-1,38.0,27.0,Mesenchyme,HiFuse-D09,13,Cartilage-2,5,Diencephalonand hindbrain,Other
CTAAGAGATCCGGCCT-1,31.0,45.0,Diencephalonand hindbrain,HiFuse-D08,10,Diencephalonand hindbrain,5,Diencephalonand hindbrain,Other
GCCATTCTGGTACTGC-1,34.0,15.0,Mesenchyme,HiFuse-D09,13,Cartilage-2,5,Diencephalonand hindbrain,Other
TAGAGTAAGATCTTAC-1,41.0,24.0,Cartilage-2,HiFuse-D09,6,Mesenchyme,5,Diencephalonand hindbrain,Other
TGCGGACCGATCTTAC-1,22.0,24.0,Diencephalonand hindbrain,HiFuse-D05,1,Midbrain,5,Diencephalonand hindbrain,Other
CATACTCCGCAGGTCC-1,4.0,11.0,Cartilage-4,HiFuse-D05,4,Subpallium-2,5,Diencephalonand hindbrain,Other
GCCATTCTTGAGTCTG-1,34.0,28.0,Mesenchyme,HiFuse-D05,6,Mesenchyme,5,Diencephalonand hindbrain,Other
CCGAGAATCGAACGCC-1,25.0,2.0,Cartilage-4,HiFuse-D05,14,Cartilage-3,8,Cartilage-4,Other
TGAGTCTGCGAACGCC-1,23.0,2.0,Cartilage-3,HiFuse-D05,14,Cartilage-3,8,Cartilage-4,Other
ATCATATTGAAGATCG-1,15.0,43.0,DPallm,HiFuse-D06,5,Basal plateof hindbrain,5,Diencephalonand hindbrain,D06
GGCTGAGCATCATATT-1,48.0,36.0,Diencephalonand hindbrain,HiFuse-D08,10,Diencephalonand hindbrain,5,Diencephalonand hindbrain,Other
TTATTCATCTTGCGCC-1,18.0,14.0,Subpallium-1,HiFuse-D12,3,Subpallium-1,5,Diencephalonand hindbrain,Other
CCAGTTCCGCTAACTT-1,45.0,48.0,Mesenchyme,HiFuse-D09,6,Mesenchyme,5,Diencephalonand hindbrain,Other
GATCTTACACCGCCAA-1,27.0,5.0,Cartilage-1,HiFuse-D05,14,Cartilage-3,5,Diencephalonand hindbrain,Other
CGAACGCCCTTGCGCC-1,49.0,14.0,Cartilage-4,HiFuse-D05,4,Subpallium-2,5,Diencephalonand hindbrain,Other
CTGATGGTGATCTTAC-1,26.0,24.0,Diencephalonand hindbrain,HiFuse-D08,7,Muscle,5,Diencephalonand hindbrain,Other
GCTAACTTCAACCGCT-1,3.0,8.0,Cartilage-3,HiFuse-D05,14,Cartilage-3,5,Diencephalonand hindbrain,Other
GAAGATCGCAACCGCT-1,8.0,8.0,Cartilage-4,HiFuse-D05,8,Cartilage-4,5,Diencephalonand hindbrain,Other
ACTTAACCAGAACGTC-1,44.0,13.0,Cartilage-2,HiFuse-D05,4,Subpallium-2,5,Diencephalonand hindbrain,Other
TAGATCTAGCAGGTCC-1,20.0,11.0,Diencephalonand hindbrain,HiFuse-D11,7,Muscle,5,Diencephalonand hindbrain,Other
ACTTAACCAACCTGCG-1,44.0,50.0,Mesenchyme,HiFuse-D05,8,Cartilage-4,5,Diencephalonand hindbrain,Other
ACTCAATAGATCTTAC-1,30.0,24.0,Mesenchyme,HiFuse-D09,1,Midbrain,5,Diencephalonand hindbrain,Other
TAGAGTAATCGGCCTT-1,41.0,12.0,Cartilage-4,HiFuse-D05,1,Midbrain,5,Diencephalonand hindbrain,Other
AATTAAGAACTATGCA-1,19.0,38.0,DPallv,HiFuse-D13,2,DPallv,2,Subpallium-2,Other
TAGATCTATCCTACCA-1,20.0,22.0,Diencephalonand hindbrain,HiFuse-D09,7,Muscle,5,Diencephalonand hindbrain,Other
GCTAACTTGCCGCAAC-1,3.0,27.0,Cartilage-3,HiFuse-D05,9,Cartilage-1,8,Cartilage-4,Other
GGCTGAGCTAGAATTA-1,48.0,16.0,Cartilage-4,HiFuse-D05,8,Cartilage-4,5,Diencephalonand hindbrain,Other
CCAGTTCCAGAGCTAT-1,45.0,19.0,Cartilage-2,HiFuse-D05,4,Subpallium-2,5,Diencephalonand hindbrain,Other
ACTCAATAGACCTTGA-1,30.0,9.0,Cartilage-4,HiFuse-D05,8,Cartilage-4,5,Diencephalonand hindbrain,Other
TAGAATTATGCCGGCA-1,35.0,34.0,Diencephalonand hindbrain,HiFuse-D08,10,Diencephalonand hindbrain,5,Diencephalonand hindbrain,Other
AGAGCTATTCCTACCA-1,32.0,22.0,Mesenchyme,HiFuse-D09,13,Cartilage-2,5,Diencephalonand hindbrain,Other
CTGATGGTGACCTTGA-1,26.0,9.0,Cartilage-4,HiFuse-D05,4,Subpallium-2,5,Diencephalonand hindbrain,Other
AAGAAGCTTAGAGTAA-1,7.0,10.0,Cartilage-4,HiFuse-D05,8,Cartilage-4,5,Diencephalonand hindbrain,Other
TCTGATACTTATCCGG-1,9.0,41.0,Mesenchyme,HiFuse-D11,10,Diencephalonand hindbrain,5,Diencephalonand hindbrain,Other
TCTGATACGATCTTAC-1,9.0,24.0,DPallv,HiFuse-D07,2,DPallv,5,Diencephalonand hindbrain,Other
CGACGCGATTATCCGG-1,12.0,41.0,Mesenchyme,HiFuse-D11,10,Diencephalonand hindbrain,5,Diencephalonand hindbrain,Other
CCGATTCCTAGAATTA-1,47.0,16.0,Cartilage-4,HiFuse-D05,4,Subpallium-2,8,Cartilage-4,Other
TCCGGCCTCCGATTCC-1,6.0,4.0,Cartilage-4,HiFuse-D05,14,Cartilage-3,8,Cartilage-4,Other
TCCGGCCTGCAGGTCC-1,6.0,11.0,Mesenchyme,HiFuse-D05,8,Cartilage-4,5,Diencephalonand hindbrain,Other
ATCATATTCCGATTCC-1,15.0,4.0,Cartilage-1,HiFuse-D05,8,Cartilage-4,5,Diencephalonand hindbrain,Other
CAACCGCTAACCTGCG-1,43.0,50.0,Mesenchyme,HiFuse-D05,8,Cartilage-4,5,Diencephalonand hindbrain,Other
TGCGGACCGGTATGCT-1,22.0,49.0,Cartilage-2,HiFuse-D09,4,Subpallium-2,5,Diencephalonand hindbrain,Other
GCTAACTTCCGATTCC-1,3.0,4.0,Cartilage-3,HiFuse-D05,14,Cartilage-3,5,Diencephalonand hindbrain,Other
CATACTCCCGAACGCC-1,4.0,2.0,Cartilage-3,HiFuse-D05,14,Cartilage-3,8,Cartilage-4,Other
GAAGATCGCCGATTCC-1,8.0,4.0,Cartilage-3,HiFuse-D05,14,Cartilage-3,8,Cartilage-4,Other
TGGTCAGCGGCTGAGC-1,14.0,3.0,Cartilage-4,HiFuse-D05,8,Cartilage-4,8,Cartilage-4,Other
TTGACTTCGGTACTGC-1,33.0,15.0,Mesenchyme,HiFuse-D05,8,Cartilage-4,5,Diencephalonand hindbrain,Other
TTGACTTCTCGGCCTT-1,33.0,12.0,Mesenchyme,HiFuse-D05,8,Cartilage-4,5,Diencephalonand hindbrain,Other
CTAAGAGATAGAATTA-1,31.0,16.0,Diencephalonand hindbrain,HiFuse-D09,7,Muscle,5,Diencephalonand hindbrain,Other
TTACCGAGACGGAGGC-1,16.0,30.0,DPallv,HiFuse-D13,2,DPallv,9,Midbrain,Other
CCAGTTCCGGTATGCT-1,45.0,49.0,Mesenchyme,HiFuse-D05,8,Cartilage-4,5,Diencephalonand hindbrain,Other
TAGATCTAAACCTGCG-1,20.0,50.0,Cartilage-2,HiFuse-D11,8,Cartilage-4,5,Diencephalonand hindbrain,Other
GCTAACTTGACCTTGA-1,3.0,9.0,Cartilage-3,HiFuse-D05,8,Cartilage-4,7,Muscle,Other
GCTAACTTATAAGGAG-1,3.0,1.0,Cartilage-4,HiFuse-D05,14,Cartilage-3,5,Diencephalonand hindbrain,Other
GACCTTGAGATCTTAC-1,42.0,24.0,Mesenchyme,HiFuse-D09,1,Midbrain,5,Diencephalonand hindbrain,Other
TGAGTCTGAGAACGTC-1,23.0,13.0,Diencephalonand hindbrain,HiFuse-D11,7,Muscle,5,Diencephalonand hindbrain,Other
GCCGCAACGCGTTGGA-1,24.0,23.0,Diencephalonand hindbrain,HiFuse-D05,7,Muscle,5,Diencephalonand hindbrain,Other
TTGACTTCGATCTTAC-1,33.0,24.0,Mesenchyme,HiFuse-D05,1,Midbrain,5,Diencephalonand hindbrain,Other
AACCTGCGCGAACGCC-1,1.0,2.0,Cartilage-3,HiFuse-D04,9,Cartilage-1,14,Cartilage-3,Other
TCCTACCATGAGTCTG-1,29.0,28.0,Diencephalonand hindbrain,HiFuse-D08,10,Diencephalonand hindbrain,5,Diencephalonand hindbrain,Other
CTGATGGTAGAGAAGG-1,26.0,46.0,Mesenchyme,HiFuse-D09,6,Mesenchyme,5,Diencephalonand hindbrain,Other
GCCGCAACTGAGTCTG-1,24.0,28.0,Diencephalonand hindbrain,HiFuse-D08,10,Diencephalonand hindbrain,5,Diencephalonand hindbrain,Other
ATCATATTTAGAGTAA-1,15.0,10.0,Diencephalonand hindbrain,HiFuse-D05,5,Basal plateof hindbrain,5,Diencephalonand hindbrain,Other
CAACCGCTCTTGCGCC-1,43.0,14.0,Cartilage-3,HiFuse-D04,9,Cartilage-1,14,Cartilage-3,Other
AGAGCTATACTCAATA-1,32.0,21.0,Mesenchyme,HiFuse-D09,1,Midbrain,5,Diencephalonand hindbrain,Other
GATCTTACGACCTTGA-1,27.0,9.0,Cartilage-4,HiFuse-D05,8,Cartilage-4,5,Diencephalonand hindbrain,Other
TAGATCTAGCGTTGGA-1,20.0,23.0,Mesenchyme,HiFuse-D05,6,Mesenchyme,5,Diencephalonand hindbrain,Other
ACCGCCAACTTGCGCC-1,46.0,14.0,Cartilage-4,HiFuse-D05,8,Cartilage-4,5,Diencephalonand hindbrain,Other
AGAACGTCTGCCGGCA-1,38.0,34.0,Diencephalonand hindbrain,HiFuse-D08,8,Cartilage-4,5,Diencephalonand hindbrain,Other
TAGATCTACCGATTCC-1,20.0,4.0,Cartilage-4,HiFuse-D05,8,Cartilage-4,8,Cartilage-4,Other
GCTAACTTGCAGGTCC-1,3.0,11.0,Cartilage-3,HiFuse-D05,9,Cartilage-1,5,Diencephalonand hindbrain,Other
AAGAAGCTACTTAACC-1,7.0,7.0,Cartilage-4,HiFuse-D05,8,Cartilage-4,5,Diencephalonand hindbrain,Other
CGAACGCCTCCGGCCT-1,49.0,45.0,Midbrain,HiFuse-D08,1,Midbrain,5,Diencephalonand hindbrain,Other
GACCTTGATCGGCCTT-1,42.0,12.0,Cartilage-4,HiFuse-D05,4,Subpallium-2,5,Diencephalonand hindbrain,Other
TCCTACCACAACCGCT-1,29.0,8.0,Cartilage-4,HiFuse-D05,8,Cartilage-4,5,Diencephalonand hindbrain,Other
GGCTGAGCTTACCGAG-1,48.0,35.0,Diencephalonand hindbrain,HiFuse-D08,10,Diencephalonand hindbrain,5,Diencephalonand hindbrain,Other
CAACCGCTTCCGGCCT-1,43.0,45.0,Cartilage-2,HiFuse-D05,8,Cartilage-4,5,Diencephalonand hindbrain,Other
GCCGCAACCGAACGCC-1,24.0,2.0,Muscle,HiFuse-D05,14,Cartilage-3,8,Cartilage-4,Other
TTGACTTCTCCGGCCT-1,33.0,45.0,Diencephalonand hindbrain,HiFuse-D08,10,Diencephalonand hindbrain,5,Diencephalonand hindbrain,Other
CTGATGGTCCGATTCC-1,26.0,4.0,Cartilage-4,HiFuse-D05,8,Cartilage-4,8,Cartilage-4,Other
CTGATGGTTAGAGTAA-1,26.0,10.0,Diencephalonand hindbrain,HiFuse-D05,7,Muscle,5,Diencephalonand hindbrain,Other
TGAGTCTGCCGATTCC-1,23.0,4.0,Cartilage-4,HiFuse-D05,8,Cartilage-4,5,Diencephalonand hindbrain,Other
GGCTGAGCTTGACTTC-1,48.0,18.0,Cartilage-4,HiFuse-D05,1,Midbrain,5,Diencephalonand hindbrain,Other
GCTAACTTTAGAGTAA-1,3.0,10.0,Cartilage-3,HiFuse-D05,14,Cartilage-3,5,Diencephalonand hindbrain,Other
TAGAATTACATACTCC-1,35.0,47.0,Diencephalonand hindbrain,HiFuse-D08,10,Diencephalonand hindbrain,5,Diencephalonand hindbrain,Other
CCAGTTCCAACCTGCG-1,45.0,50.0,Mesenchyme,HiFuse-D05,8,Cartilage-4,5,Diencephalonand hindbrain,Other
AGAGCTATAGAACGTC-1,32.0,13.0,Mesenchyme,HiFuse-D05,4,Subpallium-2,5,Diencephalonand hindbrain,Other
GGTACTGCACTTAACC-1,36.0,7.0,Cartilage-4,HiFuse-D05,8,Cartilage-4,8,Cartilage-4,Other
TTACCGAGCCGATTCC-1,16.0,4.0,Cartilage-3,HiFuse-D05,14,Cartilage-3,8,Cartilage-4,Other
ATCATATTACCGCCAA-1,15.0,5.0,Cartilage-3,HiFuse-D04,8,Cartilage-4,5,Diencephalonand hindbrain,Other
GCGTTGGAAGAGCTAT-1,28.0,19.0,Diencephalonand hindbrain,HiFuse-D08,10,Diencephalonand hindbrain,5,Diencephalonand hindbrain,Other
CATACTCCGGCTGAGC-1,4.0,3.0,Cartilage-4,HiFuse-D05,14,Cartilage-3,8,Cartilage-4,Other
CATACTCCAGAACGTC-1,4.0,13.0,Mesenchyme,HiFuse-D05,1,Midbrain,5,Diencephalonand hindbrain,Other
TGAGTCTGGGCTGAGC-1,23.0,3.0,Cartilage-4,HiFuse-D05,14,Cartilage-3,8,Cartilage-4,Other
AACCTGCGCCGATTCC-1,1.0,4.0,Cartilage-3,HiFuse-D04,8,Cartilage-4,14,Cartilage-3,Other
GCCATTCTTAGAATTA-1,34.0,16.0,Mesenchyme,HiFuse-D09,7,Muscle,5,Diencephalonand hindbrain,Other
CGACGCGAGAAGATCG-1,12.0,43.0,Cartilage-2,HiFuse-D11,9,Cartilage-1,5,Diencephalonand hindbrain,Other
GCTAACTTCGAACGCC-1,3.0,2.0,Cartilage-3,HiFuse-D05,14,Cartilage-3,8,Cartilage-4,Other
TAGATCTAATAAGGAG-1,20.0,1.0,Cartilage-3,HiFuse-D05,14,Cartilage-3,8,Cartilage-4,Other
TCCGGCCTATAAGGAG-1,6.0,1.0,Cartilage-3,HiFuse-D05,14,Cartilage-3,8,Cartilage-4,Other
GGCTGAGCAGAGCTAT-1,48.0,19.0,Cartilage-4,HiFuse-D05,8,Cartilage-4,5,Diencephalonand hindbrain,Other
TAGAGTAAAAGAAGCT-1,41.0,44.0,Diencephalonand hindbrain,HiFuse-D08,10,Diencephalonand hindbrain,5,Diencephalonand hindbrain,Other
TTGACTTCTTACCGAG-1,33.0,35.0,Diencephalonand hindbrain,HiFuse-D08,10,Diencephalonand hindbrain,5,Diencephalonand hindbrain,Other
ACGGAGGCCCGATTCC-1,21.0,4.0,Cartilage-4,HiFuse-D05,8,Cartilage-4,8,Cartilage-4,Other
ACGGAGGCGCGTTGGA-1,21.0,23.0,Diencephalonand hindbrain,HiFuse-D05,1,Midbrain,5,Diencephalonand hindbrain,Other
GCCGCAACGCTAACTT-1,24.0,48.0,Cartilage-2,HiFuse-D09,13,Cartilage-2,5,Diencephalonand hindbrain,Other
GCTAACTTTAGATCTA-1,3.0,31.0,Cartilage-2,HiFuse-D05,8,Cartilage-4,5,Diencephalonand hindbrain,Other
AGAGCTATGAAGATCG-1,32.0,43.0,Diencephalonand hindbrain,HiFuse-D08,10,Diencephalonand hindbrain,5,Diencephalonand hindbrain,Other
CCAGTTCCCTTGCGCC-1,45.0,14.0,Cartilage-2,HiFuse-D05,4,Subpallium-2,5,Diencephalonand hindbrain,Other
AGAACGTCACGGAGGC-1,38.0,30.0,Cartilage-2,HiFuse-D05,14,Cartilage-3,5,Diencephalonand hindbrain,Other
TGGTCAGCCAACCGCT-1,14.0,8.0,Cartilage-2,HiFuse-D05,8,Cartilage-4,5,Diencephalonand hindbrain,Other
TAGAATTAAAGAAGCT-1,35.0,44.0,Diencephalonand hindbrain,HiFuse-D08,10,Diencephalonand hindbrain,5,Diencephalonand hindbrain,Other
CAACCGCTGCTAACTT-1,43.0,48.0,Diencephalonand hindbrain,HiFuse-D09,6,Mesenchyme,5,Diencephalonand hindbrain,Other
AGAACGTCCTGATGGT-1,38.0,25.0,Mesenchyme,HiFuse-D09,6,Mesenchyme,5,Diencephalonand hindbrain,Other
TGCGGACCCGAACGCC-1,22.0,2.0,Cartilage-3,HiFuse-D05,14,Cartilage-3,8,Cartilage-4,Other
GGTATGCTCGAACGCC-1,2.0,2.0,Cartilage-4,HiFuse-D05,14,Cartilage-3,8,Cartilage-4,Other
CATACTCCATAAGGAG-1,4.0,1.0,Cartilage-3,HiFuse-D05,14,Cartilage-3,5,Diencephalonand hindbrain,Other
TTATCCGGCGACGCGA-1,10.0,39.0,Cartilage-2,HiFuse-D11,6,Mesenchyme,5,Diencephalonand hindbrain,Other
CCGATTCCGGTACTGC-1,47.0,15.0,Cartilage-4,HiFuse-D05,4,Subpallium-2,5,Diencephalonand hindbrain,Other
TCCGGCCTTTACCGAG-1,6.0,35.0,Cartilage-2,HiFuse-D11,13,Cartilage-2,5,Diencephalonand hindbrain,Other
AGAGAAGGATAAGGAG-1,5.0,1.0,Cartilage-3,HiFuse-D05,14,Cartilage-3,8,Cartilage-4,Other
GGTATGCTCCGAGAAT-1,2.0,26.0,Mesenchyme,HiFuse-D05,6,Mesenchyme,5,Diencephalonand hindbrain,Other
CAACCGCTGGTATGCT-1,43.0,49.0,Mesenchyme,HiFuse-D05,13,Cartilage-2,5,Diencephalonand hindbrain,Other
TAGATCTACGAACGCC-1,20.0,2.0,Cartilage-3,HiFuse-D05,14,Cartilage-3,8,Cartilage-4,Other
ACCGCCAAAGAACGTC-1,46.0,13.0,Cartilage-4,HiFuse-D05,8,Cartilage-4,5,Diencephalonand hindbrain,Other
CTGATGGTAGAACGTC-1,26.0,13.0,Diencephalonand hindbrain,HiFuse-D08,7,Muscle,5,Diencephalonand hindbrain,Other
CATACTCCACGGAGGC-1,4.0,30.0,Cartilage-2,HiFuse-D05,6,Mesenchyme,5,Diencephalonand hindbrain,Other
AGAGCTATCTGATGGT-1,32.0,25.0,Mesenchyme,HiFuse-D13,7,Muscle,5,Diencephalonand hindbrain,Other
AAGAAGCTATAAGGAG-1,7.0,1.0,Cartilage-3,HiFuse-D05,14,Cartilage-3,5,Diencephalonand hindbrain,Other
TCTGATACATAAGGAG-1,9.0,1.0,Cartilage-3,HiFuse-D05,14,Cartilage-3,8,Cartilage-4,Other
GATCTTACGCGTTGGA-1,27.0,23.0,Mesenchyme,HiFuse-D09,6,Mesenchyme,5,Diencephalonand hindbrain,Other
GCCATTCTCCGAGAAT-1,34.0,26.0,Mesenchyme,HiFuse-D09,6,Mesenchyme,5,Diencephalonand hindbrain,Other
TCCGGCCTCAACCGCT-1,6.0,8.0,Cartilage-4,HiFuse-D05,14,Cartilage-3,5,Diencephalonand hindbrain,Other
GGTATGCTGATCTTAC-1,2.0,24.0,Cartilage-4,HiFuse-D05,4,Subpallium-2,5,Diencephalonand hindbrain,Other
TAGAATTAACTTAACC-1,35.0,7.0,Cartilage-4,HiFuse-D05,4,Subpallium-2,8,Cartilage-4,Other
TTATCCGGACTTAACC-1,10.0,7.0,Cartilage-3,HiFuse-D05,8,Cartilage-4,8,Cartilage-4,Other
GATACGGAGGCTGAGC-1,11.0,3.0,Cartilage-3,HiFuse-D04,8,Cartilage-4,8,Cartilage-4,Other
TTATCCGGCCAGTTCC-1,10.0,6.0,Cartilage-3,HiFuse-D04,9,Cartilage-1,11,Cartilage-2,Other
GCCATTCTGCCGCAAC-1,34.0,27.0,Mesenchyme,HiFuse-D05,1,Midbrain,5,Diencephalonand hindbrain,Other
TGGTCAGCCCGATTCC-1,14.0,4.0,Cartilage-4,HiFuse-D05,8,Cartilage-4,8,Cartilage-4,Other
CCGAGAATCCGATTCC-1,25.0,4.0,Cartilage-4,HiFuse-D05,8,Cartilage-4,8,Cartilage-4,Other
GGTATGCTCCGATTCC-1,2.0,4.0,Cartilage-3,HiFuse-D05,8,Cartilage-4,8,Cartilage-4,Other
AACCTGCGATAAGGAG-1,1.0,1.0,Cartilage-3,HiFuse-D05,14,Cartilage-3,8,Cartilage-4,Other
GCTAACTTGGCTGAGC-1,3.0,3.0,Cartilage-4,HiFuse-D05,14,Cartilage-3,8,Cartilage-4,Other
CCAGTTCCGGTACTGC-1,45.0,15.0,Cartilage-2,HiFuse-D05,7,Muscle,8,Cartilage-4,Other
GGTATGCTATAAGGAG-1,2.0,1.0,Cartilage-3,HiFuse-D05,14,Cartilage-3,8,Cartilage-4,Other
AAGAAGCTCCAGTTCC-1,7.0,6.0,Cartilage-3,HiFuse-D05,9,Cartilage-1,7,Muscle,Other
CTGATGGTACCGCCAA-1,26.0,5.0,Cartilage-4,HiFuse-D05,8,Cartilage-4,8,Cartilage-4,Other
TAGATCTATGAGTCTG-1,20.0,28.0,Mesenchyme,HiFuse-D10,6,Mesenchyme,5,Diencephalonand hindbrain,Other
AGAGAAGGTTATTCAT-1,5.0,33.0,Mesenchyme,HiFuse-D13,2,DPallv,5,Diencephalonand hindbrain,Other
CGAACGCCGGTACTGC-1,49.0,15.0,Cartilage-4,HiFuse-D05,1,Midbrain,5,Diencephalonand hindbrain,Other
TGAGTCTGATAAGGAG-1,23.0,1.0,Mesenchyme,HiFuse-D05,14,Cartilage-3,8,Cartilage-4,Other
CATACTCCTGCGGACC-1,4.0,29.0,Mesenchyme,HiFuse-D05,9,Cartilage-1,8,Cartilage-4,Other
CCAGTTCCAGAACGTC-1,45.0,13.0,Cartilage-4,HiFuse-D05,4,Subpallium-2,5,Diencephalonand hindbrain,Other
ACTATGCACGAACGCC-1,13.0,2.0,Cartilage-3,HiFuse-D05,14,Cartilage-3,8,Cartilage-4,Other
TGCCGGCAATAAGGAG-1,17.0,1.0,Cartilage-3,HiFuse-D05,14,Cartilage-3,8,Cartilage-4,Other
GCCGCAACATAAGGAG-1,24.0,1.0,Muscle,HiFuse-D05,14,Cartilage-3,8,Cartilage-4,Other
TGCCGGCAGGCTGAGC-1,17.0,3.0,Cartilage-4,HiFuse-D05,14,Cartilage-3,8,Cartilage-4,Other
TGCCGGCACGAACGCC-1,17.0,2.0,Cartilage-3,HiFuse-D05,14,Cartilage-3,8,Cartilage-4,Other
GGTATGCTCTGATGGT-1,2.0,25.0,Cartilage-4,HiFuse-D05,4,Subpallium-2,5,Diencephalonand hindbrain,Other
ATCATATTCGAACGCC-1,15.0,2.0,Cartilage-3,HiFuse-D05,14,Cartilage-3,8,Cartilage-4,Other
AATTAAGAATAAGGAG-1,19.0,1.0,Cartilage-3,HiFuse-D05,14,Cartilage-3,8,Cartilage-4,Other
CCGATTCCTTGACTTC-1,47.0,18.0,Cartilage-4,HiFuse-D05,4,Subpallium-2,5,Diencephalonand hindbrain,Other
GGCTGAGCGCCATTCT-1,48.0,17.0,Cartilage-4,HiFuse-D05,8,Cartilage-4,5,Diencephalonand hindbrain,Other
TTATCCGGGGCTGAGC-1,10.0,3.0,Cartilage-3,HiFuse-D05,14,Cartilage-3,8,Cartilage-4,Other
AGAGAAGGCGAACGCC-1,5.0,2.0,Cartilage-3,HiFuse-D05,14,Cartilage-3,8,Cartilage-4,Other
AAGAAGCTGACCTTGA-1,7.0,9.0,Cartilage-4,HiFuse-D05,4,Subpallium-2,5,Diencephalonand hindbrain,Other
CCGAGAATGGCTGAGC-1,25.0,3.0,Cartilage-4,HiFuse-D05,14,Cartilage-3,8,Cartilage-4,Other
GCGTTGGACCGATTCC-1,28.0,4.0,Cartilage-4,HiFuse-D05,14,Cartilage-3,8,Cartilage-4,Other
AAGAAGCTCCGATTCC-1,7.0,4.0,Cartilage-3,HiFuse-D05,14,Cartilage-3,8,Cartilage-4,Other
GATACGGAATAAGGAG-1,11.0,1.0,Cartilage-3,HiFuse-D05,14,Cartilage-3,8,Cartilage-4,Other
TAGATCTAGGCTGAGC-1,20.0,3.0,Cartilage-4,HiFuse-D05,14,Cartilage-3,8,Cartilage-4,Other
GGTATGCTGGCTGAGC-1,2.0,3.0,Cartilage-4,HiFuse-D05,14,Cartilage-3,8,Cartilage-4,Other
TTACCGAGGGCTGAGC-1,16.0,3.0,Cartilage-4,HiFuse-D05,14,Cartilage-3,8,Cartilage-4,Other
GCCGCAACCCGATTCC-1,24.0,4.0,Cartilage-4,HiFuse-D05,14,Cartilage-3,8,Cartilage-4,Other
TCTGATACGGCTGAGC-1,9.0,3.0,Cartilage-3,HiFuse-D05,14,Cartilage-3,8,Cartilage-4,Other
GAAGATCGATAAGGAG-1,8.0,1.0,Cartilage-3,HiFuse-D05,14,Cartilage-3,8,Cartilage-4,Other
AATTAAGAGGCTGAGC-1,19.0,3.0,Cartilage-4,HiFuse-D05,14,Cartilage-3,8,Cartilage-4,Other
TTATTCATCGAACGCC-1,18.0,2.0,Cartilage-3,HiFuse-D05,14,Cartilage-3,8,Cartilage-4,Other
TGCGGACCGGCTGAGC-1,22.0,3.0,Cartilage-4,HiFuse-D05,14,Cartilage-3,8,Cartilage-4,Other
CTGATGGTCGAACGCC-1,26.0,2.0,Cartilage-4,HiFuse-D05,14,Cartilage-3,8,Cartilage-4,Other
TTATTCATGGCTGAGC-1,18.0,3.0,Cartilage-4,HiFuse-D05,14,Cartilage-3,8,Cartilage-4,Other
ACGGAGGCATAAGGAG-1,21.0,1.0,Cartilage-3,HiFuse-D05,14,Cartilage-3,8,Cartilage-4,Other
TCTGATACCGAACGCC-1,9.0,2.0,Cartilage-3,HiFuse-D05,14,Cartilage-3,8,Cartilage-4,Other
GCGTTGGAGGCTGAGC-1,28.0,3.0,Cartilage-4,HiFuse-D05,14,Cartilage-3,8,Cartilage-4,Other
AAGAAGCTCGAACGCC-1,7.0,2.0,Cartilage-3,HiFuse-D05,14,Cartilage-3,8,Cartilage-4,Other
ATCATATTATAAGGAG-1,15.0,1.0,Cartilage-3,HiFuse-D05,14,Cartilage-3,8,Cartilage-4,Other
GAAGATCGGGCTGAGC-1,8.0,3.0,Cartilage-3,HiFuse-D05,14,Cartilage-3,8,Cartilage-4,Other
CTGATGGTGGCTGAGC-1,26.0,3.0,Cartilage-4,HiFuse-D05,14,Cartilage-3,8,Cartilage-4,Other
GCCGCAACGGCTGAGC-1,24.0,3.0,Cartilage-4,HiFuse-D05,14,Cartilage-3,8,Cartilage-4,Other
ACTATGCAATAAGGAG-1,13.0,1.0,Cartilage-3,HiFuse-D05,14,Cartilage-3,8,Cartilage-4,Other
AGAGAAGGGGCTGAGC-1,5.0,3.0,Cartilage-4,HiFuse-D05,14,Cartilage-3,8,Cartilage-4,Other
AAGAAGCTGGCTGAGC-1,7.0,3.0,Cartilage-3,HiFuse-D05,14,Cartilage-3,8,Cartilage-4,Other
TTATCCGGATAAGGAG-1,10.0,1.0,Cartilage-3,HiFuse-D05,14,Cartilage-3,8,Cartilage-4,Other
CGACGCGAATAAGGAG-1,12.0,1.0,Cartilage-3,HiFuse-D05,14,Cartilage-3,8,Cartilage-4,Other
